elapsed_s;phase;point_index;target_dac;nivel_raw;median9_raw;positive_median_rate_raw_per_s;signed_stability_slope_raw_per_s;enable;dac;applied_enable;applied_dac;watchdog_healthy;watchdog_tripped
0.062;BASELINE;0;0;288.000;288.000;0.000;;False;0.000;False;0.000;True;False
0.203;BASELINE;0;0;278.000;283.000;0.000;;False;0.000;False;0.000;True;False
0.328;BASELINE;0;0;278.000;278.000;0.000;;False;0.000;False;0.000;True;False
0.453;BASELINE;0;0;288.000;283.000;0.000;;False;0.000;False;0.000;True;False
0.562;BASELINE;0;0;278.000;278.000;0.000;;False;0.000;False;0.000;True;False
0.703;BASELINE;0;0;267.000;278.000;0.000;;False;0.000;False;0.000;True;False
0.812;BASELINE;0;0;278.000;278.000;0.000;;False;0.000;False;0.000;True;False
0.953;BASELINE;0;0;278.000;278.000;0.000;;False;0.000;False;0.000;True;False
1.078;BASELINE;0;0;288.000;278.000;0.000;;False;0.000;False;0.000;True;False
1.203;BASELINE;0;0;288.000;278.000;0.000;;False;0.000;False;0.000;True;False
1.328;BASELINE;0;0;288.000;278.000;0.000;;False;0.000;False;0.000;True;False
1.437;BASELINE;0;0;288.000;288.000;2.580;;False;0.000;False;0.000;True;False
1.562;BASELINE;0;0;278.000;278.000;3.920;;False;0.000;False;0.000;True;False
1.672;BASELINE;0;0;278.000;278.000;2.699;;False;0.000;False;0.000;True;False
1.797;BASELINE;0;0;278.000;278.000;1.364;;False;0.000;False;0.000;True;False
1.937;BASELINE;0;0;257.000;278.000;0.000;;False;0.000;False;0.000;True;False
2.047;BASELINE;0;0;288.000;288.000;4.099;;False;0.000;False;0.000;True;False
2.156;BASELINE;0;0;267.000;278.000;1.384;;False;0.000;False;0.000;True;False
2.297;BASELINE;0;0;278.000;278.000;0.000;;False;0.000;False;0.000;True;False
2.422;BASELINE;0;0;278.000;278.000;0.000;;False;0.000;False;0.000;True;False
2.547;BASELINE;0;0;278.000;278.000;0.000;;False;0.000;False;0.000;True;False
2.672;BASELINE;0;0;278.000;278.000;0.000;;False;0.000;False;0.000;True;False
2.797;BASELINE;0;0;278.000;278.000;0.000;;False;0.000;False;0.000;True;False
2.937;BASELINE;0;0;288.000;278.000;0.000;;False;0.000;False;0.000;True;False
3.078;BASELINE;0;0;288.000;278.000;0.000;;False;0.000;False;0.000;True;False
3.203;BASELINE;0;0;278.000;278.000;0.000;;False;0.000;False;0.000;True;False
3.312;BASELINE;0;0;288.000;278.000;0.000;;False;0.000;False;0.000;True;False
3.437;BASELINE;0;0;288.000;278.000;0.000;;False;0.000;False;0.000;True;False
3.562;BASELINE;0;0;278.000;278.000;0.000;;False;0.000;False;0.000;True;False
3.687;BASELINE;0;0;278.000;278.000;0.000;;False;0.000;False;0.000;True;False
3.828;BASELINE;0;0;288.000;288.000;6.835;;False;0.000;False;0.000;True;False
3.968;BASELINE;0;0;288.000;288.000;11.595;;False;0.000;False;0.000;True;False
4.093;BASELINE;0;0;278.000;288.000;14.082;;False;0.000;False;0.000;True;False
4.218;BASELINE;0;0;288.000;288.000;14.686;;False;0.000;False;0.000;True;False
4.343;BASELINE;0;0;267.000;288.000;13.790;;False;0.000;False;0.000;True;False
4.515;BASELINE;0;0;288.000;288.000;10.673;;False;0.000;False;0.000;True;False
4.640;BASELINE;0;0;278.000;278.000;0.000;;False;0.000;False;0.000;True;False
4.765;BASELINE;0;0;288.000;288.000;0.000;;False;0.000;False;0.000;True;False
4.890;BASELINE;0;0;288.000;288.000;0.000;;False;0.000;False;0.000;True;False
5.015;BASELINE;0;0;278.000;288.000;0.000;;False;0.000;False;0.000;True;False
5.140;BASELINE;0;0;278.000;278.000;0.000;;False;0.000;False;0.000;True;False
5.265;BASELINE;0;0;278.000;278.000;0.000;;False;0.000;False;0.000;True;False
5.406;BASELINE;0;0;288.000;278.000;0.000;;False;0.000;False;0.000;True;False
5.531;BASELINE;0;0;278.000;278.000;0.000;;False;0.000;False;0.000;True;False
5.656;BASELINE;0;0;288.000;278.000;0.000;;False;0.000;False;0.000;True;False
5.781;BASELINE;0;0;278.000;278.000;0.000;;False;0.000;False;0.000;True;False
5.906;BASELINE;0;0;278.000;278.000;0.000;;False;0.000;False;0.000;True;False
6.031;BASELINE;0;0;288.000;278.000;0.000;;False;0.000;False;0.000;True;False
6.140;BASELINE;0;0;288.000;278.000;0.000;;False;0.000;False;0.000;True;False
6.281;BASELINE;0;0;288.000;288.000;6.798;;False;0.000;False;0.000;True;False
6.390;BASELINE;0;0;278.000;288.000;9.477;;False;0.000;False;0.000;True;False
6.500;BASELINE;0;0;288.000;288.000;12.327;;False;0.000;False;0.000;True;False
6.625;BASELINE;0;0;278.000;288.000;13.845;;False;0.000;False;0.000;True;False
6.750;BASELINE;0;0;288.000;288.000;13.923;;False;0.000;False;0.000;True;False
6.890;BASELINE;0;0;267.000;288.000;12.369;;False;0.000;False;0.000;True;False
7.031;BASELINE;0;0;278.000;288.000;9.347;;False;0.000;False;0.000;True;False
7.156;BASELINE;0;0;288.000;288.000;0.000;;False;0.000;False;0.000;True;False
7.281;BASELINE;0;0;278.000;278.000;0.000;;False;0.000;False;0.000;True;False
7.422;BASELINE;0;0;288.000;278.000;0.000;;False;0.000;False;0.000;True;False
7.562;BASELINE;0;0;278.000;278.000;0.000;;False;0.000;False;0.000;True;False
7.703;BASELINE;0;0;288.000;278.000;0.000;;False;0.000;False;0.000;True;False
7.843;BASELINE;0;0;267.000;278.000;0.000;;False;0.000;False;0.000;True;False
7.984;BASELINE;0;0;288.000;278.000;0.000;;False;0.000;False;0.000;True;False
8.125;BASELINE;0;0;288.000;288.000;0.147;;False;0.000;False;0.000;True;False
8.265;BASELINE;0;0;278.000;288.000;10.165;;False;0.000;False;0.000;True;False
8.390;BASELINE;0;0;278.000;278.000;6.954;;False;0.000;False;0.000;True;False
8.515;BASELINE;0;0;278.000;278.000;3.715;;False;0.000;False;0.000;True;False
8.640;BASELINE;0;0;278.000;278.000;0.313;;False;0.000;False;0.000;True;False
8.765;BASELINE;0;0;278.000;278.000;0.000;;False;0.000;False;0.000;True;False
8.906;BASELINE;0;0;288.000;278.000;0.000;;False;0.000;False;0.000;True;False
9.031;BASELINE;0;0;278.000;278.000;0.000;;False;0.000;False;0.000;True;False
9.156;BASELINE;0;0;278.000;278.000;0.000;;False;0.000;False;0.000;True;False
9.281;BASELINE;0;0;288.000;278.000;0.000;;False;0.000;False;0.000;True;False
9.406;BASELINE;0;0;288.000;278.000;0.000;;False;0.000;False;0.000;True;False
9.531;BASELINE;0;0;288.000;278.000;0.000;;False;0.000;False;0.000;True;False
9.672;BASELINE;0;0;278.000;278.000;0.000;;False;0.000;False;0.000;True;False
9.797;BASELINE;0;0;278.000;278.000;0.000;;False;0.000;False;0.000;True;False
9.922;BASELINE;0;0;278.000;278.000;0.000;;False;0.000;False;0.000;True;False
10.047;BASELINE;0;0;278.000;278.000;0.000;;False;0.000;False;0.000;True;False
10.172;BASELINE;0;0;278.000;278.000;0.000;;False;0.000;False;0.000;True;False
10.297;BASELINE;0;0;267.000;278.000;0.000;;False;0.000;False;0.000;True;False
10.422;BASELINE;0;0;278.000;278.000;0.000;;False;0.000;False;0.000;True;False
10.578;BASELINE;0;0;288.000;278.000;0.000;;False;0.000;False;0.000;True;False
10.703;BASELINE;0;0;267.000;278.000;0.000;;False;0.000;False;0.000;True;False
10.828;BASELINE;0;0;267.000;278.000;0.000;;False;0.000;False;0.000;True;False
10.953;BASELINE;0;0;267.000;278.000;0.000;;False;0.000;False;0.000;True;False
11.093;BASELINE;0;0;278.000;278.000;0.000;;False;0.000;False;0.000;True;False
11.218;BASELINE;0;0;278.000;278.000;0.000;;False;0.000;False;0.000;True;False
11.343;BASELINE;0;0;278.000;278.000;0.000;;False;0.000;False;0.000;True;False
11.468;BASELINE;0;0;278.000;278.000;0.000;;False;0.000;False;0.000;True;False
11.593;BASELINE;0;0;288.000;278.000;0.000;;False;0.000;False;0.000;True;False
11.718;BASELINE;0;0;288.000;278.000;0.000;;False;0.000;False;0.000;True;False
11.843;BASELINE;0;0;267.000;278.000;0.000;;False;0.000;False;0.000;True;False
11.984;BASELINE;0;0;278.000;278.000;0.000;;False;0.000;False;0.000;True;False
12.109;BASELINE;0;0;278.000;278.000;0.000;;False;0.000;False;0.000;True;False
12.234;BASELINE;0;0;278.000;278.000;0.000;;False;0.000;False;0.000;True;False
12.359;BASELINE;0;0;278.000;278.000;0.000;;False;0.000;False;0.000;True;False
12.484;BASELINE;0;0;278.000;278.000;0.000;;False;0.000;False;0.000;True;False
12.609;BASELINE;0;0;278.000;278.000;0.000;;False;0.000;False;0.000;True;False
12.750;BASELINE;0;0;278.000;278.000;0.000;;False;0.000;False;0.000;True;False
12.875;BASELINE;0;0;288.000;278.000;0.000;;False;0.000;False;0.000;True;False
13.000;BASELINE;0;0;278.000;278.000;0.000;;False;0.000;False;0.000;True;False
13.125;BASELINE;0;0;278.000;278.000;0.000;;False;0.000;False;0.000;True;False
13.250;BASELINE;0;0;288.000;278.000;0.000;;False;0.000;False;0.000;True;False
13.375;BASELINE;0;0;278.000;278.000;0.000;;False;0.000;False;0.000;True;False
13.515;BASELINE;0;0;278.000;278.000;0.000;;False;0.000;False;0.000;True;False
13.640;BASELINE;0;0;278.000;278.000;0.000;;False;0.000;False;0.000;True;False
13.765;BASELINE;0;0;267.000;278.000;0.000;;False;0.000;False;0.000;True;False
13.890;BASELINE;0;0;278.000;278.000;0.000;;False;0.000;False;0.000;True;False
14.031;BASELINE;0;0;278.000;278.000;0.000;;False;0.000;False;0.000;True;False
14.156;BASELINE;0;0;267.000;278.000;0.000;;False;0.000;False;0.000;True;False
14.281;BASELINE;0;0;278.000;278.000;0.000;;False;0.000;False;0.000;True;False
14.406;BASELINE;0;0;278.000;278.000;0.000;;False;0.000;False;0.000;True;False
14.547;BASELINE;0;0;278.000;278.000;0.000;;False;0.000;False;0.000;True;False
14.672;BASELINE;0;0;278.000;278.000;0.000;;False;0.000;False;0.000;True;False
14.812;BASELINE;0;0;278.000;278.000;0.000;;False;0.000;False;0.000;True;False
14.937;BASELINE;0;0;288.000;278.000;0.000;;False;0.000;False;0.000;True;False
15.047;BASELINE;0;0;278.000;278.000;0.000;;False;0.000;False;0.000;True;False
15.172;BASELINE;0;0;278.000;278.000;0.000;;False;0.000;False;0.000;True;False
15.297;BASELINE;0;0;267.000;278.000;0.000;;False;0.000;False;0.000;True;False
15.422;BASELINE;0;0;278.000;278.000;0.000;;False;0.000;False;0.000;True;False
15.547;BASELINE;0;0;288.000;278.000;0.000;;False;0.000;False;0.000;True;False
15.672;BASELINE;0;0;278.000;278.000;0.000;;False;0.000;False;0.000;True;False
15.812;BASELINE;0;0;278.000;278.000;0.000;;False;0.000;False;0.000;True;False
15.937;BASELINE;0;0;278.000;278.000;0.000;;False;0.000;False;0.000;True;False
16.047;BASELINE;0;0;278.000;278.000;0.000;;False;0.000;False;0.000;True;False
16.172;BASELINE;0;0;278.000;278.000;0.000;;False;0.000;False;0.000;True;False
16.297;BASELINE;0;0;278.000;278.000;0.000;;False;0.000;False;0.000;True;False
16.422;BASELINE;0;0;278.000;278.000;0.000;;False;0.000;False;0.000;True;False
16.562;BASELINE;0;0;278.000;278.000;0.000;;False;0.000;False;0.000;True;False
16.687;BASELINE;0;0;278.000;278.000;0.000;;False;0.000;False;0.000;True;False
16.812;BASELINE;0;0;278.000;278.000;0.000;;False;0.000;False;0.000;True;False
16.937;BASELINE;0;0;288.000;278.000;0.000;;False;0.000;False;0.000;True;False
17.047;BASELINE;0;0;278.000;278.000;0.000;;False;0.000;False;0.000;True;False
17.172;BASELINE;0;0;278.000;278.000;0.000;;False;0.000;False;0.000;True;False
17.312;BASELINE;0;0;267.000;278.000;0.000;;False;0.000;False;0.000;True;False
17.437;BASELINE;0;0;288.000;278.000;0.000;;False;0.000;False;0.000;True;False
17.562;BASELINE;0;0;278.000;278.000;0.000;;False;0.000;False;0.000;True;False
17.687;BASELINE;0;0;278.000;278.000;0.000;;False;0.000;False;0.000;True;False
17.812;BASELINE;0;0;288.000;278.000;0.000;;False;0.000;False;0.000;True;False
17.953;BASELINE;0;0;278.000;278.000;0.000;;False;0.000;False;0.000;True;False
18.078;BASELINE;0;0;278.000;278.000;0.000;;False;0.000;False;0.000;True;False
18.203;BASELINE;0;0;278.000;278.000;0.000;;False;0.000;False;0.000;True;False
18.328;BASELINE;0;0;278.000;278.000;0.000;;False;0.000;False;0.000;True;False
18.453;BASELINE;0;0;298.000;278.000;0.000;;False;0.000;False;0.000;True;False
18.578;BASELINE;0;0;288.000;278.000;0.000;;False;0.000;False;0.000;True;False
18.718;BASELINE;0;0;278.000;278.000;0.000;;False;0.000;False;0.000;True;False
18.843;BASELINE;0;0;278.000;278.000;0.000;;False;0.000;False;0.000;True;False
18.953;BASELINE;0;0;278.000;278.000;0.000;;False;0.000;False;0.000;True;False
19.109;BASELINE;0;0;278.000;278.000;0.000;;False;0.000;False;0.000;True;False
19.234;BASELINE;0;0;288.000;278.000;0.000;;False;0.000;False;0.000;True;False
19.375;BASELINE;0;0;298.000;278.000;0.000;;False;0.000;False;0.000;True;False
19.500;BASELINE;0;0;278.000;278.000;0.000;;False;0.000;False;0.000;True;False
19.625;BASELINE;0;0;267.000;278.000;0.000;;False;0.000;False;0.000;True;False
19.765;BASELINE;0;0;278.000;278.000;0.000;;False;0.000;False;0.000;True;False
19.890;BASELINE;0;0;278.000;278.000;0.000;;False;0.000;False;0.000;True;False
20.015;BASELINE;0;0;288.000;278.000;0.000;;False;0.000;False;0.000;True;False
34.640;ACTIVE;1;11600;288.000;278.000;0.000;;False;0.000;False;0.000;True;False
34.781;ACTIVE;1;11600;278.000;278.000;0.000;;True;150.000;True;150.000;True;False
34.906;ACTIVE;1;11600;288.000;278.000;0.000;;True;300.000;True;300.000;True;False
35.031;ACTIVE;1;11600;298.000;278.000;0.000;;True;450.000;True;450.000;True;False
35.187;ACTIVE;1;11600;318.000;288.000;15.366;;True;600.000;True;450.000;True;False
35.312;ACTIVE;1;11600;298.000;288.000;17.285;;True;750.000;True;750.000;True;False
35.437;ACTIVE;1;11600;318.000;288.000;16.256;;True;900.000;True;900.000;True;False
35.562;ACTIVE;1;11600;318.000;298.000;20.751;;True;1050.000;True;900.000;True;False
35.687;ACTIVE;1;11600;340.000;298.000;24.699;;True;1200.000;True;1050.000;True;False
35.812;ACTIVE;1;11600;318.000;318.000;37.600;;True;1350.000;True;1350.000;True;False
35.937;ACTIVE;1;11600;308.000;318.000;43.782;;True;1350.000;True;1350.000;True;False
36.062;ACTIVE;1;11600;308.000;318.000;42.857;;True;1500.000;True;1500.000;True;False
36.187;ACTIVE;1;11600;298.000;318.000;38.667;;True;1650.000;True;1650.000;True;False
36.328;ACTIVE;1;11600;298.000;308.000;27.965;;True;1800.000;True;1800.000;True;False
36.453;ACTIVE;1;11600;267.000;308.000;10.902;;True;1950.000;True;1950.000;True;False
36.578;ACTIVE;1;11600;247.000;308.000;0.000;;True;2100.000;True;1950.000;True;False
36.703;ACTIVE;1;11600;278.000;298.000;0.000;;True;2250.000;True;2250.000;True;False
36.828;ACTIVE;1;11600;278.000;298.000;0.000;;True;2400.000;True;2250.000;True;False
36.953;ACTIVE;1;11600;257.000;278.000;0.000;;True;2550.000;True;2400.000;True;False
37.078;ACTIVE;1;11600;257.000;278.000;0.000;;True;2700.000;True;2550.000;True;False
37.203;ACTIVE;1;11600;288.000;278.000;0.000;;True;2850.000;True;2700.000;True;False
37.343;ACTIVE;1;11600;267.000;267.000;0.000;;True;2850.000;True;2850.000;True;False
37.468;ACTIVE;1;11600;298.000;267.000;0.000;;True;3000.000;True;3000.000;True;False
37.593;ACTIVE;1;11600;360.000;278.000;0.000;;True;3150.000;True;3150.000;True;False
37.734;ACTIVE;1;11600;308.000;278.000;0.000;;True;3300.000;True;3300.000;True;False
37.859;ACTIVE;1;11600;298.000;288.000;6.364;;True;3450.000;True;3450.000;True;False
38.000;ACTIVE;1;11600;308.000;298.000;21.241;;True;3600.000;True;3600.000;True;False
38.125;ACTIVE;1;11600;278.000;298.000;32.353;;True;3750.000;True;3750.000;True;False
38.250;ACTIVE;1;11600;350.000;298.000;40.314;;True;3900.000;True;3750.000;True;False
38.375;ACTIVE;1;11600;340.000;308.000;41.788;;True;4050.000;True;3900.000;True;False
38.500;ACTIVE;1;11600;288.000;308.000;36.013;;True;4200.000;True;4200.000;True;False
38.625;ACTIVE;1;11600;318.000;308.000;31.926;;True;4200.000;True;4200.000;True;False
38.765;ACTIVE;1;11600;318.000;308.000;21.479;;True;4350.000;True;4350.000;True;False
38.890;ACTIVE;1;11600;308.000;308.000;13.971;;True;4500.000;True;4500.000;True;False
39.015;ACTIVE;1;11600;328.000;318.000;17.642;;True;4650.000;True;4650.000;True;False
39.140;ACTIVE;1;11600;217.000;318.000;17.621;;True;4800.000;True;4800.000;True;False
39.281;ACTIVE;1;11600;471.000;318.000;13.793;;True;4950.000;True;4800.000;True;False
39.406;ACTIVE;1;11600;318.000;318.000;14.651;;True;5100.000;True;5100.000;True;False
39.531;ACTIVE;1;11600;308.000;318.000;13.779;;True;5250.000;True;5100.000;True;False
39.640;ACTIVE;1;11600;400.000;318.000;11.293;;True;5400.000;True;5250.000;True;False
39.765;ACTIVE;1;11600;360.000;318.000;9.323;;True;5400.000;True;5400.000;True;False
39.906;ACTIVE;1;11600;441.000;328.000;6.702;;True;5550.000;True;5550.000;True;False
40.031;ACTIVE;1;11600;308.000;328.000;11.498;;True;5700.000;True;5700.000;True;False
40.172;ACTIVE;1;11600;308.000;318.000;7.511;;True;5850.000;True;5850.000;True;False
40.297;ACTIVE;1;11600;308.000;318.000;3.627;;True;6000.000;True;6000.000;True;False
40.422;ACTIVE;1;11600;390.000;318.000;0.000;;True;6150.000;True;6150.000;True;False
40.547;ACTIVE;1;11600;390.000;360.000;22.839;;True;6300.000;True;6150.000;True;False
40.656;ACTIVE;1;11600;441.000;390.000;57.466;;True;6450.000;True;6300.000;True;False
40.797;ACTIVE;1;11600;298.000;360.000;60.880;;True;6450.000;True;6600.000;True;False
40.922;ACTIVE;1;11600;318.000;318.000;36.452;;True;6600.000;True;6600.000;True;False
41.047;ACTIVE;1;11600;441.000;318.000;13.614;;True;6750.000;True;6750.000;True;False
41.187;ACTIVE;1;11600;421.000;390.000;32.308;;True;6900.000;True;6900.000;True;False
41.312;ACTIVE;1;11600;390.000;390.000;36.813;;True;7050.000;True;7050.000;True;False
41.437;ACTIVE;1;11600;288.000;390.000;28.034;;True;7200.000;True;7200.000;True;False
41.578;ACTIVE;1;11600;308.000;390.000;40.073;;True;7350.000;True;7200.000;True;False
41.703;ACTIVE;1;11600;451.000;390.000;72.515;;True;7500.000;True;7500.000;True;False
41.828;ACTIVE;1;11600;431.000;390.000;79.563;;True;7650.000;True;7500.000;True;False
41.953;ACTIVE;1;11600;298.000;390.000;47.017;;True;7800.000;True;7650.000;True;False
42.093;ACTIVE;1;11600;400.000;400.000;6.521;;True;7800.000;True;7800.000;True;False
42.218;ACTIVE;1;11600;298.000;390.000;4.657;;True;7950.000;True;7950.000;True;False
42.343;ACTIVE;1;11600;451.000;390.000;2.844;;True;8100.000;True;8100.000;True;False
42.484;ACTIVE;1;11600;431.000;400.000;7.516;;True;8250.000;True;8100.000;True;False
42.609;ACTIVE;1;11600;267.000;400.000;10.209;;True;8400.000;True;8400.000;True;False
42.734;ACTIVE;1;11600;421.000;421.000;24.462;;True;8550.000;True;8550.000;True;False
42.859;ACTIVE;1;11600;308.000;400.000;19.903;;True;8700.000;True;8550.000;True;False
43.000;ACTIVE;1;11600;318.000;318.000;0.000;;True;8850.000;True;8850.000;True;False
43.109;ACTIVE;1;11600;247.000;318.000;0.000;;True;8850.000;True;8850.000;True;False
43.250;ACTIVE;1;11600;247.000;308.000;0.000;;True;9000.000;True;9000.000;True;False
43.375;ACTIVE;1;11600;247.000;308.000;0.000;;True;9150.000;True;9150.000;True;False
43.500;ACTIVE;1;11600;308.000;308.000;0.000;;True;9300.000;True;9300.000;True;False
43.625;ACTIVE;1;11600;308.000;308.000;0.000;;True;9450.000;True;9450.000;True;False
43.734;ACTIVE;1;11600;278.000;308.000;0.000;;True;9600.000;True;9450.000;True;False
43.875;ACTIVE;1;11600;257.000;278.000;0.000;;True;9750.000;True;9600.000;True;False
44.000;ACTIVE;1;11600;288.000;278.000;0.000;;True;9750.000;True;9750.000;True;False
44.125;ACTIVE;1;11600;267.000;267.000;0.000;;True;9900.000;True;9900.000;True;False
44.265;ACTIVE;1;11600;247.000;267.000;0.000;;True;10050.000;True;10050.000;True;False
44.390;ACTIVE;1;11600;237.000;267.000;0.000;;True;10200.000;True;10200.000;True;False
44.515;ACTIVE;1;11600;328.000;278.000;0.000;;True;10350.000;True;10350.000;True;False
44.656;ACTIVE;1;11600;350.000;278.000;0.000;;True;10500.000;True;10500.000;True;False
44.781;ACTIVE;1;11600;328.000;278.000;3.064;;True;10650.000;True;10500.000;True;False
44.890;ACTIVE;1;11600;267.000;267.000;2.229;;True;10800.000;True;10800.000;True;False
45.015;ACTIVE;1;11600;196.000;267.000;3.457;;True;10950.000;True;10950.000;True;False
45.140;ACTIVE;1;11600;207.000;267.000;0.000;;True;11100.000;True;10950.000;True;False
45.265;ACTIVE;1;11600;257.000;257.000;0.000;;True;11250.000;True;11100.000;True;False
45.406;ACTIVE;1;11600;217.000;257.000;0.000;;True;11250.000;True;11250.000;True;False
45.531;ACTIVE;1;11600;298.000;267.000;0.000;;True;11400.000;True;11400.000;True;False
45.656;ACTIVE;1;11600;257.000;257.000;0.000;;True;11550.000;True;11550.000;True;False
45.781;ACTIVE;1;11600;247.000;257.000;0.000;;True;11600.000;True;11600.000;True;False
45.922;ACTIVE;1;11600;247.000;247.000;0.000;;True;11600.000;True;11600.000;True;False
46.047;ACTIVE;1;11600;247.000;247.000;0.000;;True;11600.000;True;11600.000;True;False
46.172;ACTIVE;1;11600;318.000;247.000;0.000;;True;11600.000;True;11600.000;True;False
46.297;ACTIVE;1;11600;318.000;257.000;0.000;;True;11600.000;True;11600.000;True;False
46.422;ACTIVE;1;11600;308.000;257.000;0.000;;True;11600.000;True;11600.000;True;False
46.547;ACTIVE;1;11600;247.000;257.000;2.578;;True;11600.000;True;11600.000;True;False
46.687;ACTIVE;1;11600;237.000;247.000;1.601;;True;11600.000;True;11600.000;True;False
46.812;ACTIVE;1;11600;298.000;247.000;2.595;;True;11600.000;True;11600.000;True;False
46.922;ACTIVE;1;11600;257.000;257.000;5.087;;True;11600.000;True;11600.000;True;False
47.047;ACTIVE;1;11600;308.000;298.000;26.548;;True;11600.000;True;11600.000;True;False
47.172;ACTIVE;1;11600;340.000;308.000;46.855;;True;11600.000;True;11600.000;True;False
47.297;ACTIVE;1;11600;257.000;298.000;54.007;;True;11600.000;True;11600.000;True;False
47.437;ACTIVE;1;11600;186.000;257.000;44.291;;True;11600.000;True;11600.000;True;False
47.562;ACTIVE;1;11600;196.000;257.000;22.331;;True;11600.000;True;11600.000;True;False
47.687;ACTIVE;1;11600;227.000;257.000;7.941;;True;11600.000;True;11600.000;True;False
47.812;ACTIVE;1;11600;237.000;257.000;0.000;;True;11600.000;True;11600.000;True;False
47.953;ACTIVE;1;11600;298.000;257.000;0.000;;True;11600.000;True;11600.000;True;False
48.078;ACTIVE;1;11600;267.000;257.000;0.000;;True;11600.000;True;11600.000;True;False
48.218;ACTIVE;1;11600;156.000;237.000;0.000;;True;11600.000;True;11600.000;True;False
48.343;ACTIVE;1;11600;237.000;237.000;0.000;;True;11600.000;True;11600.000;True;False
48.468;ACTIVE;1;11600;227.000;227.000;0.000;;True;11600.000;True;11600.000;True;False
48.593;ACTIVE;1;11600;267.000;237.000;0.000;;True;11600.000;True;11600.000;True;False
48.718;ACTIVE;1;11600;308.000;237.000;0.000;;True;11600.000;True;11600.000;True;False
48.843;ACTIVE;1;11600;196.000;237.000;0.000;;True;11600.000;True;11600.000;True;False
48.968;ACTIVE;1;11600;186.000;237.000;0.000;;True;11600.000;True;11600.000;True;False
49.093;ACTIVE;1;11600;288.000;237.000;2.857;;True;11600.000;True;11600.000;True;False
49.218;ACTIVE;1;11600;196.000;227.000;0.000;;True;11600.000;True;11600.000;True;False
49.343;ACTIVE;1;11600;196.000;227.000;0.000;;True;11600.000;True;11600.000;True;False
49.468;ACTIVE;1;11600;207.000;207.000;0.000;;True;11600.000;True;11600.000;True;False
49.609;ACTIVE;1;11600;237.000;207.000;0.000;;True;11600.000;True;11600.000;True;False
49.750;ACTIVE;1;11600;340.000;207.000;0.000;;True;11600.000;True;11600.000;True;False
49.875;ACTIVE;1;11600;166.000;196.000;0.000;;True;11600.000;True;11600.000;True;False
50.000;ACTIVE;1;11600;176.000;196.000;0.000;;True;11600.000;True;11600.000;True;False
50.140;ACTIVE;1;11600;207.000;207.000;0.000;;True;11600.000;True;11600.000;True;False
50.281;ACTIVE;1;11600;217.000;207.000;0.000;;True;11600.000;True;11600.000;True;False
50.406;ACTIVE;1;11600;227.000;207.000;0.106;;True;11600.000;True;11600.000;True;False
50.531;ACTIVE;1;11600;176.000;207.000;4.099;;True;11600.000;True;11600.000;True;False
50.656;ACTIVE;1;11600;186.000;207.000;8.192;;True;11600.000;True;11600.000;True;False
50.797;ACTIVE;1;11600;196.000;196.000;5.089;;True;11600.000;True;11600.000;True;False
50.922;ACTIVE;1;11600;136.000;186.000;0.000;;True;11600.000;True;11600.000;True;False
51.047;ACTIVE;1;11600;156.000;186.000;0.000;;True;11600.000;True;11600.000;True;False
51.187;ACTIVE;1;11600;318.000;196.000;0.000;;True;11600.000;True;11600.000;True;False
51.312;ACTIVE;1;11600;176.000;186.000;0.000;;True;11600.000;True;11600.000;True;False
51.437;ACTIVE;1;11600;176.000;176.000;0.000;;True;11600.000;True;11600.000;True;False
51.562;ACTIVE;1;11600;125.000;176.000;0.000;;True;11600.000;True;11600.000;True;False
51.703;ACTIVE;1;11600;115.000;176.000;0.000;;True;11600.000;True;11600.000;True;False
51.828;ACTIVE;1;11600;298.000;176.000;0.000;;True;11600.000;True;11600.000;True;False
51.953;ACTIVE;1;11600;298.000;176.000;0.000;;True;11600.000;True;11600.000;True;False
52.078;ACTIVE;1;11600;237.000;176.000;0.000;;True;11600.000;True;11600.000;True;False
52.203;ACTIVE;1;11600;166.000;176.000;0.000;;True;11600.000;True;11600.000;True;False
52.343;ACTIVE;1;11600;115.000;176.000;0.000;;True;11600.000;True;11600.000;True;False
52.468;ACTIVE;1;11600;95.000;166.000;0.000;;True;11600.000;True;11600.000;True;False
52.593;ACTIVE;1;11600;298.000;166.000;0.000;;True;11600.000;True;11600.000;True;False
52.718;ACTIVE;1;11600;267.000;237.000;32.030;;True;11600.000;True;11600.000;True;False
52.843;ACTIVE;1;11600;227.000;237.000;63.995;;True;11600.000;True;11600.000;True;False
52.968;ACTIVE;1;11600;267.000;237.000;85.112;;True;11600.000;True;11600.000;True;False
53.109;ACTIVE;1;11600;196.000;227.000;87.612;;True;11600.000;True;11600.000;True;False
53.234;ACTIVE;1;11600;298.000;227.000;81.188;;True;11600.000;True;11600.000;True;False
53.359;ACTIVE;1;11600;308.000;267.000;90.759;;True;11600.000;True;11600.000;True;False
53.484;ACTIVE;1;11600;318.000;267.000;75.426;;True;11600.000;True;11600.000;True;False
53.625;ACTIVE;1;11600;288.000;288.000;54.899;;True;11600.000;True;11600.000;True;False
53.750;ACTIVE;1;11600;247.000;267.000;57.224;;True;11600.000;True;11600.000;True;False
53.875;ACTIVE;1;11600;247.000;267.000;54.531;;True;11600.000;True;11600.000;True;False
53.984;ACTIVE;1;11600;278.000;278.000;54.465;;True;11600.000;True;11600.000;True;False
54.109;ACTIVE;1;11600;298.000;288.000;52.741;;True;11600.000;True;11600.000;True;False
54.250;ACTIVE;1;11600;298.000;298.000;27.694;;True;11600.000;True;11600.000;True;False
54.390;ACTIVE;1;11600;257.000;288.000;25.396;;True;11600.000;True;11600.000;True;False
54.515;ACTIVE;1;11600;267.000;278.000;12.685;;True;11600.000;True;11600.000;True;False
54.640;ACTIVE;1;11600;298.000;278.000;15.444;;True;11600.000;True;11600.000;True;False
54.765;ACTIVE;1;11600;288.000;278.000;3.128;;True;11600.000;True;11600.000;True;False
54.890;ACTIVE;1;11600;298.000;288.000;0.000;;True;11600.000;True;11600.000;True;False
55.015;ACTIVE;1;11600;247.000;288.000;0.000;;True;11600.000;True;11600.000;True;False
55.140;ACTIVE;1;11600;267.000;288.000;0.000;;True;11600.000;True;11600.000;True;False
55.281;ACTIVE;1;11600;267.000;267.000;0.000;;True;11600.000;True;11600.000;True;False
55.406;ACTIVE;1;11600;318.000;267.000;0.000;;True;11600.000;True;11600.000;True;False
55.531;ACTIVE;1;11600;308.000;288.000;0.000;;True;11600.000;True;11600.000;True;False
55.656;ACTIVE;1;11600;278.000;288.000;0.000;;True;11600.000;True;11600.000;True;False
55.797;ACTIVE;1;11600;257.000;278.000;0.000;;True;11600.000;True;11600.000;True;False
55.922;ACTIVE;1;11600;318.000;278.000;0.000;;True;11600.000;True;11600.000;True;False
56.047;ACTIVE;1;11600;308.000;278.000;1.331;;True;11600.000;True;11600.000;True;False
56.172;ACTIVE;1;11600;298.000;298.000;21.308;;True;11600.000;True;11600.000;True;False
56.297;ACTIVE;1;11600;298.000;298.000;21.788;;True;11600.000;True;11600.000;True;False
56.422;ACTIVE;1;11600;257.000;298.000;16.529;;True;11600.000;True;11600.000;True;False
56.578;ACTIVE;1;11600;267.000;298.000;22.784;;True;11600.000;True;11600.000;True;False
56.703;ACTIVE;1;11600;308.000;298.000;27.287;;True;11600.000;True;11600.000;True;False
56.828;ACTIVE;1;11600;278.000;298.000;21.594;;True;11600.000;True;11600.000;True;False
56.953;ACTIVE;1;11600;308.000;298.000;12.580;;True;11600.000;True;11600.000;True;False
57.093;ACTIVE;1;11600;227.000;298.000;0.000;;True;11600.000;True;11600.000;True;False
57.203;ACTIVE;1;11600;278.000;278.000;0.000;;True;11600.000;True;11600.000;True;False
57.343;ACTIVE;1;11600;298.000;278.000;0.000;;True;11600.000;True;11600.000;True;False
57.468;ACTIVE;1;11600;288.000;278.000;0.000;;True;11600.000;True;11600.000;True;False
57.593;ACTIVE;1;11600;278.000;278.000;0.000;;True;11600.000;True;11600.000;True;False
57.703;ACTIVE;1;11600;298.000;288.000;0.000;;True;11600.000;True;11600.000;True;False
57.828;ACTIVE;1;11600;257.000;278.000;0.000;;True;11600.000;True;11600.000;True;False
57.953;ACTIVE;1;11600;308.000;288.000;0.000;;True;11600.000;True;11600.000;True;False
58.093;ACTIVE;1;11600;308.000;288.000;0.036;;True;11600.000;True;11600.000;True;False
58.218;ACTIVE;1;11600;278.000;288.000;13.325;;True;11600.000;True;11600.000;True;False
58.343;ACTIVE;1;11600;267.000;288.000;11.941;;True;11600.000;True;11600.000;True;False
58.468;ACTIVE;1;11600;431.000;288.000;10.535;;True;11600.000;True;11600.000;True;False
58.609;ACTIVE;1;11600;411.000;298.000;11.170;;True;11600.000;True;11600.000;True;False
58.734;ACTIVE;1;11600;308.000;308.000;23.980;;True;11600.000;True;11600.000;True;False
58.859;ACTIVE;1;11600;298.000;308.000;24.947;;True;11600.000;True;11600.000;True;False
58.968;ACTIVE;1;11600;298.000;308.000;29.278;;True;11600.000;True;11600.000;True;False
59.093;ACTIVE;1;11600;278.000;298.000;21.445;;True;11600.000;True;11600.000;True;False
59.218;ACTIVE;1;11600;400.000;298.000;16.332;;True;11600.000;True;11600.000;True;False
59.343;ACTIVE;1;11600;298.000;298.000;9.737;;True;11600.000;True;11600.000;True;False
59.484;ACTIVE;1;11600;308.000;308.000;0.000;;True;11600.000;True;11600.000;True;False
59.609;ACTIVE;1;11600;370.000;308.000;1.554;;True;11600.000;True;11600.000;True;False
59.734;ACTIVE;1;11600;288.000;298.000;0.000;;True;11600.000;True;11600.000;True;False
59.859;ACTIVE;1;11600;400.000;298.000;0.000;;True;11600.000;True;11600.000;True;False
59.968;ACTIVE;1;11600;400.000;308.000;1.336;;True;11600.000;True;11600.000;True;False
60.109;ACTIVE;1;11600;308.000;308.000;7.574;;True;11600.000;True;11600.000;True;False
60.234;ACTIVE;1;11600;390.000;370.000;47.828;;True;11600.000;True;11600.000;True;False
60.359;ACTIVE;1;11600;380.000;370.000;75.187;;True;11600.000;True;11600.000;True;False
60.484;ACTIVE;1;11600;340.000;370.000;78.696;;True;11600.000;True;11600.000;True;False
60.625;ACTIVE;1;11600;390.000;380.000;110.862;;True;11600.000;True;11600.000;True;False
60.750;ACTIVE;1;11600;318.000;380.000;103.713;;True;11600.000;True;11600.000;True;False
60.875;ACTIVE;1;11600;318.000;380.000;82.327;;True;11600.000;True;11600.000;True;False
60.984;ACTIVE;1;11600;411.000;380.000;55.929;;True;11600.000;True;11600.000;True;False
61.093;ACTIVE;1;11600;411.000;380.000;46.942;;True;11600.000;True;11600.000;True;False
61.218;ACTIVE;1;11600;308.000;380.000;12.411;;True;11600.000;True;11600.000;True;False
61.343;ACTIVE;1;11600;360.000;360.000;0.000;;True;11600.000;True;11600.000;True;False
61.484;ACTIVE;1;11600;328.000;340.000;0.000;;True;11600.000;True;11600.000;True;False
61.609;ACTIVE;1;11600;431.000;360.000;0.000;;True;11600.000;True;11600.000;True;False
61.718;ACTIVE;1;11600;411.000;360.000;0.000;;True;11600.000;True;11600.000;True;False
61.843;ACTIVE;1;11600;298.000;360.000;0.000;;True;11600.000;True;11600.000;True;False
61.968;ACTIVE;1;11600;340.000;360.000;0.000;;True;11600.000;True;11600.000;True;False
62.109;ACTIVE;1;11600;400.000;360.000;0.000;;True;11600.000;True;11600.000;True;False
62.234;ACTIVE;1;11600;411.000;360.000;9.161;;True;11600.000;True;11600.000;True;False
62.359;ACTIVE;1;11600;328.000;360.000;13.022;;True;11600.000;True;11600.000;True;False
62.484;ACTIVE;1;11600;308.000;340.000;0.000;;True;11600.000;True;11600.000;True;False
62.609;ACTIVE;1;11600;318.000;340.000;0.000;;True;11600.000;True;11600.000;True;False
62.718;ACTIVE;1;11600;370.000;340.000;0.000;;True;11600.000;True;11600.000;True;False
62.843;ACTIVE;1;11600;328.000;328.000;0.000;;True;11600.000;True;11600.000;True;False
62.984;ACTIVE;1;11600;390.000;340.000;0.000;;True;11600.000;True;11600.000;True;False
63.109;ACTIVE;1;11600;328.000;328.000;0.000;;True;11600.000;True;11600.000;True;False
63.234;ACTIVE;1;11600;318.000;328.000;0.000;;True;11600.000;True;11600.000;True;False
63.359;ACTIVE;1;11600;328.000;328.000;0.000;;True;11600.000;True;11600.000;True;False
63.484;ACTIVE;1;11600;318.000;328.000;0.000;;True;11600.000;True;11600.000;True;False
63.625;ACTIVE;1;11600;380.000;328.000;0.000;;True;11600.000;True;11600.000;True;False
63.734;ACTIVE;1;11600;318.000;328.000;0.000;;True;11600.000;True;11600.000;True;False
63.859;ACTIVE;1;11600;318.000;328.000;0.000;;True;11600.000;True;11600.000;True;False
63.984;ACTIVE;1;11600;298.000;318.000;0.000;;True;11600.000;True;11600.000;True;False
64.109;ACTIVE;1;11600;308.000;318.000;0.000;;True;11600.000;True;11600.000;True;False
64.250;ACTIVE;1;11600;370.000;318.000;0.000;;True;11600.000;True;11600.000;True;False
64.375;ACTIVE;1;11600;318.000;318.000;0.000;;True;11600.000;True;11600.000;True;False
64.500;ACTIVE;1;11600;318.000;318.000;0.000;;True;11600.000;True;11600.000;True;False
64.609;ACTIVE;1;11600;318.000;318.000;0.000;;True;11600.000;True;11600.000;True;False
64.734;ACTIVE;1;11600;350.000;318.000;0.000;;True;11600.000;True;11600.000;True;False
64.859;ACTIVE;1;11600;340.000;318.000;0.000;;True;11600.000;True;11600.000;True;False
65.000;ACTIVE;1;11600;318.000;318.000;0.000;;True;11600.000;True;11600.000;True;False
65.125;ACTIVE;1;11600;318.000;318.000;0.000;;True;11600.000;True;11600.000;True;False
65.250;ACTIVE;1;11600;328.000;318.000;0.000;;True;11600.000;True;11600.000;True;False
65.375;ACTIVE;1;11600;308.000;318.000;0.000;;True;11600.000;True;11600.000;True;False
65.500;ACTIVE;1;11600;350.000;318.000;0.000;;True;11600.000;True;11600.000;True;False
65.625;ACTIVE;1;11600;328.000;328.000;6.487;;True;11600.000;True;11600.000;True;False
65.765;ACTIVE;1;11600;340.000;328.000;11.190;;True;11600.000;True;11600.000;True;False
65.890;ACTIVE;1;11600;288.000;328.000;14.081;;True;11600.000;True;11600.000;True;False
66.015;ACTIVE;1;11600;328.000;328.000;14.931;;True;11600.000;True;11600.000;True;False
66.140;ACTIVE;1;11600;370.000;328.000;13.980;;True;11600.000;True;11600.000;True;False
66.265;ACTIVE;1;11600;328.000;328.000;11.226;;True;11600.000;True;11600.000;True;False
66.422;ACTIVE;1;11600;288.000;328.000;6.393;;True;11600.000;True;11600.000;True;False
66.547;ACTIVE;1;11600;318.000;328.000;0.000;;True;11600.000;True;11600.000;True;False
66.672;ACTIVE;1;11600;308.000;328.000;0.000;;True;11600.000;True;11600.000;True;False
66.797;ACTIVE;1;11600;370.000;328.000;0.000;;True;11600.000;True;11600.000;True;False
66.922;ACTIVE;1;11600;328.000;328.000;0.000;;True;11600.000;True;11600.000;True;False
67.062;ACTIVE;1;11600;328.000;328.000;0.000;;True;11600.000;True;11600.000;True;False
67.187;ACTIVE;1;11600;328.000;328.000;0.000;;True;11600.000;True;11600.000;True;False
67.312;ACTIVE;1;11600;267.000;328.000;0.000;;True;11600.000;True;11600.000;True;False
67.437;ACTIVE;1;11600;288.000;318.000;0.000;;True;11600.000;True;11600.000;True;False
67.562;ACTIVE;1;11600;340.000;328.000;0.000;;True;11600.000;True;11600.000;True;False
67.687;ACTIVE;1;11600;340.000;328.000;0.000;;True;11600.000;True;11600.000;True;False
67.812;ACTIVE;1;11600;318.000;328.000;0.000;;True;11600.000;True;11600.000;True;False
67.953;ACTIVE;1;11600;380.000;328.000;0.962;;True;11600.000;True;11600.000;True;False
68.078;ACTIVE;1;11600;267.000;328.000;2.814;;True;11600.000;True;11600.000;True;False
68.203;ACTIVE;1;11600;278.000;318.000;0.000;;True;11600.000;True;11600.000;True;False
68.328;ACTIVE;1;11600;267.000;288.000;0.000;;True;11600.000;True;11600.000;True;False
68.468;ACTIVE;1;11600;318.000;318.000;0.000;;True;11600.000;True;11600.000;True;False
68.593;ACTIVE;1;11600;390.000;318.000;0.000;;True;11600.000;True;11600.000;True;False
68.718;ACTIVE;1;11600;288.000;318.000;0.000;;True;11600.000;True;11600.000;True;False
68.843;ACTIVE;1;11600;278.000;288.000;0.000;;True;11600.000;True;11600.000;True;False
68.968;ACTIVE;1;11600;207.000;278.000;0.000;;True;11600.000;True;11600.000;True;False
69.109;ACTIVE;1;11600;278.000;278.000;0.000;;True;11600.000;True;11600.000;True;False
69.234;ACTIVE;1;11600;380.000;278.000;0.000;;True;11600.000;True;11600.000;True;False
69.375;ACTIVE;1;11600;308.000;288.000;0.000;;True;11600.000;True;11600.000;True;False
69.500;ACTIVE;1;11600;318.000;308.000;0.000;;True;11600.000;True;11600.000;True;False
69.625;ACTIVE;1;11600;288.000;288.000;0.000;;True;11600.000;True;11600.000;True;False
69.750;ACTIVE;1;11600;340.000;288.000;13.865;;True;11600.000;True;11600.000;True;False
69.890;ACTIVE;1;11600;390.000;308.000;28.505;;True;11600.000;True;11600.000;True;False
70.015;ACTIVE;1;11600;340.000;318.000;37.952;;True;11600.000;True;11600.000;True;False
70.140;ACTIVE;1;11600;370.000;340.000;54.039;;True;11600.000;True;11600.000;True;False
70.281;ACTIVE;1;11600;318.000;340.000;58.637;;True;11600.000;True;11600.000;True;False
70.406;ACTIVE;1;11600;421.000;340.000;59.695;;True;11600.000;True;11600.000;True;False
70.531;ACTIVE;1;11600;451.000;340.000;68.022;;True;11600.000;True;11600.000;True;False
70.672;ACTIVE;1;11600;370.000;370.000;73.037;;True;11600.000;True;11600.000;True;False
70.797;ACTIVE;1;11600;471.000;370.000;63.543;;True;11600.000;True;11600.000;True;False
70.922;ACTIVE;1;11600;318.000;370.000;55.385;;True;11600.000;True;11600.000;True;False
71.031;ACTIVE;1;11600;380.000;370.000;44.925;;True;11600.000;True;11600.000;True;False
71.156;ACTIVE;1;11600;390.000;380.000;49.764;;True;11600.000;True;11600.000;True;False
71.281;ACTIVE;1;11600;411.000;390.000;50.980;;True;11600.000;True;11600.000;True;False
71.422;ACTIVE;1;11600;441.000;411.000;60.536;;True;11600.000;True;11600.000;True;False
71.547;ACTIVE;1;11600;431.000;411.000;54.273;;True;11600.000;True;11600.000;True;False
71.672;ACTIVE;1;11600;431.000;411.000;52.197;;True;11600.000;True;11600.000;True;False
71.797;ACTIVE;1;11600;390.000;411.000;53.215;;True;11600.000;True;11600.000;True;False
71.922;ACTIVE;1;11600;350.000;390.000;37.849;;True;11600.000;True;11600.000;True;False
72.062;ACTIVE;1;11600;298.000;390.000;6.760;;True;11600.000;True;11600.000;True;False
72.187;ACTIVE;1;11600;441.000;411.000;0.000;;True;11600.000;True;11600.000;True;False
72.312;ACTIVE;1;11600;421.000;421.000;0.000;;True;11600.000;True;11600.000;True;False
72.437;ACTIVE;1;11600;370.000;421.000;11.140;;True;11600.000;True;11600.000;True;False
72.562;ACTIVE;1;11600;390.000;390.000;1.658;;True;11600.000;True;11600.000;True;False
72.703;ACTIVE;1;11600;431.000;390.000;0.000;;True;11600.000;True;11600.000;True;False
72.828;ACTIVE;1;11600;431.000;390.000;0.000;;True;11600.000;True;11600.000;True;False
72.953;ACTIVE;1;11600;431.000;421.000;0.000;;True;11600.000;True;11600.000;True;False
73.078;ACTIVE;1;11600;421.000;421.000;0.000;;True;11600.000;True;11600.000;True;False
73.218;ACTIVE;1;11600;421.000;421.000;8.461;;True;11600.000;True;11600.000;True;False
73.359;ACTIVE;1;11600;421.000;421.000;25.189;;True;11600.000;True;11600.000;True;False
73.500;ACTIVE;1;11600;411.000;421.000;41.193;;True;11600.000;True;11600.000;True;False
73.625;ACTIVE;1;11600;421.000;421.000;32.735;;True;11600.000;True;11600.000;True;False
73.750;ACTIVE;1;11600;390.000;421.000;19.054;;True;11600.000;True;11600.000;True;False
73.875;ACTIVE;1;11600;370.000;421.000;0.000;;True;11600.000;True;11600.000;True;False
74.000;ACTIVE;1;11600;421.000;421.000;0.000;;True;11600.000;True;11600.000;True;False
74.125;ACTIVE;1;11600;431.000;421.000;0.000;;True;11600.000;True;11600.000;True;False
74.250;ACTIVE;1;11600;370.000;421.000;0.000;;True;11600.000;True;11600.000;True;False
74.375;ACTIVE;1;11600;400.000;411.000;0.000;;True;11600.000;True;11600.000;True;False
74.515;ACTIVE;1;11600;441.000;411.000;0.000;;True;11600.000;True;11600.000;True;False
74.640;ACTIVE;1;11600;441.000;421.000;0.000;;True;11600.000;True;11600.000;True;False
74.765;ACTIVE;1;11600;441.000;421.000;0.000;;True;11600.000;True;11600.000;True;False
74.890;ACTIVE;1;11600;370.000;421.000;0.000;;True;11600.000;True;11600.000;True;False
75.015;ACTIVE;1;11600;471.000;431.000;10.176;;True;11600.000;True;11600.000;True;False
75.156;ACTIVE;1;11600;471.000;441.000;25.039;;True;11600.000;True;11600.000;True;False
75.281;ACTIVE;1;11600;431.000;441.000;36.165;;True;11600.000;True;11600.000;True;False
75.422;ACTIVE;1;11600;451.000;441.000;35.008;;True;11600.000;True;11600.000;True;False
75.547;ACTIVE;1;11600;370.000;441.000;28.326;;True;11600.000;True;11600.000;True;False
75.672;ACTIVE;1;11600;411.000;441.000;24.624;;True;11600.000;True;11600.000;True;False
75.812;ACTIVE;1;11600;461.000;441.000;17.229;;True;11600.000;True;11600.000;True;False
75.937;ACTIVE;1;11600;441.000;441.000;6.421;;True;11600.000;True;11600.000;True;False
76.062;ACTIVE;1;11600;441.000;441.000;0.000;;True;11600.000;True;11600.000;True;False
76.187;ACTIVE;1;11600;380.000;441.000;0.000;;True;11600.000;True;11600.000;True;False
76.312;ACTIVE;1;11600;431.000;431.000;0.000;;True;11600.000;True;11600.000;True;False
76.437;ACTIVE;1;11600;441.000;441.000;0.000;;True;11600.000;True;11600.000;True;False
76.578;ACTIVE;1;11600;441.000;441.000;0.000;;True;11600.000;True;11600.000;True;False
76.703;ACTIVE;1;11600;431.000;441.000;0.000;;True;11600.000;True;11600.000;True;False
76.812;ACTIVE;1;11600;411.000;441.000;0.037;;True;11600.000;True;11600.000;True;False
76.937;ACTIVE;1;11600;522.000;441.000;1.353;;True;11600.000;True;11600.000;True;False
77.078;ACTIVE;1;11600;451.000;441.000;4.749;;True;11600.000;True;11600.000;True;False
77.203;ACTIVE;1;11600;451.000;441.000;6.622;;True;11600.000;True;11600.000;True;False
77.328;ACTIVE;1;11600;471.000;441.000;0.000;;True;11600.000;True;11600.000;True;False
77.453;ACTIVE;1;11600;461.000;451.000;6.643;;True;11600.000;True;11600.000;True;False
77.593;ACTIVE;1;11600;522.000;451.000;11.212;;True;11600.000;True;11600.000;True;False
77.718;ACTIVE;1;11600;543.000;461.000;20.193;;True;11600.000;True;11600.000;True;False
77.843;ACTIVE;1;11600;543.000;471.000;32.210;;True;11600.000;True;11600.000;True;False
77.984;ACTIVE;1;11600;451.000;471.000;38.693;;True;11600.000;True;11600.000;True;False
78.109;ACTIVE;1;11600;461.000;461.000;32.902;;True;11600.000;True;11600.000;True;False
78.234;ACTIVE;1;11600;431.000;461.000;23.812;;True;11600.000;True;11600.000;True;False
78.359;ACTIVE;1;11600;421.000;461.000;11.120;;True;11600.000;True;11600.000;True;False
78.484;ACTIVE;1;11600;543.000;461.000;2.818;;True;11600.000;True;11600.000;True;False
78.625;ACTIVE;1;11600;431.000;461.000;0.000;;True;11600.000;True;11600.000;True;False
78.750;ACTIVE;1;11600;492.000;461.000;0.000;;True;11600.000;True;11600.000;True;False
78.890;ACTIVE;1;11600;421.000;451.000;0.000;;True;11600.000;True;11600.000;True;False
79.015;ACTIVE;1;11600;522.000;451.000;0.000;;True;11600.000;True;11600.000;True;False
79.140;ACTIVE;1;11600;502.000;461.000;0.000;;True;11600.000;True;11600.000;True;False
79.281;ACTIVE;1;11600;431.000;431.000;0.000;;True;11600.000;True;11600.000;True;False
79.422;ACTIVE;1;11600;543.000;492.000;6.317;;True;11600.000;True;11600.000;True;False
79.547;ACTIVE;1;11600;431.000;492.000;29.318;;True;11600.000;True;11600.000;True;False
96.984;RECOVERY;1;0;380.000;431.000;0.000;0.000;False;0.000;False;0.000;True;False
97.109;RECOVERY;1;0;380.000;431.000;0.000;0.000;False;0.000;False;0.000;True;False
97.234;RECOVERY;1;0;380.000;431.000;0.000;0.000;False;0.000;False;0.000;True;False
97.359;RECOVERY;1;0;380.000;431.000;0.000;0.000;False;0.000;False;0.000;True;False
97.500;RECOVERY;1;0;370.000;380.000;0.000;-81.498;False;0.000;False;0.000;True;False
97.625;RECOVERY;1;0;380.000;380.000;0.000;-91.753;False;0.000;False;0.000;True;False
97.750;RECOVERY;1;0;380.000;380.000;0.000;-85.831;False;0.000;False;0.000;True;False
97.875;RECOVERY;1;0;370.000;380.000;0.000;-76.415;False;0.000;False;0.000;True;False
98.000;RECOVERY;1;0;380.000;380.000;0.000;-67.033;False;0.000;False;0.000;True;False
98.140;RECOVERY;1;0;380.000;380.000;0.000;-58.131;False;0.000;False;0.000;True;False
98.265;RECOVERY;1;0;380.000;380.000;0.000;-50.768;False;0.000;False;0.000;True;False
98.390;RECOVERY;1;0;370.000;380.000;0.000;-44.643;False;0.000;False;0.000;True;False
98.531;RECOVERY;1;0;370.000;380.000;0.000;-39.271;False;0.000;False;0.000;True;False
98.672;RECOVERY;1;0;380.000;380.000;0.000;-34.659;False;0.000;False;0.000;True;False
98.797;RECOVERY;1;0;370.000;380.000;0.000;-30.877;False;0.000;False;0.000;True;False
98.922;RECOVERY;1;0;380.000;380.000;0.000;-27.716;False;0.000;False;0.000;True;False
99.047;RECOVERY;1;0;380.000;380.000;0.000;-25.034;False;0.000;False;0.000;True;False
99.172;RECOVERY;1;0;380.000;380.000;0.000;-22.734;False;0.000;False;0.000;True;False
99.312;RECOVERY;1;0;380.000;380.000;0.000;-20.682;False;0.000;False;0.000;True;False
99.422;RECOVERY;1;0;380.000;380.000;0.000;-18.959;False;0.000;False;0.000;True;False
99.562;RECOVERY;1;0;380.000;380.000;0.000;-17.402;False;0.000;False;0.000;True;False
99.687;RECOVERY;1;0;370.000;380.000;0.000;-16.035;False;0.000;False;0.000;True;False
99.812;RECOVERY;1;0;380.000;380.000;0.000;-14.828;False;0.000;False;0.000;True;False
99.937;RECOVERY;1;0;380.000;380.000;0.000;-13.754;False;0.000;False;0.000;True;False
100.062;RECOVERY;1;0;380.000;380.000;0.000;-12.795;False;0.000;False;0.000;True;False
100.203;RECOVERY;1;0;370.000;380.000;0.000;-11.914;False;0.000;False;0.000;True;False
100.343;RECOVERY;1;0;370.000;380.000;0.000;-11.108;False;0.000;False;0.000;True;False
100.453;RECOVERY;1;0;380.000;380.000;0.000;-10.400;False;0.000;False;0.000;True;False
100.562;RECOVERY;1;0;370.000;380.000;0.000;-9.773;False;0.000;False;0.000;True;False
100.703;RECOVERY;1;0;380.000;380.000;0.000;-9.189;False;0.000;False;0.000;True;False
100.828;RECOVERY;1;0;380.000;380.000;0.000;-8.656;False;0.000;False;0.000;True;False
100.953;RECOVERY;1;0;380.000;380.000;0.000;-8.169;False;0.000;False;0.000;True;False
101.078;RECOVERY;1;0;370.000;380.000;0.000;-7.723;False;0.000;False;0.000;True;False
101.203;RECOVERY;1;0;390.000;380.000;0.000;-7.312;False;0.000;False;0.000;True;False
101.343;RECOVERY;1;0;380.000;380.000;0.000;-6.928;False;0.000;False;0.000;True;False
101.468;RECOVERY;1;0;380.000;380.000;0.000;-6.574;False;0.000;False;0.000;True;False
101.593;RECOVERY;1;0;380.000;380.000;0.000;-6.247;False;0.000;False;0.000;True;False
101.718;RECOVERY;1;0;370.000;380.000;0.000;-5.944;False;0.000;False;0.000;True;False
101.843;RECOVERY;1;0;370.000;380.000;0.000;-5.663;False;0.000;False;0.000;True;False
101.968;RECOVERY;1;0;380.000;380.000;0.000;-5.402;False;0.000;False;0.000;True;False
102.093;RECOVERY;1;0;380.000;380.000;0.000;-5.159;False;0.000;False;0.000;True;False
102.234;RECOVERY;1;0;380.000;380.000;0.000;-4.929;False;0.000;False;0.000;True;False
102.359;RECOVERY;1;0;390.000;380.000;0.000;-4.714;False;0.000;False;0.000;True;False
102.484;RECOVERY;1;0;380.000;380.000;0.000;-4.514;False;0.000;False;0.000;True;False
102.609;RECOVERY;1;0;380.000;380.000;0.000;-4.326;False;0.000;False;0.000;True;False
102.734;RECOVERY;1;0;370.000;380.000;0.000;-4.150;False;0.000;False;0.000;True;False
102.859;RECOVERY;1;0;380.000;380.000;0.000;-3.985;False;0.000;False;0.000;True;False
102.984;RECOVERY;1;0;390.000;380.000;0.000;-3.829;False;0.000;False;0.000;True;False
103.109;RECOVERY;1;0;390.000;380.000;0.000;-3.683;False;0.000;False;0.000;True;False
103.234;RECOVERY;1;0;390.000;380.000;0.000;-3.545;False;0.000;False;0.000;True;False
103.359;RECOVERY;1;0;390.000;390.000;5.333;-3.239;False;0.000;False;0.000;True;False
103.484;RECOVERY;1;0;390.000;390.000;9.333;-2.959;False;0.000;False;0.000;True;False
103.625;RECOVERY;1;0;390.000;390.000;14.132;-2.702;False;0.000;False;0.000;True;False
103.750;RECOVERY;1;0;380.000;390.000;14.927;-2.467;False;0.000;False;0.000;True;False
103.875;RECOVERY;1;0;390.000;390.000;13.914;-2.252;False;0.000;False;0.000;True;False
104.000;RECOVERY;1;0;390.000;390.000;11.121;-2.055;False;0.000;False;0.000;True;False
104.125;RECOVERY;1;0;380.000;390.000;6.516;-1.875;False;0.000;False;0.000;True;False
104.265;RECOVERY;1;0;380.000;390.000;0.000;-1.708;False;0.000;False;0.000;True;False
104.406;RECOVERY;1;0;380.000;390.000;0.000;-1.554;False;0.000;False;0.000;True;False
104.531;RECOVERY;1;0;380.000;380.000;0.000;-1.541;False;0.000;False;0.000;True;False
104.656;RECOVERY;1;0;380.000;380.000;0.000;-1.528;False;0.000;False;0.000;True;False
104.781;RECOVERY;1;0;380.000;380.000;0.000;-1.513;False;0.000;False;0.000;True;False
104.906;RECOVERY;1;0;390.000;380.000;0.000;-1.497;False;0.000;False;0.000;True;False
105.047;RECOVERY;1;0;380.000;380.000;0.000;-0.992;False;0.000;False;0.000;True;False
105.172;RECOVERY;1;0;380.000;380.000;0.000;-0.468;False;0.000;False;0.000;True;False
105.297;RECOVERY;1;0;380.000;380.000;0.000;0.077;False;0.000;False;0.000;True;False
105.422;RECOVERY;1;0;380.000;380.000;0.000;0.641;False;0.000;False;0.000;True;False
105.547;RECOVERY;1;0;380.000;380.000;0.000;0.607;False;0.000;False;0.000;True;False
105.656;RECOVERY;1;0;380.000;380.000;0.000;0.574;False;0.000;False;0.000;True;False
105.797;RECOVERY;1;0;380.000;380.000;0.000;0.540;False;0.000;False;0.000;True;False
105.922;RECOVERY;1;0;380.000;380.000;0.000;0.506;False;0.000;False;0.000;True;False
106.047;RECOVERY;1;0;370.000;380.000;0.000;0.473;False;0.000;False;0.000;True;False
106.172;RECOVERY;1;0;370.000;380.000;0.000;0.439;False;0.000;False;0.000;True;False
106.297;RECOVERY;1;0;370.000;380.000;0.000;0.405;False;0.000;False;0.000;True;False
106.437;RECOVERY;1;0;370.000;380.000;0.000;0.371;False;0.000;False;0.000;True;False
106.547;RECOVERY;1;0;370.000;370.000;0.000;0.221;False;0.000;False;0.000;True;False
106.703;RECOVERY;1;0;380.000;370.000;0.000;0.073;False;0.000;False;0.000;True;False
106.828;RECOVERY;1;0;370.000;370.000;0.000;-0.071;False;0.000;False;0.000;True;False
106.953;RECOVERY;1;0;380.000;370.000;0.000;-0.210;False;0.000;False;0.000;True;False
107.078;RECOVERY;1;0;380.000;370.000;0.000;-0.346;False;0.000;False;0.000;True;False
107.203;RECOVERY;1;0;380.000;370.000;0.000;-0.478;False;0.000;False;0.000;True;False
107.328;RECOVERY;1;0;380.000;380.000;0.000;-0.489;False;0.000;False;0.000;True;False
107.453;RECOVERY;1;0;380.000;380.000;11.075;-0.501;False;0.000;False;0.000;True;False
107.578;RECOVERY;1;0;380.000;380.000;14.286;-0.512;False;0.000;False;0.000;True;False
107.703;RECOVERY;1;0;380.000;380.000;13.333;-0.523;False;0.000;False;0.000;True;False
107.828;RECOVERY;1;0;380.000;380.000;13.333;-0.534;False;0.000;False;0.000;True;False
107.953;RECOVERY;1;0;380.000;380.000;12.000;-0.546;False;0.000;False;0.000;True;False
108.078;RECOVERY;1;0;380.000;380.000;9.333;-0.557;False;0.000;False;0.000;True;False
108.203;RECOVERY;1;0;380.000;380.000;5.333;-0.537;False;0.000;False;0.000;True;False
108.328;RECOVERY;1;0;380.000;380.000;0.000;-0.548;False;0.000;False;0.000;True;False
108.453;RECOVERY;1;0;380.000;380.000;0.000;-0.558;False;0.000;False;0.000;True;False
108.578;RECOVERY;1;0;380.000;380.000;0.000;-0.603;False;0.000;False;0.000;True;False
108.718;RECOVERY;1;0;380.000;380.000;0.000;-0.614;False;0.000;False;0.000;True;False
108.843;RECOVERY;1;0;380.000;380.000;0.000;-0.625;False;0.000;False;0.000;True;False
108.968;RECOVERY;1;0;380.000;380.000;0.000;-0.637;False;0.000;False;0.000;True;False
109.093;RECOVERY;1;0;380.000;380.000;0.000;-0.648;False;0.000;False;0.000;True;False
109.218;RECOVERY;1;0;380.000;380.000;0.000;-0.660;False;0.000;False;0.000;True;False
109.359;RECOVERY;1;0;380.000;380.000;0.000;-0.671;False;0.000;False;0.000;True;False
109.500;RECOVERY;1;0;380.000;380.000;0.000;-0.682;False;0.000;False;0.000;True;False
109.640;RECOVERY;1;0;380.000;380.000;0.000;-0.693;False;0.000;False;0.000;True;False
109.765;RECOVERY;1;0;390.000;380.000;0.000;-0.704;False;0.000;False;0.000;True;False
109.890;RECOVERY;1;0;380.000;380.000;0.000;-0.715;False;0.000;False;0.000;True;False
110.015;RECOVERY;1;0;380.000;380.000;0.000;-0.726;False;0.000;False;0.000;True;False
110.140;RECOVERY;1;0;380.000;380.000;0.000;-0.737;False;0.000;False;0.000;True;False
110.265;RECOVERY;1;0;380.000;380.000;0.000;-0.748;False;0.000;False;0.000;True;False
110.390;RECOVERY;1;0;380.000;380.000;0.000;-0.759;False;0.000;False;0.000;True;False
110.515;RECOVERY;1;0;380.000;380.000;0.000;-0.770;False;0.000;False;0.000;True;False
110.640;RECOVERY;1;0;380.000;380.000;0.000;-0.781;False;0.000;False;0.000;True;False
110.750;RECOVERY;1;0;380.000;380.000;0.000;-0.793;False;0.000;False;0.000;True;False
110.875;RECOVERY;1;0;380.000;380.000;0.000;-0.805;False;0.000;False;0.000;True;False
111.015;RECOVERY;1;0;380.000;380.000;0.000;-0.816;False;0.000;False;0.000;True;False
111.140;RECOVERY;1;0;380.000;380.000;0.000;-0.828;False;0.000;False;0.000;True;False
111.265;RECOVERY;1;0;380.000;380.000;0.000;-0.839;False;0.000;False;0.000;True;False
111.390;RECOVERY;1;0;380.000;380.000;0.000;-0.730;False;0.000;False;0.000;True;False
111.515;RECOVERY;1;0;380.000;380.000;0.000;-0.617;False;0.000;False;0.000;True;False
111.640;RECOVERY;1;0;370.000;380.000;0.000;-0.500;False;0.000;False;0.000;True;False
111.765;RECOVERY;1;0;370.000;380.000;0.000;-0.380;False;0.000;False;0.000;True;False
111.890;RECOVERY;1;0;380.000;380.000;0.000;-0.255;False;0.000;False;0.000;True;False
112.031;RECOVERY;1;0;380.000;380.000;0.000;-0.126;False;0.000;False;0.000;True;False
112.156;RECOVERY;1;0;380.000;380.000;0.000;0.006;False;0.000;False;0.000;True;False
112.281;RECOVERY;1;0;370.000;380.000;0.000;0.143;False;0.000;False;0.000;True;False
112.406;RECOVERY;1;0;380.000;380.000;0.000;0.145;False;0.000;False;0.000;True;False
112.531;RECOVERY;1;0;380.000;380.000;0.000;0.280;False;0.000;False;0.000;True;False
112.672;RECOVERY;1;0;380.000;380.000;0.000;0.327;False;0.000;False;0.000;True;False
112.797;RECOVERY;1;0;380.000;380.000;0.000;0.350;False;0.000;False;0.000;True;False
112.922;RECOVERY;1;0;380.000;380.000;0.000;0.373;False;0.000;False;0.000;True;False
113.047;RECOVERY;1;0;380.000;380.000;0.000;0.366;False;0.000;False;0.000;True;False
113.172;RECOVERY;1;0;380.000;380.000;0.000;0.388;False;0.000;False;0.000;True;False
113.312;RECOVERY;1;0;380.000;380.000;0.000;0.440;False;0.000;False;0.000;True;False
113.422;RECOVERY;1;0;390.000;380.000;0.000;0.431;False;0.000;False;0.000;True;False
113.547;RECOVERY;1;0;380.000;380.000;0.000;0.452;False;0.000;False;0.000;True;False
113.672;RECOVERY;1;0;380.000;380.000;0.000;0.508;False;0.000;False;0.000;True;False
113.797;RECOVERY;1;0;380.000;380.000;0.000;0.496;False;0.000;False;0.000;True;False
113.922;RECOVERY;1;0;380.000;380.000;0.000;0.518;False;0.000;False;0.000;True;False
114.062;RECOVERY;1;0;380.000;380.000;0.000;0.577;False;0.000;False;0.000;True;False
114.187;RECOVERY;1;0;380.000;380.000;0.000;0.600;False;0.000;False;0.000;True;False
114.312;RECOVERY;1;0;370.000;380.000;0.000;0.623;False;0.000;False;0.000;True;False
114.437;RECOVERY;1;0;390.000;380.000;0.000;0.605;False;0.000;False;0.000;True;False
114.562;RECOVERY;1;0;380.000;380.000;0.000;0.547;False;0.000;False;0.000;True;False
114.703;RECOVERY;1;0;370.000;380.000;0.000;0.531;False;0.000;False;0.000;True;False
114.828;RECOVERY;1;0;380.000;380.000;0.000;0.432;False;0.000;False;0.000;True;False
114.953;RECOVERY;1;0;380.000;380.000;0.000;0.329;False;0.000;False;0.000;True;False
115.062;RECOVERY;1;0;370.000;380.000;0.000;0.223;False;0.000;False;0.000;True;False
115.187;RECOVERY;1;0;370.000;380.000;0.000;0.113;False;0.000;False;0.000;True;False
115.328;RECOVERY;1;0;380.000;380.000;0.000;0.000;False;0.000;False;0.000;True;False
115.453;RECOVERY;1;0;380.000;380.000;0.000;0.000;False;0.000;False;0.000;True;False
115.578;RECOVERY;1;0;380.000;380.000;0.000;0.000;False;0.000;False;0.000;True;False
115.703;RECOVERY;1;0;370.000;380.000;0.000;0.000;False;0.000;False;0.000;True;False
115.828;RECOVERY;1;0;380.000;380.000;0.000;0.000;False;0.000;False;0.000;True;False
115.953;RECOVERY;1;0;370.000;380.000;0.000;0.000;False;0.000;False;0.000;True;False
116.062;RECOVERY;1;0;370.000;370.000;0.000;-0.113;False;0.000;False;0.000;True;False
116.203;RECOVERY;1;0;370.000;370.000;0.000;-0.223;False;0.000;False;0.000;True;False
116.328;RECOVERY;1;0;370.000;370.000;0.000;-0.329;False;0.000;False;0.000;True;False
116.453;RECOVERY;1;0;360.000;370.000;0.000;-0.432;False;0.000;False;0.000;True;False
116.578;RECOVERY;1;0;370.000;370.000;0.000;-0.531;False;0.000;False;0.000;True;False
116.703;RECOVERY;1;0;380.000;370.000;0.000;-0.627;False;0.000;False;0.000;True;False
116.843;RECOVERY;1;0;380.000;370.000;0.000;-0.719;False;0.000;False;0.000;True;False
116.968;RECOVERY;1;0;370.000;370.000;0.000;-0.808;False;0.000;False;0.000;True;False
117.078;RECOVERY;1;0;370.000;370.000;0.000;-0.893;False;0.000;False;0.000;True;False
117.203;RECOVERY;1;0;370.000;370.000;0.000;-0.975;False;0.000;False;0.000;True;False
117.328;RECOVERY;1;0;370.000;370.000;0.000;-1.054;False;0.000;False;0.000;True;False
117.468;RECOVERY;1;0;370.000;370.000;0.000;-1.128;False;0.000;False;0.000;True;False
117.593;RECOVERY;1;0;370.000;370.000;0.000;-1.199;False;0.000;False;0.000;True;False
117.718;RECOVERY;1;0;370.000;370.000;0.000;-1.266;False;0.000;False;0.000;True;False
117.843;RECOVERY;1;0;370.000;370.000;0.000;-1.329;False;0.000;False;0.000;True;False
117.968;RECOVERY;1;0;370.000;370.000;0.000;-1.388;False;0.000;False;0.000;True;False
118.078;RECOVERY;1;0;370.000;370.000;0.000;-1.444;False;0.000;False;0.000;True;False
118.218;RECOVERY;1;0;370.000;370.000;0.000;-1.497;False;0.000;False;0.000;True;False
118.343;RECOVERY;1;0;370.000;370.000;0.000;-1.546;False;0.000;False;0.000;True;False
118.468;RECOVERY;1;0;370.000;370.000;0.000;-1.591;False;0.000;False;0.000;True;False
118.593;RECOVERY;1;0;370.000;370.000;0.000;-1.633;False;0.000;False;0.000;True;False
118.718;RECOVERY;1;0;380.000;370.000;0.000;-1.671;False;0.000;False;0.000;True;False
118.843;RECOVERY;1;0;380.000;370.000;0.000;-1.706;False;0.000;False;0.000;True;False
118.984;RECOVERY;1;0;370.000;370.000;0.000;-1.737;False;0.000;False;0.000;True;False
119.109;RECOVERY;1;0;370.000;370.000;0.000;-1.765;False;0.000;False;0.000;True;False
119.234;RECOVERY;1;0;370.000;370.000;0.000;-1.788;False;0.000;False;0.000;True;False
119.359;RECOVERY;1;0;380.000;370.000;0.000;-1.809;False;0.000;False;0.000;True;False
119.484;RECOVERY;1;0;360.000;370.000;0.000;-1.825;False;0.000;False;0.000;True;False
119.625;RECOVERY;1;0;370.000;370.000;0.000;-1.838;False;0.000;False;0.000;True;False
119.750;RECOVERY;1;0;370.000;370.000;0.000;-1.847;False;0.000;False;0.000;True;False
119.875;RECOVERY;1;0;370.000;370.000;0.000;-1.853;False;0.000;False;0.000;True;False
120.000;RECOVERY;1;0;370.000;370.000;0.000;-1.855;False;0.000;False;0.000;True;False
120.156;RECOVERY;1;0;380.000;370.000;0.000;-1.852;False;0.000;False;0.000;True;False
120.281;RECOVERY;1;0;370.000;370.000;0.000;-1.846;False;0.000;False;0.000;True;False
120.406;RECOVERY;1;0;370.000;370.000;0.000;-1.836;False;0.000;False;0.000;True;False
120.531;RECOVERY;1;0;380.000;370.000;0.000;-1.823;False;0.000;False;0.000;True;False
120.656;RECOVERY;1;0;380.000;370.000;0.000;-1.806;False;0.000;False;0.000;True;False
120.781;RECOVERY;1;0;380.000;370.000;0.000;-1.785;False;0.000;False;0.000;True;False
120.906;RECOVERY;1;0;380.000;380.000;6.451;-1.646;False;0.000;False;0.000;True;False
121.047;RECOVERY;1;0;370.000;380.000;11.365;-1.507;False;0.000;False;0.000;True;False
121.172;RECOVERY;1;0;360.000;380.000;14.068;-1.368;False;0.000;False;0.000;True;False
121.297;RECOVERY;1;0;370.000;370.000;8.395;-1.344;False;0.000;False;0.000;True;False
121.422;RECOVERY;1;0;370.000;370.000;2.838;-1.316;False;0.000;False;0.000;True;False
121.547;RECOVERY;1;0;380.000;380.000;3.757;-1.171;False;0.000;False;0.000;True;False
121.687;RECOVERY;1;0;370.000;370.000;0.000;-1.117;False;0.000;False;0.000;True;False
121.828;RECOVERY;1;0;370.000;370.000;0.000;-1.079;False;0.000;False;0.000;True;False
121.953;RECOVERY;1;0;370.000;370.000;0.000;-1.036;False;0.000;False;0.000;True;False
122.078;RECOVERY;1;0;370.000;370.000;0.000;-0.990;False;0.000;False;0.000;True;False
122.203;RECOVERY;1;0;380.000;370.000;0.000;-0.941;False;0.000;False;0.000;True;False
122.343;RECOVERY;1;0;380.000;370.000;0.000;-0.888;False;0.000;False;0.000;True;False
122.468;RECOVERY;1;0;370.000;370.000;0.000;-0.831;False;0.000;False;0.000;True;False
122.593;RECOVERY;1;0;370.000;370.000;0.000;-0.770;False;0.000;False;0.000;True;False
122.718;RECOVERY;1;0;370.000;370.000;0.000;-0.706;False;0.000;False;0.000;True;False
122.843;RECOVERY;1;0;370.000;370.000;0.000;-0.638;False;0.000;False;0.000;True;False
122.968;RECOVERY;1;0;390.000;370.000;0.000;-0.567;False;0.000;False;0.000;True;False
123.078;RECOVERY;1;0;390.000;370.000;0.000;-0.492;False;0.000;False;0.000;True;False
123.218;RECOVERY;1;0;380.000;380.000;6.790;-0.297;False;0.000;False;0.000;True;False
123.343;RECOVERY;1;0;370.000;370.000;4.049;-0.218;False;0.000;False;0.000;True;False
123.468;RECOVERY;1;0;380.000;370.000;2.695;-0.136;False;0.000;False;0.000;True;False
123.593;RECOVERY;1;0;380.000;380.000;6.701;0.066;False;0.000;False;0.000;True;False
123.718;RECOVERY;1;0;380.000;380.000;9.347;0.268;False;0.000;False;0.000;True;False
123.859;RECOVERY;1;0;380.000;380.000;11.256;0.469;False;0.000;False;0.000;True;False
123.984;RECOVERY;1;0;380.000;380.000;10.213;0.671;False;0.000;False;0.000;True;False
124.109;RECOVERY;1;0;370.000;380.000;7.456;0.754;False;0.000;False;0.000;True;False
124.234;RECOVERY;1;0;370.000;380.000;11.121;0.832;False;0.000;False;0.000;True;False
124.359;RECOVERY;1;0;370.000;380.000;6.516;0.907;False;0.000;False;0.000;True;False
124.500;RECOVERY;1;0;380.000;380.000;0.000;0.978;False;0.000;False;0.000;True;False
124.625;RECOVERY;1;0;370.000;380.000;0.000;1.045;False;0.000;False;0.000;True;False
124.750;RECOVERY;1;0;370.000;370.000;0.000;0.992;False;0.000;False;0.000;True;False
124.875;RECOVERY;1;0;370.000;370.000;0.000;0.939;False;0.000;False;0.000;True;False
125.000;RECOVERY;1;0;370.000;370.000;0.000;0.887;False;0.000;False;0.000;True;False
125.125;RECOVERY;1;0;360.000;370.000;0.000;0.835;False;0.000;False;0.000;True;False
125.250;RECOVERY;1;0;370.000;370.000;0.000;0.782;False;0.000;False;0.000;True;False
125.390;RECOVERY;1;0;380.000;370.000;0.000;0.730;False;0.000;False;0.000;True;False
125.515;RECOVERY;1;0;370.000;370.000;0.000;0.678;False;0.000;False;0.000;True;False
125.656;RECOVERY;1;0;360.000;370.000;0.000;0.625;False;0.000;False;0.000;True;False
125.781;RECOVERY;1;0;370.000;370.000;0.000;0.572;False;0.000;False;0.000;True;False
125.890;RECOVERY;1;0;370.000;370.000;0.000;0.520;False;0.000;False;0.000;True;False
126.015;RECOVERY;1;0;370.000;370.000;0.000;0.468;False;0.000;False;0.000;True;False
126.140;RECOVERY;1;0;370.000;370.000;0.000;0.416;False;0.000;False;0.000;True;False
126.281;RECOVERY;1;0;360.000;370.000;0.000;0.364;False;0.000;False;0.000;True;False
126.406;RECOVERY;1;0;370.000;370.000;0.000;0.311;False;0.000;False;0.000;True;False
126.531;RECOVERY;1;0;350.000;370.000;0.000;0.259;False;0.000;False;0.000;True;False
126.656;RECOVERY;1;0;360.000;370.000;0.000;0.207;False;0.000;False;0.000;True;False
126.781;RECOVERY;1;0;370.000;370.000;0.000;0.154;False;0.000;False;0.000;True;False
126.906;RECOVERY;1;0;380.000;370.000;0.000;0.102;False;0.000;False;0.000;True;False
127.047;RECOVERY;1;0;370.000;370.000;0.000;0.049;False;0.000;False;0.000;True;False
127.172;RECOVERY;1;0;360.000;370.000;0.000;-0.004;False;0.000;False;0.000;True;False
127.297;RECOVERY;1;0;360.000;360.000;0.000;-0.173;False;0.000;False;0.000;True;False
127.422;RECOVERY;1;0;360.000;360.000;0.000;-0.338;False;0.000;False;0.000;True;False
127.547;RECOVERY;1;0;370.000;360.000;0.000;-0.500;False;0.000;False;0.000;True;False
127.672;RECOVERY;1;0;370.000;370.000;0.000;-0.541;False;0.000;False;0.000;True;False
127.812;RECOVERY;1;0;360.000;370.000;0.000;-0.583;False;0.000;False;0.000;True;False
127.937;RECOVERY;1;0;360.000;360.000;0.000;-0.742;False;0.000;False;0.000;True;False
128.062;RECOVERY;1;0;360.000;360.000;0.000;-0.897;False;0.000;False;0.000;True;False
128.187;RECOVERY;1;0;360.000;360.000;0.000;-1.047;False;0.000;False;0.000;True;False
128.328;RECOVERY;1;0;360.000;360.000;0.000;-1.194;False;0.000;False;0.000;True;False
128.453;RECOVERY;1;0;360.000;360.000;0.000;-1.337;False;0.000;False;0.000;True;False
128.578;RECOVERY;1;0;360.000;360.000;0.000;-1.477;False;0.000;False;0.000;True;False
128.703;RECOVERY;1;0;370.000;360.000;0.000;-1.613;False;0.000;False;0.000;True;False
128.828;RECOVERY;1;0;360.000;360.000;0.000;-1.745;False;0.000;False;0.000;True;False
128.953;RECOVERY;1;0;360.000;360.000;0.000;-1.753;False;0.000;False;0.000;True;False
129.093;RECOVERY;1;0;360.000;360.000;0.000;-1.753;False;0.000;False;0.000;True;False
129.218;RECOVERY;1;0;360.000;360.000;0.000;-1.745;False;0.000;False;0.000;True;False
129.343;RECOVERY;1;0;360.000;360.000;0.000;-1.851;False;0.000;False;0.000;True;False
129.468;RECOVERY;1;0;360.000;360.000;0.000;-1.953;False;0.000;False;0.000;True;False
129.609;RECOVERY;1;0;370.000;360.000;0.000;-1.930;False;0.000;False;0.000;True;False
129.734;RECOVERY;1;0;350.000;360.000;0.000;-2.021;False;0.000;False;0.000;True;False
129.875;RECOVERY;1;0;360.000;360.000;0.000;-2.106;False;0.000;False;0.000;True;False
130.000;RECOVERY;1;0;370.000;360.000;0.000;-2.188;False;0.000;False;0.000;True;False
130.109;RECOVERY;1;0;360.000;360.000;0.000;-2.266;False;0.000;False;0.000;True;False
130.234;RECOVERY;1;0;360.000;360.000;0.000;-2.341;False;0.000;False;0.000;True;False
130.359;RECOVERY;1;0;360.000;360.000;0.000;-2.412;False;0.000;False;0.000;True;False
130.468;RECOVERY;1;0;360.000;360.000;0.000;-2.391;False;0.000;False;0.000;True;False
130.609;RECOVERY;1;0;360.000;360.000;0.000;-2.543;False;0.000;False;0.000;True;False
130.734;RECOVERY;1;0;360.000;360.000;0.000;-2.603;False;0.000;False;0.000;True;False
130.859;RECOVERY;1;0;370.000;360.000;0.000;-2.660;False;0.000;False;0.000;True;False
130.984;RECOVERY;1;0;360.000;360.000;0.000;-2.712;False;0.000;False;0.000;True;False
131.109;RECOVERY;1;0;370.000;360.000;0.000;-2.763;False;0.000;False;0.000;True;False
131.250;RECOVERY;1;0;370.000;360.000;0.000;-2.687;False;0.000;False;0.000;True;False
131.375;RECOVERY;1;0;360.000;360.000;0.000;-2.725;False;0.000;False;0.000;True;False
131.500;RECOVERY;1;0;370.000;360.000;0.000;-2.760;False;0.000;False;0.000;True;False
131.625;RECOVERY;1;0;370.000;370.000;6.468;-2.554;False;0.000;False;0.000;True;False
131.734;RECOVERY;1;0;370.000;370.000;9.113;-2.345;False;0.000;False;0.000;True;False
131.859;RECOVERY;1;0;360.000;370.000;11.835;-2.193;False;0.000;False;0.000;True;False
132.000;RECOVERY;1;0;380.000;370.000;15.151;-1.914;False;0.000;False;0.000;True;False
132.109;RECOVERY;1;0;360.000;370.000;13.364;-1.779;False;0.000;False;0.000;True;False
132.234;RECOVERY;1;0;390.000;370.000;12.181;-1.566;False;0.000;False;0.000;True;False
132.359;RECOVERY;1;0;370.000;370.000;9.461;-1.350;False;0.000;False;0.000;True;False
132.500;RECOVERY;1;0;370.000;370.000;5.303;-1.129;False;0.000;False;0.000;True;False
132.625;RECOVERY;1;0;370.000;370.000;0.000;-0.905;False;0.000;False;0.000;True;False
132.765;RECOVERY;1;0;370.000;370.000;0.000;-0.648;False;0.000;False;0.000;True;False
132.890;RECOVERY;1;0;360.000;370.000;0.000;-0.528;False;0.000;False;0.000;True;False
133.015;RECOVERY;1;0;370.000;370.000;0.000;-0.407;False;0.000;False;0.000;True;False
133.140;RECOVERY;1;0;360.000;370.000;0.000;-0.286;False;0.000;False;0.000;True;False
133.281;RECOVERY;1;0;360.000;370.000;0.000;-0.165;False;0.000;False;0.000;True;False
133.406;RECOVERY;1;0;370.000;370.000;0.000;-0.044;False;0.000;False;0.000;True;False
133.531;RECOVERY;1;0;370.000;370.000;0.000;0.077;False;0.000;False;0.000;True;False
133.656;RECOVERY;1;0;370.000;370.000;0.000;0.131;False;0.000;False;0.000;True;False
133.781;RECOVERY;1;0;360.000;370.000;0.000;0.246;False;0.000;False;0.000;True;False
133.922;RECOVERY;1;0;370.000;370.000;0.000;0.440;False;0.000;False;0.000;True;False
134.047;RECOVERY;1;0;370.000;370.000;0.000;0.561;False;0.000;False;0.000;True;False
134.172;RECOVERY;1;0;370.000;370.000;0.000;0.682;False;0.000;False;0.000;True;False
134.297;RECOVERY;1;0;370.000;370.000;0.000;0.803;False;0.000;False;0.000;True;False
134.422;RECOVERY;1;0;370.000;370.000;0.000;0.924;False;0.000;False;0.000;True;False
134.547;RECOVERY;1;0;370.000;370.000;0.000;1.045;False;0.000;False;0.000;True;False
134.672;RECOVERY;1;0;360.000;370.000;0.000;1.167;False;0.000;False;0.000;True;False
134.812;RECOVERY;1;0;370.000;370.000;0.000;1.288;False;0.000;False;0.000;True;False
134.937;RECOVERY;1;0;370.000;370.000;0.000;1.410;False;0.000;False;0.000;True;False
135.062;RECOVERY;1;0;370.000;370.000;0.000;1.531;False;0.000;False;0.000;True;False
135.187;RECOVERY;1;0;360.000;370.000;0.000;1.652;False;0.000;False;0.000;True;False
135.297;RECOVERY;1;0;360.000;370.000;0.000;1.633;False;0.000;False;0.000;True;False
135.406;RECOVERY;1;0;370.000;370.000;0.000;1.632;False;0.000;False;0.000;True;False
135.531;RECOVERY;1;0;370.000;370.000;0.000;1.628;False;0.000;False;0.000;True;False
135.640;RECOVERY;1;0;380.000;370.000;0.000;1.620;False;0.000;False;0.000;True;False
135.765;RECOVERY;1;0;370.000;370.000;0.000;1.727;False;0.000;False;0.000;True;False
135.890;RECOVERY;1;0;370.000;370.000;0.000;1.833;False;0.000;False;0.000;True;False
136.015;RECOVERY;1;0;370.000;370.000;0.000;1.822;False;0.000;False;0.000;True;False
136.140;RECOVERY;1;0;370.000;370.000;0.000;1.807;False;0.000;False;0.000;True;False
136.281;RECOVERY;1;0;360.000;370.000;0.000;1.789;False;0.000;False;0.000;True;False
136.406;RECOVERY;1;0;380.000;370.000;0.000;1.766;False;0.000;False;0.000;True;False
136.531;RECOVERY;1;0;360.000;370.000;0.000;1.740;False;0.000;False;0.000;True;False
136.656;RECOVERY;1;0;360.000;370.000;0.000;1.710;False;0.000;False;0.000;True;False
136.797;RECOVERY;1;0;370.000;370.000;0.000;1.676;False;0.000;False;0.000;True;False
136.922;RECOVERY;1;0;360.000;370.000;0.000;1.638;False;0.000;False;0.000;True;False
137.062;RECOVERY;1;0;370.000;370.000;0.000;1.596;False;0.000;False;0.000;True;False
137.187;RECOVERY;1;0;380.000;370.000;0.000;1.551;False;0.000;False;0.000;True;False
137.312;RECOVERY;1;0;360.000;360.000;0.000;1.388;False;0.000;False;0.000;True;False
137.437;RECOVERY;1;0;370.000;370.000;0.000;1.339;False;0.000;False;0.000;True;False
137.562;RECOVERY;1;0;370.000;370.000;0.000;1.286;False;0.000;False;0.000;True;False
137.687;RECOVERY;1;0;380.000;370.000;0.000;1.230;False;0.000;False;0.000;True;False
137.828;RECOVERY;1;0;370.000;370.000;0.916;1.170;False;0.000;False;0.000;True;False
137.953;RECOVERY;1;0;360.000;370.000;2.814;1.106;False;0.000;False;0.000;True;False
138.078;RECOVERY;1;0;370.000;370.000;4.638;1.039;False;0.000;False;0.000;True;False
138.203;RECOVERY;1;0;370.000;370.000;6.468;0.968;False;0.000;False;0.000;True;False
138.328;RECOVERY;1;0;370.000;370.000;0.000;0.893;False;0.000;False;0.000;True;False
138.453;RECOVERY;1;0;370.000;370.000;0.000;0.815;False;0.000;False;0.000;True;False
138.593;RECOVERY;1;0;380.000;370.000;0.000;0.734;False;0.000;False;0.000;True;False
138.718;RECOVERY;1;0;370.000;370.000;0.000;0.648;False;0.000;False;0.000;True;False
138.843;RECOVERY;1;0;360.000;370.000;0.000;0.559;False;0.000;False;0.000;True;False
138.968;RECOVERY;1;0;360.000;370.000;0.000;0.467;False;0.000;False;0.000;True;False
139.093;RECOVERY;1;0;370.000;370.000;0.000;0.371;False;0.000;False;0.000;True;False
139.203;RECOVERY;1;0;360.000;370.000;0.000;0.271;False;0.000;False;0.000;True;False
139.343;RECOVERY;1;0;360.000;370.000;0.000;0.168;False;0.000;False;0.000;True;False
139.468;RECOVERY;1;0;370.000;370.000;0.000;0.061;False;0.000;False;0.000;True;False
139.593;RECOVERY;1;0;360.000;360.000;0.000;-0.163;False;0.000;False;0.000;True;False
139.718;RECOVERY;1;0;370.000;360.000;0.000;-0.270;False;0.000;False;0.000;True;False
139.843;RECOVERY;1;0;370.000;360.000;0.000;-0.373;False;0.000;False;0.000;True;False
139.984;RECOVERY;1;0;350.000;360.000;0.000;-0.473;False;0.000;False;0.000;True;False
140.109;RECOVERY;1;0;370.000;370.000;0.000;-0.455;False;0.000;False;0.000;True;False
140.234;RECOVERY;1;0;360.000;360.000;0.000;-0.551;False;0.000;False;0.000;True;False
140.359;RECOVERY;1;0;370.000;370.000;2.838;-0.529;False;0.000;False;0.000;True;False
140.484;RECOVERY;1;0;360.000;370.000;12.094;-0.508;False;0.000;False;0.000;True;False
140.625;RECOVERY;1;0;370.000;370.000;12.936;-0.486;False;0.000;False;0.000;True;False
140.750;RECOVERY;1;0;370.000;370.000;12.007;-0.464;False;0.000;False;0.000;True;False
140.875;RECOVERY;1;0;370.000;370.000;9.276;-0.442;False;0.000;False;0.000;True;False
141.000;RECOVERY;1;0;360.000;370.000;4.653;-0.420;False;0.000;False;0.000;True;False
141.140;RECOVERY;1;0;370.000;370.000;6.418;-0.398;False;0.000;False;0.000;True;False
141.281;RECOVERY;1;0;360.000;370.000;0.000;-0.376;False;0.000;False;0.000;True;False
141.406;RECOVERY;1;0;370.000;370.000;0.000;-0.354;False;0.000;False;0.000;True;False
141.531;RECOVERY;1;0;370.000;370.000;0.000;-0.331;False;0.000;False;0.000;True;False
141.656;RECOVERY;1;0;360.000;370.000;0.000;-0.309;False;0.000;False;0.000;True;False
141.781;RECOVERY;1;0;360.000;370.000;0.000;-0.288;False;0.000;False;0.000;True;False
141.906;RECOVERY;1;0;370.000;370.000;0.000;-0.266;False;0.000;False;0.000;True;False
142.031;RECOVERY;1;0;370.000;370.000;0.000;-0.244;False;0.000;False;0.000;True;False
142.172;RECOVERY;1;0;370.000;370.000;0.000;-0.222;False;0.000;False;0.000;True;False
142.297;RECOVERY;1;0;370.000;370.000;0.000;-0.200;False;0.000;False;0.000;True;False
142.422;RECOVERY;1;0;360.000;370.000;0.000;-0.178;False;0.000;False;0.000;True;False
142.547;RECOVERY;1;0;370.000;370.000;0.000;-0.156;False;0.000;False;0.000;True;False
142.672;RECOVERY;1;0;370.000;370.000;0.000;-0.135;False;0.000;False;0.000;True;False
142.828;RECOVERY;1;0;360.000;370.000;0.000;-0.107;False;0.000;False;0.000;True;False
142.953;RECOVERY;1;0;360.000;370.000;0.000;-0.085;False;0.000;False;0.000;True;False
143.078;RECOVERY;1;0;360.000;370.000;0.000;-0.062;False;0.000;False;0.000;True;False
143.203;RECOVERY;1;0;370.000;370.000;0.000;-0.039;False;0.000;False;0.000;True;False
143.328;RECOVERY;1;0;370.000;370.000;0.000;-0.017;False;0.000;False;0.000;True;False
143.468;RECOVERY;1;0;360.000;360.000;0.000;-0.111;False;0.000;False;0.000;True;False
143.578;RECOVERY;1;0;360.000;360.000;0.000;-0.201;False;0.000;False;0.000;True;False
143.703;RECOVERY;1;0;370.000;360.000;0.000;-0.288;False;0.000;False;0.000;True;False
143.828;RECOVERY;1;0;360.000;360.000;0.000;-0.370;False;0.000;False;0.000;True;False
143.953;RECOVERY;1;0;380.000;360.000;0.000;-0.449;False;0.000;False;0.000;True;False
144.078;RECOVERY;1;0;370.000;370.000;0.000;-0.407;False;0.000;False;0.000;True;False
144.218;RECOVERY;1;0;360.000;370.000;4.789;-0.366;False;0.000;False;0.000;True;False
144.343;RECOVERY;1;0;380.000;370.000;14.273;-0.325;False;0.000;False;0.000;True;False
144.468;RECOVERY;1;0;370.000;370.000;13.257;-0.284;False;0.000;False;0.000;True;False
144.578;RECOVERY;1;0;380.000;370.000;13.223;-0.243;False;0.000;False;0.000;True;False
144.718;RECOVERY;1;0;370.000;370.000;11.326;-0.202;False;0.000;False;0.000;True;False
144.859;RECOVERY;1;0;370.000;370.000;6.525;-0.160;False;0.000;False;0.000;True;False
144.984;RECOVERY;1;0;370.000;370.000;0.000;-0.119;False;0.000;False;0.000;True;False
145.125;RECOVERY;1;0;370.000;370.000;0.000;-0.078;False;0.000;False;0.000;True;False
145.265;RECOVERY;1;0;380.000;370.000;0.000;-0.036;False;0.000;False;0.000;True;False
145.390;RECOVERY;1;0;380.000;370.000;0.000;-0.114;False;0.000;False;0.000;True;False
145.531;RECOVERY;1;0;370.000;370.000;0.000;-0.077;False;0.000;False;0.000;True;False
145.656;RECOVERY;1;0;370.000;370.000;0.000;-0.039;False;0.000;False;0.000;True;False
145.781;RECOVERY;1;0;370.000;370.000;0.000;-0.002;False;0.000;False;0.000;True;False
145.906;RECOVERY;1;0;370.000;370.000;0.000;0.036;False;0.000;False;0.000;True;False
146.031;RECOVERY;1;0;370.000;370.000;0.000;0.073;False;0.000;False;0.000;True;False
146.156;RECOVERY;1;0;370.000;370.000;0.000;0.110;False;0.000;False;0.000;True;False
146.297;RECOVERY;1;0;380.000;370.000;0.000;0.147;False;0.000;False;0.000;True;False
146.437;RECOVERY;1;0;380.000;370.000;0.000;0.185;False;0.000;False;0.000;True;False
146.562;RECOVERY;1;0;370.000;370.000;0.000;0.222;False;0.000;False;0.000;True;False
146.687;RECOVERY;1;0;380.000;370.000;0.000;0.259;False;0.000;False;0.000;True;False
146.812;RECOVERY;1;0;370.000;370.000;0.000;0.296;False;0.000;False;0.000;True;False
146.953;RECOVERY;1;0;370.000;370.000;0.000;0.333;False;0.000;False;0.000;True;False
147.078;RECOVERY;1;0;370.000;370.000;0.000;0.370;False;0.000;False;0.000;True;False
147.203;RECOVERY;1;0;370.000;370.000;0.000;0.407;False;0.000;False;0.000;True;False
147.328;RECOVERY;1;0;370.000;370.000;0.000;0.444;False;0.000;False;0.000;True;False
147.453;RECOVERY;1;0;360.000;370.000;0.000;0.481;False;0.000;False;0.000;True;False
147.578;RECOVERY;1;0;370.000;370.000;0.000;0.518;False;0.000;False;0.000;True;False
147.687;RECOVERY;1;0;360.000;370.000;0.000;0.437;False;0.000;False;0.000;True;False
147.812;RECOVERY;1;0;360.000;370.000;0.000;0.351;False;0.000;False;0.000;True;False
147.937;RECOVERY;1;0;360.000;370.000;0.000;0.262;False;0.000;False;0.000;True;False
148.062;RECOVERY;1;0;370.000;370.000;0.000;0.169;False;0.000;False;0.000;True;False
148.172;RECOVERY;1;0;360.000;360.000;0.000;0.077;False;0.000;False;0.000;True;False
148.297;RECOVERY;1;0;360.000;360.000;0.000;-0.131;False;0.000;False;0.000;True;False
148.437;RECOVERY;1;0;380.000;360.000;0.000;-0.220;False;0.000;False;0.000;True;False
148.562;RECOVERY;1;0;360.000;360.000;0.000;-0.305;False;0.000;False;0.000;True;False
148.687;RECOVERY;1;0;360.000;360.000;0.000;-0.387;False;0.000;False;0.000;True;False
148.812;RECOVERY;1;0;360.000;360.000;0.000;-0.465;False;0.000;False;0.000;True;False
148.937;RECOVERY;1;0;360.000;360.000;0.000;-0.540;False;0.000;False;0.000;True;False
149.078;RECOVERY;1;0;360.000;360.000;0.000;-0.611;False;0.000;False;0.000;True;False
149.203;RECOVERY;1;0;370.000;360.000;0.000;-0.678;False;0.000;False;0.000;True;False
149.328;RECOVERY;1;0;360.000;360.000;0.000;-0.741;False;0.000;False;0.000;True;False
149.453;RECOVERY;1;0;370.000;360.000;0.000;-0.801;False;0.000;False;0.000;True;False
149.578;RECOVERY;1;0;360.000;360.000;0.000;-0.857;False;0.000;False;0.000;True;False
149.718;RECOVERY;1;0;360.000;360.000;0.000;-0.910;False;0.000;False;0.000;True;False
149.859;RECOVERY;1;0;370.000;360.000;0.000;-0.959;False;0.000;False;0.000;True;False
149.984;RECOVERY;1;0;360.000;360.000;0.000;-1.004;False;0.000;False;0.000;True;False
150.109;RECOVERY;1;0;360.000;360.000;0.000;-1.046;False;0.000;False;0.000;True;False
150.234;RECOVERY;1;0;360.000;360.000;0.000;-1.083;False;0.000;False;0.000;True;False
150.359;RECOVERY;1;0;370.000;360.000;0.000;-1.117;False;0.000;False;0.000;True;False
150.500;RECOVERY;1;0;360.000;360.000;0.000;-1.147;False;0.000;False;0.000;True;False
150.625;RECOVERY;1;0;370.000;360.000;0.000;-1.174;False;0.000;False;0.000;True;False
150.750;RECOVERY;1;0;360.000;360.000;0.000;-1.197;False;0.000;False;0.000;True;False
150.875;RECOVERY;1;0;370.000;360.000;0.000;-1.216;False;0.000;False;0.000;True;False
151.000;RECOVERY;1;0;370.000;360.000;0.000;-1.231;False;0.000;False;0.000;True;False
151.125;RECOVERY;1;0;360.000;360.000;0.000;-1.242;False;0.000;False;0.000;True;False
151.265;RECOVERY;1;0;360.000;360.000;0.000;-1.250;False;0.000;False;0.000;True;False
151.390;RECOVERY;1;0;360.000;360.000;0.000;-1.253;False;0.000;False;0.000;True;False
151.515;RECOVERY;1;0;370.000;360.000;0.000;-1.373;False;0.000;False;0.000;True;False
151.640;RECOVERY;1;0;360.000;360.000;0.000;-1.494;False;0.000;False;0.000;True;False
151.765;RECOVERY;1;0;370.000;360.000;0.000;-1.616;False;0.000;False;0.000;True;False
151.906;RECOVERY;1;0;370.000;370.000;6.565;-1.620;False;0.000;False;0.000;True;False
152.031;RECOVERY;1;0;360.000;360.000;4.702;-1.745;False;0.000;False;0.000;True;False
152.156;RECOVERY;1;0;370.000;360.000;2.876;-1.750;False;0.000;False;0.000;True;False
152.281;RECOVERY;1;0;360.000;360.000;1.024;-1.750;False;0.000;False;0.000;True;False
152.406;RECOVERY;1;0;360.000;360.000;0.000;-1.747;False;0.000;False;0.000;True;False
152.547;RECOVERY;1;0;360.000;360.000;0.000;-1.740;False;0.000;False;0.000;True;False
152.672;RECOVERY;1;0;370.000;360.000;0.000;-1.730;False;0.000;False;0.000;True;False
152.797;RECOVERY;1;0;360.000;360.000;0.000;-1.715;False;0.000;False;0.000;True;False
152.922;RECOVERY;1;0;360.000;360.000;0.000;-1.697;False;0.000;False;0.000;True;False
153.047;RECOVERY;1;0;360.000;360.000;0.000;-1.675;False;0.000;False;0.000;True;False
153.172;RECOVERY;1;0;360.000;360.000;0.000;-1.649;False;0.000;False;0.000;True;False
153.312;RECOVERY;1;0;360.000;360.000;0.000;-1.618;False;0.000;False;0.000;True;False
153.437;RECOVERY;1;0;360.000;360.000;0.000;-1.584;False;0.000;False;0.000;True;False
153.562;RECOVERY;1;0;360.000;360.000;0.000;-1.546;False;0.000;False;0.000;True;False
153.687;RECOVERY;1;0;370.000;360.000;0.000;-1.504;False;0.000;False;0.000;True;False
153.812;RECOVERY;1;0;360.000;360.000;0.000;-1.459;False;0.000;False;0.000;True;False
153.937;RECOVERY;1;0;370.000;360.000;0.000;-1.410;False;0.000;False;0.000;True;False
154.078;RECOVERY;1;0;360.000;360.000;0.000;-1.357;False;0.000;False;0.000;True;False
154.203;RECOVERY;1;0;360.000;360.000;0.000;-1.300;False;0.000;False;0.000;True;False
154.328;RECOVERY;1;0;360.000;360.000;0.000;-1.240;False;0.000;False;0.000;True;False
154.453;RECOVERY;1;0;360.000;360.000;0.000;-1.176;False;0.000;False;0.000;True;False
154.593;RECOVERY;1;0;360.000;360.000;0.000;-1.107;False;0.000;False;0.000;True;False
154.718;RECOVERY;1;0;360.000;360.000;0.000;-1.036;False;0.000;False;0.000;True;False
154.828;RECOVERY;1;0;360.000;360.000;0.000;-0.961;False;0.000;False;0.000;True;False
154.953;RECOVERY;1;0;350.000;360.000;0.000;-0.936;False;0.000;False;0.000;True;False
155.078;RECOVERY;1;0;360.000;360.000;0.000;-0.860;False;0.000;False;0.000;True;False
155.187;RECOVERY;1;0;350.000;360.000;0.000;-0.780;False;0.000;False;0.000;True;False
155.328;RECOVERY;1;0;350.000;360.000;0.000;-0.696;False;0.000;False;0.000;True;False
155.453;RECOVERY;1;0;360.000;360.000;0.000;-0.609;False;0.000;False;0.000;True;False
155.578;RECOVERY;1;0;360.000;360.000;0.000;-0.518;False;0.000;False;0.000;True;False
155.703;RECOVERY;1;0;360.000;360.000;0.000;-0.333;False;0.000;False;0.000;True;False
155.828;RECOVERY;1;0;350.000;360.000;0.000;-0.229;False;0.000;False;0.000;True;False
155.953;RECOVERY;1;0;360.000;360.000;0.000;-0.120;False;0.000;False;0.000;True;False
156.093;RECOVERY;1;0;350.000;360.000;0.000;-0.007;False;0.000;False;0.000;True;False
156.203;RECOVERY;1;0;350.000;350.000;0.000;-0.127;False;0.000;False;0.000;True;False
156.328;RECOVERY;1;0;360.000;360.000;0.000;-0.127;False;0.000;False;0.000;True;False
156.453;RECOVERY;1;0;360.000;360.000;0.000;-0.127;False;0.000;False;0.000;True;False
156.578;RECOVERY;1;0;370.000;360.000;0.000;-0.127;False;0.000;False;0.000;True;False
156.718;RECOVERY;1;0;350.000;360.000;0.998;-0.127;False;0.000;False;0.000;True;False
156.859;RECOVERY;1;0;360.000;360.000;2.851;-0.127;False;0.000;False;0.000;True;False
156.984;RECOVERY;1;0;360.000;360.000;4.651;-0.127;False;0.000;False;0.000;True;False
157.109;RECOVERY;1;0;360.000;360.000;6.282;-0.127;False;0.000;False;0.000;True;False
157.234;RECOVERY;1;0;360.000;360.000;0.000;-0.127;False;0.000;False;0.000;True;False
157.359;RECOVERY;1;0;360.000;360.000;0.000;-0.127;False;0.000;False;0.000;True;False
157.500;RECOVERY;1;0;350.000;360.000;0.000;-0.128;False;0.000;False;0.000;True;False
157.625;RECOVERY;1;0;370.000;360.000;0.000;-0.128;False;0.000;False;0.000;True;False
157.750;RECOVERY;1;0;350.000;360.000;0.000;-0.128;False;0.000;False;0.000;True;False
157.875;RECOVERY;1;0;350.000;360.000;0.000;-0.128;False;0.000;False;0.000;True;False
158.000;RECOVERY;1;0;360.000;360.000;0.000;-0.128;False;0.000;False;0.000;True;False
158.125;RECOVERY;1;0;370.000;360.000;0.000;-0.128;False;0.000;False;0.000;True;False
158.250;RECOVERY;1;0;370.000;360.000;0.000;-0.128;False;0.000;False;0.000;True;False
158.375;RECOVERY;1;0;350.000;360.000;0.000;-0.128;False;0.000;False;0.000;True;False
158.500;RECOVERY;1;0;360.000;360.000;0.000;-0.122;False;0.000;False;0.000;True;False
158.640;RECOVERY;1;0;370.000;360.000;0.000;-0.128;False;0.000;False;0.000;True;False
158.781;RECOVERY;1;0;380.000;360.000;0.000;-0.128;False;0.000;False;0.000;True;False
158.906;RECOVERY;1;0;350.000;360.000;0.000;-0.128;False;0.000;False;0.000;True;False
159.047;RECOVERY;1;0;350.000;360.000;0.000;-0.128;False;0.000;False;0.000;True;False
159.172;RECOVERY;1;0;370.000;370.000;6.231;-0.010;False;0.000;False;0.000;True;False
159.297;RECOVERY;1;0;380.000;370.000;10.646;0.104;False;0.000;False;0.000;True;False
159.422;RECOVERY;1;0;360.000;360.000;7.253;0.097;False;0.000;False;0.000;True;False
159.562;RECOVERY;1;0;360.000;360.000;3.669;0.089;False;0.000;False;0.000;True;False
159.687;RECOVERY;1;0;360.000;360.000;0.007;0.081;False;0.000;False;0.000;True;False
159.812;RECOVERY;1;0;350.000;360.000;0.000;0.074;False;0.000;False;0.000;True;False
159.937;RECOVERY;1;0;360.000;360.000;0.000;0.187;False;0.000;False;0.000;True;False
160.062;RECOVERY;1;0;360.000;360.000;0.000;0.183;False;0.000;False;0.000;True;False
160.187;RECOVERY;1;0;360.000;360.000;0.000;0.179;False;0.000;False;0.000;True;False
160.328;RECOVERY;1;0;360.000;360.000;0.000;0.175;False;0.000;False;0.000;True;False
160.453;RECOVERY;1;0;350.000;360.000;0.000;0.171;False;0.000;False;0.000;True;False
160.578;RECOVERY;1;0;350.000;360.000;0.000;0.167;False;0.000;False;0.000;True;False
160.687;RECOVERY;1;0;360.000;360.000;0.000;0.163;False;0.000;False;0.000;True;False
160.812;RECOVERY;1;0;360.000;360.000;0.000;0.160;False;0.000;False;0.000;True;False
160.937;RECOVERY;1;0;350.000;360.000;0.000;0.156;False;0.000;False;0.000;True;False
161.078;RECOVERY;1;0;350.000;360.000;0.000;0.152;False;0.000;False;0.000;True;False
161.203;RECOVERY;1;0;360.000;360.000;0.000;0.148;False;0.000;False;0.000;True;False
161.328;RECOVERY;1;0;360.000;360.000;0.000;0.144;False;0.000;False;0.000;True;False
161.453;RECOVERY;1;0;350.000;350.000;0.000;0.024;False;0.000;False;0.000;True;False
161.578;RECOVERY;1;0;350.000;350.000;0.000;-0.092;False;0.000;False;0.000;True;False
161.718;RECOVERY;1;0;360.000;360.000;0.000;-0.089;False;0.000;False;0.000;True;False
161.828;RECOVERY;1;0;360.000;360.000;0.000;-0.085;False;0.000;False;0.000;True;False
161.968;RECOVERY;1;0;360.000;360.000;0.111;-0.081;False;0.000;False;0.000;True;False
162.109;RECOVERY;1;0;360.000;360.000;3.813;-0.077;False;0.000;False;0.000;True;False
162.250;RECOVERY;1;0;360.000;360.000;7.292;-0.073;False;0.000;False;0.000;True;False
162.390;RECOVERY;1;0;360.000;360.000;10.544;-0.070;False;0.000;False;0.000;True;False
162.515;RECOVERY;1;0;360.000;360.000;6.105;-0.066;False;0.000;False;0.000;True;False
162.640;RECOVERY;1;0;360.000;360.000;0.000;-0.062;False;0.000;False;0.000;True;False
162.765;RECOVERY;1;0;350.000;360.000;0.000;-0.058;False;0.000;False;0.000;True;False
162.890;RECOVERY;1;0;360.000;360.000;0.000;-0.054;False;0.000;False;0.000;True;False
163.015;RECOVERY;1;0;370.000;360.000;0.000;-0.051;False;0.000;False;0.000;True;False
163.156;RECOVERY;1;0;350.000;360.000;0.000;-0.047;False;0.000;False;0.000;True;False
163.281;RECOVERY;1;0;350.000;360.000;0.000;-0.043;False;0.000;False;0.000;True;False
163.406;RECOVERY;1;0;370.000;360.000;0.000;-0.039;False;0.000;False;0.000;True;False
163.531;RECOVERY;1;0;360.000;360.000;0.000;-0.035;False;0.000;False;0.000;True;False
163.656;RECOVERY;1;0;370.000;360.000;0.000;-0.032;False;0.000;False;0.000;True;False
163.797;RECOVERY;1;0;360.000;360.000;0.000;-0.028;False;0.000;False;0.000;True;False
163.937;RECOVERY;1;0;370.000;360.000;0.000;-0.024;False;0.000;False;0.000;True;False
164.062;RECOVERY;1;0;360.000;360.000;0.000;-0.020;False;0.000;False;0.000;True;False
164.187;RECOVERY;1;0;350.000;360.000;0.000;-0.017;False;0.000;False;0.000;True;False
164.312;RECOVERY;1;0;370.000;360.000;0.000;-0.132;False;0.000;False;0.000;True;False
164.437;RECOVERY;1;0;360.000;360.000;0.000;-0.132;False;0.000;False;0.000;True;False
164.578;RECOVERY;1;0;360.000;360.000;0.000;-0.132;False;0.000;False;0.000;True;False
164.703;RECOVERY;1;0;360.000;360.000;0.000;-0.132;False;0.000;False;0.000;True;False
164.828;RECOVERY;1;0;360.000;360.000;0.000;-0.132;False;0.000;False;0.000;True;False
164.968;RECOVERY;1;0;370.000;360.000;0.000;-0.132;False;0.000;False;0.000;True;False
165.093;RECOVERY;1;0;360.000;360.000;0.000;-0.132;False;0.000;False;0.000;True;False
165.203;RECOVERY;1;0;370.000;360.000;0.000;-0.132;False;0.000;False;0.000;True;False
165.343;RECOVERY;1;0;360.000;360.000;0.000;-0.132;False;0.000;False;0.000;True;False
165.468;RECOVERY;1;0;370.000;360.000;0.000;-0.132;False;0.000;False;0.000;True;False
165.593;RECOVERY;1;0;360.000;360.000;0.000;-0.132;False;0.000;False;0.000;True;False
165.718;RECOVERY;1;0;370.000;360.000;0.000;-0.132;False;0.000;False;0.000;True;False
165.843;RECOVERY;1;0;370.000;370.000;6.636;-0.017;False;0.000;False;0.000;True;False
165.984;RECOVERY;1;0;370.000;370.000;11.259;0.095;False;0.000;False;0.000;True;False
166.109;RECOVERY;1;0;360.000;370.000;13.876;0.203;False;0.000;False;0.000;True;False
166.218;RECOVERY;1;0;360.000;370.000;15.105;0.307;False;0.000;False;0.000;True;False
166.359;RECOVERY;1;0;370.000;370.000;14.078;0.408;False;0.000;False;0.000;True;False
166.484;RECOVERY;1;0;360.000;370.000;11.252;0.504;False;0.000;False;0.000;True;False
166.625;RECOVERY;1;0;370.000;370.000;6.485;0.598;False;0.000;False;0.000;True;False
166.734;RECOVERY;1;0;370.000;370.000;0.000;0.687;False;0.000;False;0.000;True;False
166.859;RECOVERY;1;0;360.000;370.000;0.000;0.773;False;0.000;False;0.000;True;False
166.984;RECOVERY;1;0;370.000;370.000;0.000;0.855;False;0.000;False;0.000;True;False
167.109;RECOVERY;1;0;350.000;360.000;0.000;0.818;False;0.000;False;0.000;True;False
167.218;RECOVERY;1;0;350.000;360.000;0.000;0.900;False;0.000;False;0.000;True;False
167.359;RECOVERY;1;0;350.000;360.000;0.000;0.987;False;0.000;False;0.000;True;False
167.484;RECOVERY;1;0;360.000;360.000;0.000;0.958;False;0.000;False;0.000;True;False
167.609;RECOVERY;1;0;360.000;360.000;0.000;0.928;False;0.000;False;0.000;True;False
167.734;RECOVERY;1;0;360.000;360.000;0.000;0.899;False;0.000;False;0.000;True;False
167.875;RECOVERY;1;0;350.000;360.000;0.000;0.869;False;0.000;False;0.000;True;False
168.000;RECOVERY;1;0;360.000;360.000;0.000;0.840;False;0.000;False;0.000;True;False
168.140;RECOVERY;1;0;350.000;350.000;0.000;0.695;False;0.000;False;0.000;True;False
168.265;RECOVERY;1;0;370.000;360.000;0.000;0.669;False;0.000;False;0.000;True;False
168.390;RECOVERY;1;0;360.000;360.000;0.000;0.643;False;0.000;False;0.000;True;False
168.500;RECOVERY;1;0;370.000;360.000;0.000;0.617;False;0.000;False;0.000;True;False
168.625;RECOVERY;1;0;360.000;360.000;0.756;0.591;False;0.000;False;0.000;True;False
168.765;RECOVERY;1;0;360.000;360.000;2.710;0.566;False;0.000;False;0.000;True;False
168.875;RECOVERY;1;0;360.000;360.000;2.576;0.540;False;0.000;False;0.000;True;False
169.015;RECOVERY;1;0;370.000;360.000;6.672;0.515;False;0.000;False;0.000;True;False
169.140;RECOVERY;1;0;370.000;360.000;5.299;0.489;False;0.000;False;0.000;True;False
169.281;RECOVERY;1;0;370.000;370.000;6.681;0.579;False;0.000;False;0.000;True;False
169.422;RECOVERY;1;0;370.000;370.000;11.064;0.666;False;0.000;False;0.000;True;False
169.547;RECOVERY;1;0;380.000;370.000;13.655;0.628;False;0.000;False;0.000;True;False
169.672;RECOVERY;1;0;370.000;370.000;14.568;0.582;False;0.000;False;0.000;True;False
169.781;RECOVERY;1;0;370.000;370.000;13.826;0.650;False;0.000;False;0.000;True;False
169.906;RECOVERY;1;0;380.000;370.000;11.433;0.714;False;0.000;False;0.000;True;False
170.031;RECOVERY;1;0;370.000;370.000;6.878;0.774;False;0.000;False;0.000;True;False
170.187;RECOVERY;1;0;380.000;370.000;0.000;0.831;False;0.000;False;0.000;True;False
170.328;RECOVERY;1;0;370.000;370.000;0.000;0.884;False;0.000;False;0.000;True;False
170.453;RECOVERY;1;0;360.000;370.000;0.000;0.933;False;0.000;False;0.000;True;False
170.578;RECOVERY;1;0;370.000;370.000;0.000;0.979;False;0.000;False;0.000;True;False
170.718;RECOVERY;1;0;370.000;370.000;0.000;1.020;False;0.000;False;0.000;True;False
170.859;RECOVERY;1;0;360.000;370.000;0.000;1.057;False;0.000;False;0.000;True;False
171.000;RECOVERY;1;0;370.000;370.000;0.000;1.091;False;0.000;False;0.000;True;False
171.125;RECOVERY;1;0;370.000;370.000;0.000;1.121;False;0.000;False;0.000;True;False
171.250;RECOVERY;1;0;370.000;370.000;0.000;1.147;False;0.000;False;0.000;True;False
171.375;RECOVERY;1;0;370.000;370.000;0.000;1.169;False;0.000;False;0.000;True;False
171.515;RECOVERY;1;0;380.000;370.000;0.000;1.188;False;0.000;False;0.000;True;False
171.640;RECOVERY;1;0;370.000;370.000;0.000;1.202;False;0.000;False;0.000;True;False
171.765;RECOVERY;1;0;370.000;370.000;0.000;1.213;False;0.000;False;0.000;True;False
171.890;RECOVERY;1;0;370.000;370.000;0.000;1.220;False;0.000;False;0.000;True;False
172.000;RECOVERY;1;0;370.000;370.000;0.000;1.223;False;0.000;False;0.000;True;False
172.125;RECOVERY;1;0;370.000;370.000;0.000;1.223;False;0.000;False;0.000;True;False
172.265;RECOVERY;1;0;360.000;370.000;0.000;1.219;False;0.000;False;0.000;True;False
172.390;RECOVERY;1;0;370.000;370.000;0.000;1.211;False;0.000;False;0.000;True;False
172.515;RECOVERY;1;0;370.000;370.000;0.000;1.200;False;0.000;False;0.000;True;False
172.640;RECOVERY;1;0;360.000;370.000;0.000;1.184;False;0.000;False;0.000;True;False
172.750;RECOVERY;1;0;380.000;370.000;0.000;1.166;False;0.000;False;0.000;True;False
172.875;RECOVERY;1;0;370.000;370.000;0.000;1.143;False;0.000;False;0.000;True;False
173.015;RECOVERY;1;0;380.000;370.000;0.000;1.117;False;0.000;False;0.000;True;False
173.140;RECOVERY;1;0;380.000;370.000;0.000;1.087;False;0.000;False;0.000;True;False
173.281;RECOVERY;1;0;370.000;370.000;0.000;1.053;False;0.000;False;0.000;True;False
173.422;RECOVERY;1;0;380.000;370.000;0.000;1.015;False;0.000;False;0.000;True;False
173.547;RECOVERY;1;0;370.000;370.000;0.000;0.974;False;0.000;False;0.000;True;False
173.672;RECOVERY;1;0;370.000;370.000;0.000;0.929;False;0.000;False;0.000;True;False
173.797;RECOVERY;1;0;380.000;380.000;6.178;0.996;False;0.000;False;0.000;True;False
173.922;RECOVERY;1;0;380.000;380.000;10.818;1.175;False;0.000;False;0.000;True;False
174.062;RECOVERY;1;0;370.000;380.000;13.614;1.349;False;0.000;False;0.000;True;False
174.203;RECOVERY;1;0;380.000;380.000;14.561;1.519;False;0.000;False;0.000;True;False
174.328;RECOVERY;1;0;370.000;370.000;7.150;1.570;False;0.000;False;0.000;True;False
174.453;RECOVERY;1;0;380.000;380.000;6.226;1.736;False;0.000;False;0.000;True;False
174.578;RECOVERY;1;0;380.000;380.000;3.534;1.899;False;0.000;False;0.000;True;False
174.718;RECOVERY;1;0;380.000;380.000;0.000;2.057;False;0.000;False;0.000;True;False
174.843;RECOVERY;1;0;380.000;380.000;0.841;2.212;False;0.000;False;0.000;True;False
174.953;RECOVERY;1;0;380.000;380.000;2.759;2.363;False;0.000;False;0.000;True;False
175.093;RECOVERY;1;0;380.000;380.000;4.697;2.511;False;0.000;False;0.000;True;False
175.203;RECOVERY;1;0;380.000;380.000;3.988;2.537;False;0.000;False;0.000;True;False
175.328;RECOVERY;1;0;380.000;380.000;5.363;2.557;False;0.000;False;0.000;True;False
175.453;RECOVERY;1;0;380.000;380.000;0.000;2.568;False;0.000;False;0.000;True;False
175.593;RECOVERY;1;0;380.000;380.000;0.000;2.572;False;0.000;False;0.000;True;False
175.718;RECOVERY;1;0;380.000;380.000;0.000;2.569;False;0.000;False;0.000;True;False
175.843;RECOVERY;1;0;380.000;380.000;0.000;2.559;False;0.000;False;0.000;True;False
175.968;RECOVERY;1;0;370.000;380.000;0.000;2.541;False;0.000;False;0.000;True;False
176.093;RECOVERY;1;0;370.000;380.000;0.000;2.516;False;0.000;False;0.000;True;False
176.203;RECOVERY;1;0;380.000;380.000;0.000;2.365;False;0.000;False;0.000;True;False
176.328;RECOVERY;1;0;370.000;380.000;0.000;2.321;False;0.000;False;0.000;True;False
176.468;RECOVERY;1;0;380.000;380.000;0.000;2.270;False;0.000;False;0.000;True;False
176.593;RECOVERY;1;0;380.000;380.000;0.000;2.211;False;0.000;False;0.000;True;False
176.718;RECOVERY;1;0;370.000;380.000;0.000;2.146;False;0.000;False;0.000;True;False
176.843;RECOVERY;1;0;370.000;370.000;0.000;1.957;False;0.000;False;0.000;True;False
176.968;RECOVERY;1;0;370.000;370.000;0.000;1.765;False;0.000;False;0.000;True;False
177.093;RECOVERY;1;0;370.000;370.000;0.000;1.568;False;0.000;False;0.000;True;False
177.218;RECOVERY;1;0;370.000;370.000;0.000;1.367;False;0.000;False;0.000;True;False
177.343;RECOVERY;1;0;370.000;370.000;0.000;1.283;False;0.000;False;0.000;True;False
177.484;RECOVERY;1;0;370.000;370.000;0.000;1.197;False;0.000;False;0.000;True;False
177.625;RECOVERY;1;0;370.000;370.000;0.000;1.112;False;0.000;False;0.000;True;False
177.765;RECOVERY;1;0;370.000;370.000;0.000;1.025;False;0.000;False;0.000;True;False
177.906;RECOVERY;1;0;360.000;370.000;0.000;0.939;False;0.000;False;0.000;True;False
178.047;RECOVERY;1;0;370.000;370.000;0.000;0.849;False;0.000;False;0.000;True;False
178.172;RECOVERY;1;0;360.000;370.000;0.000;0.765;False;0.000;False;0.000;True;False
178.297;RECOVERY;1;0;370.000;370.000;0.000;0.678;False;0.000;False;0.000;True;False
178.422;RECOVERY;1;0;380.000;370.000;0.000;0.591;False;0.000;False;0.000;True;False
178.562;RECOVERY;1;0;370.000;370.000;0.000;0.504;False;0.000;False;0.000;True;False
178.687;RECOVERY;1;0;360.000;370.000;0.000;0.417;False;0.000;False;0.000;True;False
178.812;RECOVERY;1;0;370.000;370.000;0.000;0.330;False;0.000;False;0.000;True;False
178.937;RECOVERY;1;0;370.000;370.000;0.000;0.243;False;0.000;False;0.000;True;False
179.062;RECOVERY;1;0;360.000;370.000;0.000;0.157;False;0.000;False;0.000;True;False
179.203;RECOVERY;1;0;370.000;370.000;0.000;0.070;False;0.000;False;0.000;True;False
179.328;RECOVERY;1;0;360.000;370.000;0.000;-0.016;False;0.000;False;0.000;True;False
179.453;RECOVERY;1;0;360.000;370.000;0.000;-0.102;False;0.000;False;0.000;True;False
179.578;RECOVERY;1;0;360.000;360.000;0.000;-0.305;False;0.000;False;0.000;True;False
179.703;RECOVERY;1;0;360.000;360.000;0.000;-0.503;False;0.000;False;0.000;True;False
179.828;RECOVERY;1;0;370.000;360.000;0.000;-0.697;False;0.000;False;0.000;True;False
179.968;RECOVERY;1;0;360.000;360.000;0.000;-0.888;False;0.000;False;0.000;True;False
180.093;RECOVERY;1;0;360.000;360.000;0.000;-1.075;False;0.000;False;0.000;True;False
180.218;RECOVERY;1;0;360.000;360.000;0.000;-1.258;False;0.000;False;0.000;True;False
180.343;RECOVERY;1;0;360.000;360.000;0.000;-1.437;False;0.000;False;0.000;True;False
180.468;RECOVERY;1;0;360.000;360.000;0.000;-1.612;False;0.000;False;0.000;True;False
180.609;RECOVERY;1;0;370.000;360.000;0.000;-1.784;False;0.000;False;0.000;True;False
180.734;RECOVERY;1;0;370.000;360.000;0.000;-1.952;False;0.000;False;0.000;True;False
180.859;RECOVERY;1;0;350.000;360.000;0.000;-2.117;False;0.000;False;0.000;True;False
180.984;RECOVERY;1;0;370.000;360.000;0.000;-2.279;False;0.000;False;0.000;True;False
181.109;RECOVERY;1;0;370.000;360.000;0.000;-2.436;False;0.000;False;0.000;True;False
181.234;RECOVERY;1;0;350.000;360.000;0.000;-2.590;False;0.000;False;0.000;True;False
181.375;RECOVERY;1;0;360.000;360.000;0.000;-2.739;False;0.000;False;0.000;True;False
181.500;RECOVERY;1;0;360.000;360.000;0.000;-2.884;False;0.000;False;0.000;True;False
181.625;RECOVERY;1;0;370.000;370.000;6.516;-2.909;False;0.000;False;0.000;True;False
181.750;RECOVERY;1;0;360.000;360.000;4.653;-3.051;False;0.000;False;0.000;True;False
181.875;RECOVERY;1;0;370.000;360.000;2.818;-3.070;False;0.000;False;0.000;True;False
182.000;RECOVERY;1;0;370.000;370.000;7.464;-2.965;False;0.000;False;0.000;True;False
182.140;RECOVERY;1;0;360.000;360.000;3.659;-2.972;False;0.000;False;0.000;True;False
182.250;RECOVERY;1;0;360.000;360.000;0.000;-2.972;False;0.000;False;0.000;True;False
182.375;RECOVERY;1;0;360.000;360.000;0.000;-3.083;False;0.000;False;0.000;True;False
182.500;RECOVERY;1;0;360.000;360.000;0.000;-3.072;False;0.000;False;0.000;True;False
182.640;RECOVERY;1;0;360.000;360.000;0.000;-3.053;False;0.000;False;0.000;True;False
182.765;RECOVERY;1;0;360.000;360.000;0.000;-3.026;False;0.000;False;0.000;True;False
182.875;RECOVERY;1;0;350.000;360.000;0.000;-2.993;False;0.000;False;0.000;True;False
183.000;RECOVERY;1;0;360.000;360.000;0.000;-2.953;False;0.000;False;0.000;True;False
183.125;RECOVERY;1;0;350.000;360.000;0.000;-2.905;False;0.000;False;0.000;True;False
183.250;RECOVERY;1;0;370.000;360.000;0.000;-2.851;False;0.000;False;0.000;True;False
183.390;RECOVERY;1;0;360.000;360.000;0.000;-2.788;False;0.000;False;0.000;True;False
183.531;RECOVERY;1;0;360.000;360.000;0.000;-2.718;False;0.000;False;0.000;True;False
183.656;RECOVERY;1;0;360.000;360.000;0.000;-2.639;False;0.000;False;0.000;True;False
183.781;RECOVERY;1;0;370.000;360.000;0.000;-2.554;False;0.000;False;0.000;True;False
183.906;RECOVERY;1;0;350.000;360.000;0.000;-2.461;False;0.000;False;0.000;True;False
184.031;RECOVERY;1;0;360.000;360.000;0.000;-2.361;False;0.000;False;0.000;True;False
184.156;RECOVERY;1;0;350.000;360.000;0.000;-2.253;False;0.000;False;0.000;True;False
184.297;RECOVERY;1;0;360.000;360.000;0.000;-2.138;False;0.000;False;0.000;True;False
184.422;RECOVERY;1;0;350.000;360.000;0.000;-2.015;False;0.000;False;0.000;True;False
184.547;RECOVERY;1;0;350.000;360.000;0.000;-1.884;False;0.000;False;0.000;True;False
184.672;RECOVERY;1;0;360.000;360.000;0.000;-1.746;False;0.000;False;0.000;True;False
184.797;RECOVERY;1;0;360.000;360.000;0.000;-1.600;False;0.000;False;0.000;True;False
184.937;RECOVERY;1;0;360.000;360.000;0.000;-1.567;False;0.000;False;0.000;True;False
185.062;RECOVERY;1;0;350.000;360.000;0.000;-1.530;False;0.000;False;0.000;True;False
185.187;RECOVERY;1;0;360.000;360.000;0.000;-1.489;False;0.000;False;0.000;True;False
185.328;RECOVERY;1;0;360.000;360.000;0.000;-1.445;False;0.000;False;0.000;True;False
185.453;RECOVERY;1;0;360.000;360.000;0.000;-1.396;False;0.000;False;0.000;True;False
185.593;RECOVERY;1;0;360.000;360.000;0.000;-1.344;False;0.000;False;0.000;True;False
185.718;RECOVERY;1;0;360.000;360.000;0.000;-1.287;False;0.000;False;0.000;True;False
185.843;RECOVERY;1;0;360.000;360.000;0.000;-1.227;False;0.000;False;0.000;True;False
185.968;RECOVERY;1;0;350.000;360.000;0.000;-1.163;False;0.000;False;0.000;True;False
186.093;RECOVERY;1;0;360.000;360.000;0.000;-1.095;False;0.000;False;0.000;True;False
186.218;RECOVERY;1;0;350.000;360.000;0.000;-1.023;False;0.000;False;0.000;True;False
186.359;RECOVERY;1;0;360.000;360.000;0.000;-0.947;False;0.000;False;0.000;True;False
186.484;RECOVERY;1;0;350.000;360.000;0.000;-0.868;False;0.000;False;0.000;True;False
186.609;RECOVERY;1;0;380.000;360.000;0.000;-0.785;False;0.000;False;0.000;True;False
186.734;RECOVERY;1;0;360.000;360.000;0.000;-0.699;False;0.000;False;0.000;True;False
186.859;RECOVERY;1;0;360.000;360.000;0.000;-0.608;False;0.000;False;0.000;True;False
186.984;RECOVERY;1;0;350.000;360.000;0.000;-0.514;False;0.000;False;0.000;True;False
187.125;RECOVERY;1;0;350.000;360.000;0.000;-0.416;False;0.000;False;0.000;True;False
187.250;RECOVERY;1;0;350.000;350.000;0.000;-0.432;False;0.000;False;0.000;True;False
187.375;RECOVERY;1;0;360.000;360.000;0.000;-0.323;False;0.000;False;0.000;True;False
187.500;RECOVERY;1;0;360.000;360.000;0.000;-0.210;False;0.000;False;0.000;True;False
187.640;RECOVERY;1;0;360.000;360.000;0.000;-0.214;False;0.000;False;0.000;True;False
187.765;RECOVERY;1;0;360.000;360.000;0.885;-0.218;False;0.000;False;0.000;True;False
187.890;RECOVERY;1;0;360.000;360.000;2.733;-0.221;False;0.000;False;0.000;True;False
188.015;RECOVERY;1;0;360.000;360.000;4.660;-0.225;False;0.000;False;0.000;True;False
188.140;RECOVERY;1;0;370.000;360.000;6.526;-0.229;False;0.000;False;0.000;True;False
188.250;RECOVERY;1;0;360.000;360.000;5.313;-0.233;False;0.000;False;0.000;True;False
188.390;RECOVERY;1;0;360.000;360.000;0.000;-0.236;False;0.000;False;0.000;True;False
188.515;RECOVERY;1;0;370.000;360.000;0.000;-0.240;False;0.000;False;0.000;True;False
188.640;RECOVERY;1;0;360.000;360.000;0.000;-0.244;False;0.000;False;0.000;True;False
188.765;RECOVERY;1;0;350.000;360.000;0.000;-0.247;False;0.000;False;0.000;True;False
188.875;RECOVERY;1;0;360.000;360.000;0.000;-0.251;False;0.000;False;0.000;True;False
189.000;RECOVERY;1;0;370.000;360.000;0.000;-0.255;False;0.000;False;0.000;True;False
189.125;RECOVERY;1;0;360.000;360.000;0.000;-0.259;False;0.000;False;0.000;True;False
189.250;RECOVERY;1;0;360.000;360.000;0.000;-0.263;False;0.000;False;0.000;True;False
189.375;RECOVERY;1;0;360.000;360.000;0.000;-0.253;False;0.000;False;0.000;True;False
189.500;RECOVERY;1;0;360.000;360.000;0.000;-0.256;False;0.000;False;0.000;True;False
189.625;RECOVERY;1;0;360.000;360.000;0.000;-0.260;False;0.000;False;0.000;True;False
189.765;RECOVERY;1;0;360.000;360.000;0.000;-0.155;False;0.000;False;0.000;True;False
189.890;RECOVERY;1;0;360.000;360.000;0.000;-0.155;False;0.000;False;0.000;True;False
190.000;RECOVERY;1;0;360.000;360.000;0.000;-0.148;False;0.000;False;0.000;True;False
190.140;RECOVERY;1;0;350.000;360.000;0.000;-0.031;False;0.000;False;0.000;True;False
190.250;RECOVERY;1;0;360.000;360.000;0.000;-0.028;False;0.000;False;0.000;True;False
190.375;RECOVERY;1;0;370.000;360.000;0.000;-0.024;False;0.000;False;0.000;True;False
190.500;RECOVERY;1;0;360.000;360.000;0.000;-0.020;False;0.000;False;0.000;True;False
190.625;RECOVERY;1;0;360.000;360.000;0.000;-0.017;False;0.000;False;0.000;True;False
190.750;RECOVERY;1;0;360.000;360.000;0.000;-0.013;False;0.000;False;0.000;True;False
190.875;RECOVERY;1;0;360.000;360.000;0.000;-0.010;False;0.000;False;0.000;True;False
190.984;RECOVERY;1;0;360.000;360.000;0.000;-0.006;False;0.000;False;0.000;True;False
191.109;RECOVERY;1;0;360.000;360.000;0.000;-0.003;False;0.000;False;0.000;True;False
191.234;RECOVERY;1;0;360.000;360.000;0.000;0.001;False;0.000;False;0.000;True;False
191.359;RECOVERY;1;0;370.000;360.000;0.000;0.005;False;0.000;False;0.000;True;False
191.500;RECOVERY;1;0;360.000;360.000;0.000;0.008;False;0.000;False;0.000;True;False
191.625;RECOVERY;1;0;350.000;360.000;0.000;0.012;False;0.000;False;0.000;True;False
191.750;RECOVERY;1;0;360.000;360.000;0.000;0.016;False;0.000;False;0.000;True;False
191.875;RECOVERY;1;0;370.000;360.000;0.000;0.019;False;0.000;False;0.000;True;False
192.000;RECOVERY;1;0;360.000;360.000;0.000;0.023;False;0.000;False;0.000;True;False
192.125;RECOVERY;1;0;360.000;360.000;0.000;0.027;False;0.000;False;0.000;True;False
192.265;RECOVERY;1;0;360.000;360.000;0.000;0.030;False;0.000;False;0.000;True;False
192.390;RECOVERY;1;0;360.000;360.000;0.000;0.034;False;0.000;False;0.000;True;False
192.515;RECOVERY;1;0;360.000;360.000;0.000;0.038;False;0.000;False;0.000;True;False
192.640;RECOVERY;1;0;360.000;360.000;0.000;0.041;False;0.000;False;0.000;True;False
192.781;RECOVERY;1;0;370.000;360.000;0.000;0.045;False;0.000;False;0.000;True;False
192.922;RECOVERY;1;0;360.000;360.000;0.000;0.049;False;0.000;False;0.000;True;False
193.047;RECOVERY;1;0;360.000;360.000;0.000;0.052;False;0.000;False;0.000;True;False
193.187;RECOVERY;1;0;360.000;360.000;0.000;0.056;False;0.000;False;0.000;True;False
193.312;RECOVERY;1;0;360.000;360.000;0.000;0.060;False;0.000;False;0.000;True;False
193.437;RECOVERY;1;0;360.000;360.000;0.000;0.063;False;0.000;False;0.000;True;False
193.578;RECOVERY;1;0;360.000;360.000;0.000;0.067;False;0.000;False;0.000;True;False
193.703;RECOVERY;1;0;360.000;360.000;0.000;0.071;False;0.000;False;0.000;True;False
193.828;RECOVERY;1;0;360.000;360.000;0.000;0.074;False;0.000;False;0.000;True;False
193.953;RECOVERY;1;0;360.000;360.000;0.000;0.078;False;0.000;False;0.000;True;False
194.078;RECOVERY;1;0;370.000;360.000;0.000;0.081;False;0.000;False;0.000;True;False
194.203;RECOVERY;1;0;360.000;360.000;0.000;0.085;False;0.000;False;0.000;True;False
194.343;RECOVERY;1;0;370.000;360.000;0.000;0.089;False;0.000;False;0.000;True;False
194.468;RECOVERY;1;0;370.000;360.000;0.000;0.092;False;0.000;False;0.000;True;False
194.593;RECOVERY;1;0;360.000;360.000;0.000;0.096;False;0.000;False;0.000;True;False
194.718;RECOVERY;1;0;360.000;360.000;0.000;0.099;False;0.000;False;0.000;True;False
194.843;RECOVERY;1;0;370.000;360.000;0.000;0.103;False;0.000;False;0.000;True;False
194.984;RECOVERY;1;0;370.000;370.000;6.565;0.222;False;0.000;False;0.000;True;False
195.109;RECOVERY;1;0;360.000;370.000;11.206;0.336;False;0.000;False;0.000;True;False
195.234;RECOVERY;1;0;370.000;370.000;14.089;0.447;False;0.000;False;0.000;True;False
195.359;RECOVERY;1;0;360.000;370.000;14.983;0.437;False;0.000;False;0.000;True;False
195.484;RECOVERY;1;0;360.000;360.000;7.630;0.422;False;0.000;False;0.000;True;False
195.625;RECOVERY;1;0;370.000;360.000;0.115;0.407;False;0.000;False;0.000;True;False
195.750;RECOVERY;1;0;370.000;370.000;0.000;0.507;False;0.000;False;0.000;True;False
195.875;RECOVERY;1;0;360.000;370.000;0.000;0.602;False;0.000;False;0.000;True;False
196.000;RECOVERY;1;0;370.000;370.000;0.000;0.694;False;0.000;False;0.000;True;False
196.125;RECOVERY;1;0;360.000;360.000;0.000;0.668;False;0.000;False;0.000;True;False
196.250;RECOVERY;1;0;370.000;370.000;2.814;0.756;False;0.000;False;0.000;True;False
196.375;RECOVERY;1;0;370.000;370.000;8.539;0.840;False;0.000;False;0.000;True;False
196.515;RECOVERY;1;0;360.000;370.000;5.657;0.920;False;0.000;False;0.000;True;False
196.640;RECOVERY;1;0;370.000;370.000;0.976;0.996;False;0.000;False;0.000;True;False
196.765;RECOVERY;1;0;360.000;370.000;2.820;1.069;False;0.000;False;0.000;True;False
196.890;RECOVERY;1;0;360.000;360.000;0.000;1.051;False;0.000;False;0.000;True;False
197.015;RECOVERY;1;0;360.000;360.000;0.000;1.005;False;0.000;False;0.000;True;False
197.156;RECOVERY;1;0;370.000;360.000;0.000;0.959;False;0.000;False;0.000;True;False
197.281;RECOVERY;1;0;370.000;370.000;0.000;1.030;False;0.000;False;0.000;True;False
197.406;RECOVERY;1;0;360.000;360.000;0.000;0.981;False;0.000;False;0.000;True;False
197.531;RECOVERY;1;0;360.000;360.000;0.000;0.932;False;0.000;False;0.000;True;False
197.656;RECOVERY;1;0;370.000;360.000;0.000;0.882;False;0.000;False;0.000;True;False
197.797;RECOVERY;1;0;370.000;360.000;0.000;0.833;False;0.000;False;0.000;True;False
197.922;RECOVERY;1;0;360.000;360.000;0.000;0.784;False;0.000;False;0.000;True;False
198.047;RECOVERY;1;0;360.000;360.000;0.000;0.735;False;0.000;False;0.000;True;False
198.172;RECOVERY;1;0;370.000;370.000;0.000;0.802;False;0.000;False;0.000;True;False
198.297;RECOVERY;1;0;370.000;370.000;11.096;0.865;False;0.000;False;0.000;True;False
198.422;RECOVERY;1;0;370.000;370.000;13.950;0.924;False;0.000;False;0.000;True;False
198.562;RECOVERY;1;0;350.000;370.000;14.850;0.980;False;0.000;False;0.000;True;False
198.687;RECOVERY;1;0;370.000;370.000;13.971;1.032;False;0.000;False;0.000;True;False
198.812;RECOVERY;1;0;370.000;370.000;11.116;1.080;False;0.000;False;0.000;True;False
198.937;RECOVERY;1;0;370.000;370.000;6.480;1.125;False;0.000;False;0.000;True;False
199.062;RECOVERY;1;0;360.000;370.000;0.000;1.166;False;0.000;False;0.000;True;False
199.187;RECOVERY;1;0;370.000;370.000;0.000;1.204;False;0.000;False;0.000;True;False
199.312;RECOVERY;1;0;360.000;370.000;0.000;1.238;False;0.000;False;0.000;True;False
199.437;RECOVERY;1;0;360.000;370.000;0.000;1.269;False;0.000;False;0.000;True;False
199.562;RECOVERY;1;0;360.000;360.000;0.000;1.180;False;0.000;False;0.000;True;False
199.687;RECOVERY;1;0;370.000;370.000;0.000;1.207;False;0.000;False;0.000;True;False
199.812;RECOVERY;1;0;350.000;360.000;0.000;1.114;False;0.000;False;0.000;True;False
199.953;RECOVERY;1;0;360.000;360.000;0.000;1.021;False;0.000;False;0.000;True;False
200.062;RECOVERY;1;0;360.000;360.000;0.000;0.929;False;0.000;False;0.000;True;False
200.203;RECOVERY;1;0;360.000;360.000;0.000;0.835;False;0.000;False;0.000;True;False
200.343;RECOVERY;1;0;360.000;360.000;0.000;0.742;False;0.000;False;0.000;True;False
200.468;RECOVERY;1;0;350.000;360.000;0.000;0.648;False;0.000;False;0.000;True;False
200.609;RECOVERY;1;0;380.000;360.000;0.000;0.554;False;0.000;False;0.000;True;False
200.734;RECOVERY;1;0;360.000;360.000;0.000;0.460;False;0.000;False;0.000;True;False
200.859;RECOVERY;1;0;360.000;360.000;0.000;0.365;False;0.000;False;0.000;True;False
200.984;RECOVERY;1;0;350.000;360.000;0.000;0.271;False;0.000;False;0.000;True;False
201.109;RECOVERY;1;0;360.000;360.000;0.000;0.177;False;0.000;False;0.000;True;False
201.250;RECOVERY;1;0;360.000;360.000;0.000;0.083;False;0.000;False;0.000;True;False
201.375;RECOVERY;1;0;350.000;360.000;0.000;-0.011;False;0.000;False;0.000;True;False
201.500;RECOVERY;1;0;360.000;360.000;0.000;-0.105;False;0.000;False;0.000;True;False
201.625;RECOVERY;1;0;360.000;360.000;0.000;-0.199;False;0.000;False;0.000;True;False
201.750;RECOVERY;1;0;360.000;360.000;0.000;-0.293;False;0.000;False;0.000;True;False
201.890;RECOVERY;1;0;360.000;360.000;0.000;-0.387;False;0.000;False;0.000;True;False
202.015;RECOVERY;1;0;360.000;360.000;0.000;-0.481;False;0.000;False;0.000;True;False
202.140;RECOVERY;1;0;360.000;360.000;0.000;-0.575;False;0.000;False;0.000;True;False
202.265;RECOVERY;1;0;350.000;360.000;0.000;-0.669;False;0.000;False;0.000;True;False
202.390;RECOVERY;1;0;360.000;360.000;0.000;-0.763;False;0.000;False;0.000;True;False
202.515;RECOVERY;1;0;360.000;360.000;0.000;-0.857;False;0.000;False;0.000;True;False
202.656;RECOVERY;1;0;360.000;360.000;0.000;-0.950;False;0.000;False;0.000;True;False
202.797;RECOVERY;1;0;360.000;360.000;0.000;-1.044;False;0.000;False;0.000;True;False
202.922;RECOVERY;1;0;360.000;360.000;0.000;-1.138;False;0.000;False;0.000;True;False
203.047;RECOVERY;1;0;360.000;360.000;0.000;-1.111;False;0.000;False;0.000;True;False
203.187;RECOVERY;1;0;350.000;360.000;0.000;-1.081;False;0.000;False;0.000;True;False
203.312;RECOVERY;1;0;360.000;360.000;0.000;-1.047;False;0.000;False;0.000;True;False
203.453;RECOVERY;1;0;370.000;360.000;0.000;-1.009;False;0.000;False;0.000;True;False
203.578;RECOVERY;1;0;350.000;360.000;0.000;-1.087;False;0.000;False;0.000;True;False
203.703;RECOVERY;1;0;360.000;360.000;0.000;-1.165;False;0.000;False;0.000;True;False
203.828;RECOVERY;1;0;360.000;360.000;0.000;-1.123;False;0.000;False;0.000;True;False
203.953;RECOVERY;1;0;360.000;360.000;0.000;-1.078;False;0.000;False;0.000;True;False
204.078;RECOVERY;1;0;360.000;360.000;0.000;-1.029;False;0.000;False;0.000;True;False
204.218;RECOVERY;1;0;370.000;360.000;0.000;-1.096;False;0.000;False;0.000;True;False
204.328;RECOVERY;1;0;360.000;360.000;0.000;-1.043;False;0.000;False;0.000;True;False
204.453;RECOVERY;1;0;350.000;360.000;0.000;-0.987;False;0.000;False;0.000;True;False
204.578;RECOVERY;1;0;350.000;360.000;0.000;-0.927;False;0.000;False;0.000;True;False
204.703;RECOVERY;1;0;360.000;360.000;0.000;-0.864;False;0.000;False;0.000;True;False
204.843;RECOVERY;1;0;360.000;360.000;0.000;-0.797;False;0.000;False;0.000;True;False
204.968;RECOVERY;1;0;370.000;360.000;0.000;-0.845;False;0.000;False;0.000;True;False
205.093;RECOVERY;1;0;350.000;360.000;0.000;-0.894;False;0.000;False;0.000;True;False
205.218;RECOVERY;1;0;370.000;360.000;0.000;-0.942;False;0.000;False;0.000;True;False
205.328;RECOVERY;1;0;360.000;360.000;0.000;-0.871;False;0.000;False;0.000;True;False
205.453;RECOVERY;1;0;360.000;360.000;0.000;-0.916;False;0.000;False;0.000;True;False
205.593;RECOVERY;1;0;360.000;360.000;0.000;-0.961;False;0.000;False;0.000;True;False
205.718;RECOVERY;1;0;370.000;360.000;0.000;-1.007;False;0.000;False;0.000;True;False
205.843;RECOVERY;1;0;360.000;360.000;0.000;-1.051;False;0.000;False;0.000;True;False
205.968;RECOVERY;1;0;370.000;360.000;0.000;-1.096;False;0.000;False;0.000;True;False
206.093;RECOVERY;1;0;360.000;360.000;0.000;-1.141;False;0.000;False;0.000;True;False
206.218;RECOVERY;1;0;370.000;360.000;0.000;-1.067;False;0.000;False;0.000;True;False
206.343;RECOVERY;1;0;360.000;360.000;0.000;-0.989;False;0.000;False;0.000;True;False
206.468;RECOVERY;1;0;370.000;360.000;0.000;-0.907;False;0.000;False;0.000;True;False
206.593;RECOVERY;1;0;370.000;370.000;5.333;-0.706;False;0.000;False;0.000;True;False
206.718;RECOVERY;1;0;370.000;370.000;9.333;-0.505;False;0.000;False;0.000;True;False
206.843;RECOVERY;1;0;360.000;370.000;12.000;-0.304;False;0.000;False;0.000;True;False
206.984;RECOVERY;1;0;360.000;370.000;15.034;-0.102;False;0.000;False;0.000;True;False
207.093;RECOVERY;1;0;370.000;370.000;13.237;0.100;False;0.000;False;0.000;True;False
207.234;RECOVERY;1;0;360.000;370.000;11.203;0.302;False;0.000;False;0.000;True;False
207.343;RECOVERY;1;0;370.000;370.000;9.247;0.505;False;0.000;False;0.000;True;False
207.468;RECOVERY;1;0;380.000;370.000;5.324;0.708;False;0.000;False;0.000;True;False
207.609;RECOVERY;1;0;370.000;370.000;0.000;0.791;False;0.000;False;0.000;True;False
207.734;RECOVERY;1;0;370.000;370.000;0.000;0.991;False;0.000;False;0.000;True;False
207.859;RECOVERY;1;0;360.000;370.000;0.000;1.071;False;0.000;False;0.000;True;False
207.984;RECOVERY;1;0;360.000;370.000;0.000;1.147;False;0.000;False;0.000;True;False
208.109;RECOVERY;1;0;370.000;370.000;0.000;1.220;False;0.000;False;0.000;True;False
208.234;RECOVERY;1;0;360.000;370.000;0.000;1.288;False;0.000;False;0.000;True;False
208.343;RECOVERY;1;0;360.000;370.000;0.000;1.317;False;0.000;False;0.000;True;False
208.484;RECOVERY;1;0;360.000;360.000;0.000;1.298;False;0.000;False;0.000;True;False
208.609;RECOVERY;1;0;360.000;360.000;0.000;1.212;False;0.000;False;0.000;True;False
208.734;RECOVERY;1;0;360.000;360.000;0.000;1.159;False;0.000;False;0.000;True;False
208.859;RECOVERY;1;0;360.000;360.000;0.000;1.106;False;0.000;False;0.000;True;False
209.000;RECOVERY;1;0;360.000;360.000;0.000;1.076;False;0.000;False;0.000;True;False
209.109;RECOVERY;1;0;360.000;360.000;0.000;1.000;False;0.000;False;0.000;True;False
209.250;RECOVERY;1;0;360.000;360.000;0.000;0.946;False;0.000;False;0.000;True;False
209.359;RECOVERY;1;0;370.000;360.000;0.000;0.893;False;0.000;False;0.000;True;False
209.484;RECOVERY;1;0;370.000;360.000;0.000;0.840;False;0.000;False;0.000;True;False
209.609;RECOVERY;1;0;360.000;360.000;0.000;0.786;False;0.000;False;0.000;True;False
209.750;RECOVERY;1;0;350.000;360.000;0.000;0.733;False;0.000;False;0.000;True;False
209.875;RECOVERY;1;0;360.000;360.000;0.000;0.679;False;0.000;False;0.000;True;False
210.000;RECOVERY;1;0;370.000;360.000;0.000;0.625;False;0.000;False;0.000;True;False
210.140;RECOVERY;1;0;370.000;360.000;0.000;0.570;False;0.000;False;0.000;True;False
210.265;RECOVERY;1;0;370.000;370.000;6.406;0.631;False;0.000;False;0.000;True;False
210.375;RECOVERY;1;0;360.000;370.000;10.995;0.687;False;0.000;False;0.000;True;False
210.515;RECOVERY;1;0;370.000;370.000;13.830;0.740;False;0.000;False;0.000;True;False
210.640;RECOVERY;1;0;370.000;370.000;14.944;0.789;False;0.000;False;0.000;True;False
210.765;RECOVERY;1;0;370.000;370.000;14.036;0.835;False;0.000;False;0.000;True;False
210.890;RECOVERY;1;0;370.000;370.000;11.279;0.877;False;0.000;False;0.000;True;False
211.015;RECOVERY;1;0;380.000;370.000;6.580;0.915;False;0.000;False;0.000;True;False
211.140;RECOVERY;1;0;370.000;370.000;5.272;0.950;False;0.000;False;0.000;True;False
211.265;RECOVERY;1;0;360.000;370.000;0.000;0.981;False;0.000;False;0.000;True;False
211.375;RECOVERY;1;0;360.000;370.000;0.000;1.008;False;0.000;False;0.000;True;False
211.515;RECOVERY;1;0;370.000;370.000;0.000;1.032;False;0.000;False;0.000;True;False
211.640;RECOVERY;1;0;370.000;370.000;0.000;1.052;False;0.000;False;0.000;True;False
211.765;RECOVERY;1;0;360.000;370.000;0.000;1.068;False;0.000;False;0.000;True;False
211.890;RECOVERY;1;0;360.000;370.000;0.000;1.081;False;0.000;False;0.000;True;False
212.015;RECOVERY;1;0;370.000;370.000;0.000;1.090;False;0.000;False;0.000;True;False
212.140;RECOVERY;1;0;370.000;370.000;0.000;1.095;False;0.000;False;0.000;True;False
212.281;RECOVERY;1;0;360.000;360.000;0.000;0.982;False;0.000;False;0.000;True;False
212.406;RECOVERY;1;0;360.000;360.000;0.000;0.869;False;0.000;False;0.000;True;False
212.531;RECOVERY;1;0;360.000;360.000;0.000;0.757;False;0.000;False;0.000;True;False
212.656;RECOVERY;1;0;370.000;360.000;0.000;0.644;False;0.000;False;0.000;True;False
212.781;RECOVERY;1;0;370.000;360.000;0.000;0.531;False;0.000;False;0.000;True;False
212.922;RECOVERY;1;0;360.000;360.000;0.000;0.418;False;0.000;False;0.000;True;False
213.047;RECOVERY;1;0;360.000;360.000;0.000;0.305;False;0.000;False;0.000;True;False
213.187;RECOVERY;1;0;350.000;360.000;0.000;0.192;False;0.000;False;0.000;True;False
213.312;RECOVERY;1;0;360.000;360.000;0.000;0.080;False;0.000;False;0.000;True;False
213.422;RECOVERY;1;0;360.000;360.000;0.000;-0.033;False;0.000;False;0.000;True;False
213.562;RECOVERY;1;0;370.000;360.000;0.000;-0.145;False;0.000;False;0.000;True;False
213.687;RECOVERY;1;0;360.000;360.000;0.000;-0.257;False;0.000;False;0.000;True;False
213.828;RECOVERY;1;0;360.000;360.000;0.000;-0.370;False;0.000;False;0.000;True;False
213.953;RECOVERY;1;0;370.000;360.000;0.000;-0.482;False;0.000;False;0.000;True;False
214.078;RECOVERY;1;0;370.000;360.000;0.000;-0.594;False;0.000;False;0.000;True;False
214.203;RECOVERY;1;0;360.000;360.000;0.000;-0.705;False;0.000;False;0.000;True;False
214.343;RECOVERY;1;0;360.000;360.000;0.000;-0.817;False;0.000;False;0.000;True;False
214.468;RECOVERY;1;0;360.000;360.000;0.000;-0.928;False;0.000;False;0.000;True;False
214.593;RECOVERY;1;0;360.000;360.000;0.000;-1.040;False;0.000;False;0.000;True;False
214.718;RECOVERY;1;0;370.000;360.000;0.000;-1.034;False;0.000;False;0.000;True;False
214.843;RECOVERY;1;0;350.000;360.000;0.000;-1.025;False;0.000;False;0.000;True;False
214.984;RECOVERY;1;0;370.000;360.000;0.000;-1.012;False;0.000;False;0.000;True;False
215.109;RECOVERY;1;0;360.000;360.000;0.000;-0.973;False;0.000;False;0.000;True;False
215.234;RECOVERY;1;0;370.000;360.000;0.000;-0.975;False;0.000;False;0.000;True;False
215.359;RECOVERY;1;0;360.000;360.000;0.000;-0.923;False;0.000;False;0.000;True;False
215.484;RECOVERY;1;0;360.000;360.000;0.000;-0.893;False;0.000;False;0.000;True;False
215.609;RECOVERY;1;0;360.000;360.000;0.000;-0.893;False;0.000;False;0.000;True;False
215.750;RECOVERY;1;0;370.000;360.000;0.000;-0.821;False;0.000;False;0.000;True;False
215.875;RECOVERY;1;0;370.000;360.000;0.000;-0.779;False;0.000;False;0.000;True;False
216.000;RECOVERY;1;0;360.000;360.000;0.000;-0.734;False;0.000;False;0.000;True;False
216.125;RECOVERY;1;0;360.000;360.000;0.000;-0.685;False;0.000;False;0.000;True;False
216.250;RECOVERY;1;0;360.000;360.000;0.000;-0.632;False;0.000;False;0.000;True;False
216.390;RECOVERY;1;0;360.000;360.000;0.000;-0.576;False;0.000;False;0.000;True;False
216.515;RECOVERY;1;0;360.000;360.000;0.000;-0.636;False;0.000;False;0.000;True;False
216.640;RECOVERY;1;0;370.000;360.000;0.000;-0.695;False;0.000;False;0.000;True;False
216.765;RECOVERY;1;0;360.000;360.000;0.000;-0.755;False;0.000;False;0.000;True;False
216.890;RECOVERY;1;0;370.000;360.000;0.000;-0.815;False;0.000;False;0.000;True;False
217.015;RECOVERY;1;0;360.000;360.000;0.000;-0.874;False;0.000;False;0.000;True;False
217.156;RECOVERY;1;0;360.000;360.000;0.000;-0.934;False;0.000;False;0.000;True;False
217.281;RECOVERY;1;0;360.000;360.000;0.000;-0.993;False;0.000;False;0.000;True;False
217.422;RECOVERY;1;0;360.000;360.000;0.000;-1.053;False;0.000;False;0.000;True;False
217.547;RECOVERY;1;0;360.000;360.000;0.000;-1.112;False;0.000;False;0.000;True;False
217.672;RECOVERY;1;0;360.000;360.000;0.000;-1.172;False;0.000;False;0.000;True;False
217.812;RECOVERY;1;0;360.000;360.000;0.000;-1.231;False;0.000;False;0.000;True;False
217.937;RECOVERY;1;0;360.000;360.000;0.000;-1.290;False;0.000;False;0.000;True;False
218.062;RECOVERY;1;0;360.000;360.000;0.000;-1.349;False;0.000;False;0.000;True;False
218.187;RECOVERY;1;0;370.000;360.000;0.000;-1.407;False;0.000;False;0.000;True;False
218.312;RECOVERY;1;0;360.000;360.000;0.000;-1.347;False;0.000;False;0.000;True;False
218.437;RECOVERY;1;0;360.000;360.000;0.000;-1.283;False;0.000;False;0.000;True;False
218.578;RECOVERY;1;0;360.000;360.000;0.000;-1.215;False;0.000;False;0.000;True;False
218.703;RECOVERY;1;0;370.000;360.000;0.000;-1.144;False;0.000;False;0.000;True;False
218.828;RECOVERY;1;0;360.000;360.000;0.000;-1.069;False;0.000;False;0.000;True;False
218.953;RECOVERY;1;0;370.000;360.000;0.000;-0.990;False;0.000;False;0.000;True;False
219.093;RECOVERY;1;0;360.000;360.000;0.000;-0.908;False;0.000;False;0.000;True;False
219.218;RECOVERY;1;0;360.000;360.000;0.000;-0.822;False;0.000;False;0.000;True;False
219.343;RECOVERY;1;0;370.000;360.000;0.000;-0.733;False;0.000;False;0.000;True;False
219.453;RECOVERY;1;0;370.000;360.000;0.000;-0.639;False;0.000;False;0.000;True;False
219.578;RECOVERY;1;0;360.000;360.000;0.000;-0.542;False;0.000;False;0.000;True;False
219.703;RECOVERY;1;0;360.000;360.000;0.000;-0.442;False;0.000;False;0.000;True;False
219.828;RECOVERY;1;0;370.000;360.000;0.000;-0.337;False;0.000;False;0.000;True;False
219.984;RECOVERY;1;0;360.000;360.000;0.000;-0.229;False;0.000;False;0.000;True;False
220.109;RECOVERY;1;0;360.000;360.000;0.000;-0.116;False;0.000;False;0.000;True;False
220.234;RECOVERY;1;0;360.000;360.000;0.000;0.000;False;0.000;False;0.000;True;False
220.359;RECOVERY;1;0;370.000;360.000;0.000;0.000;False;0.000;False;0.000;True;False
220.484;RECOVERY;1;0;360.000;360.000;0.000;0.000;False;0.000;False;0.000;True;False
220.625;RECOVERY;1;0;360.000;360.000;0.000;0.000;False;0.000;False;0.000;True;False
220.750;RECOVERY;1;0;360.000;360.000;0.000;0.000;False;0.000;False;0.000;True;False
220.875;RECOVERY;1;0;370.000;360.000;0.000;0.000;False;0.000;False;0.000;True;False
221.000;RECOVERY;1;0;360.000;360.000;0.000;0.000;False;0.000;False;0.000;True;False
221.125;RECOVERY;1;0;360.000;360.000;0.000;0.000;False;0.000;False;0.000;True;False
221.250;RECOVERY;1;0;370.000;360.000;0.000;0.000;False;0.000;False;0.000;True;False
221.390;RECOVERY;1;0;360.000;360.000;0.000;0.000;False;0.000;False;0.000;True;False
221.515;RECOVERY;1;0;360.000;360.000;0.000;0.000;False;0.000;False;0.000;True;False
221.640;RECOVERY;1;0;370.000;360.000;0.000;0.000;False;0.000;False;0.000;True;False
221.765;RECOVERY;1;0;360.000;360.000;0.000;0.000;False;0.000;False;0.000;True;False
221.890;RECOVERY;1;0;370.000;360.000;0.000;0.000;False;0.000;False;0.000;True;False
222.031;RECOVERY;1;0;350.000;360.000;0.000;0.000;False;0.000;False;0.000;True;False
222.156;RECOVERY;1;0;360.000;360.000;0.000;0.000;False;0.000;False;0.000;True;False
222.297;RECOVERY;1;0;360.000;360.000;0.000;0.000;False;0.000;False;0.000;True;False
222.422;RECOVERY;1;0;350.000;360.000;0.000;0.000;False;0.000;False;0.000;True;False
222.547;RECOVERY;1;0;360.000;360.000;0.000;0.000;False;0.000;False;0.000;True;False
222.672;RECOVERY;1;0;360.000;360.000;0.000;0.000;False;0.000;False;0.000;True;False
222.797;RECOVERY;1;0;360.000;360.000;0.000;0.000;False;0.000;False;0.000;True;False
222.937;RECOVERY;1;0;370.000;360.000;0.000;0.000;False;0.000;False;0.000;True;False
223.062;RECOVERY;1;0;350.000;360.000;0.000;0.000;False;0.000;False;0.000;True;False
223.187;RECOVERY;1;0;350.000;360.000;0.000;0.000;False;0.000;False;0.000;True;False
223.328;RECOVERY;1;0;360.000;360.000;0.000;0.000;False;0.000;False;0.000;True;False
223.453;RECOVERY;1;0;360.000;360.000;0.000;0.000;False;0.000;False;0.000;True;False
223.578;RECOVERY;1;0;360.000;360.000;0.000;0.000;False;0.000;False;0.000;True;False
223.718;RECOVERY;1;0;360.000;360.000;0.000;0.000;False;0.000;False;0.000;True;False
223.843;RECOVERY;1;0;360.000;360.000;0.000;0.000;False;0.000;False;0.000;True;False
223.968;RECOVERY;1;0;360.000;360.000;0.000;0.000;False;0.000;False;0.000;True;False
224.093;RECOVERY;1;0;360.000;360.000;0.000;0.000;False;0.000;False;0.000;True;False
224.218;RECOVERY;1;0;360.000;360.000;0.000;0.000;False;0.000;False;0.000;True;False
224.343;RECOVERY;1;0;360.000;360.000;0.000;0.000;False;0.000;False;0.000;True;False
224.468;RECOVERY;1;0;360.000;360.000;0.000;0.000;False;0.000;False;0.000;True;False
224.593;RECOVERY;1;0;360.000;360.000;0.000;0.000;False;0.000;False;0.000;True;False
224.703;RECOVERY;1;0;360.000;360.000;0.000;0.000;False;0.000;False;0.000;True;False
224.828;RECOVERY;1;0;360.000;360.000;0.000;0.000;False;0.000;False;0.000;True;False
224.953;RECOVERY;1;0;370.000;360.000;0.000;0.000;False;0.000;False;0.000;True;False
225.093;RECOVERY;1;0;360.000;360.000;0.000;0.000;False;0.000;False;0.000;True;False
225.203;RECOVERY;1;0;360.000;360.000;0.000;0.000;False;0.000;False;0.000;True;False
225.343;RECOVERY;1;0;360.000;360.000;0.000;0.000;False;0.000;False;0.000;True;False
225.468;RECOVERY;1;0;360.000;360.000;0.000;0.000;False;0.000;False;0.000;True;False
225.593;RECOVERY;1;0;350.000;360.000;0.000;0.000;False;0.000;False;0.000;True;False
225.718;RECOVERY;1;0;350.000;360.000;0.000;0.000;False;0.000;False;0.000;True;False
225.859;RECOVERY;1;0;370.000;360.000;0.000;0.000;False;0.000;False;0.000;True;False
225.984;RECOVERY;1;0;350.000;360.000;0.000;0.000;False;0.000;False;0.000;True;False
226.093;RECOVERY;1;0;360.000;360.000;0.000;0.000;False;0.000;False;0.000;True;False
226.218;RECOVERY;1;0;360.000;360.000;0.000;0.000;False;0.000;False;0.000;True;False
226.343;RECOVERY;1;0;360.000;360.000;0.000;0.000;False;0.000;False;0.000;True;False
226.468;RECOVERY;1;0;360.000;360.000;0.000;0.000;False;0.000;False;0.000;True;False
226.609;RECOVERY;1;0;360.000;360.000;0.000;0.000;False;0.000;False;0.000;True;False
226.750;RECOVERY;1;0;350.000;360.000;0.000;0.000;False;0.000;False;0.000;True;False
226.875;RECOVERY;1;0;360.000;360.000;0.000;0.000;False;0.000;False;0.000;True;False
227.015;RECOVERY;1;0;360.000;360.000;0.000;0.000;False;0.000;False;0.000;True;False
227.140;RECOVERY;1;0;350.000;360.000;0.000;0.000;False;0.000;False;0.000;True;False
227.265;RECOVERY;1;0;350.000;360.000;0.000;0.000;False;0.000;False;0.000;True;False
227.390;RECOVERY;1;0;360.000;360.000;0.000;0.000;False;0.000;False;0.000;True;False
227.515;RECOVERY;1;0;350.000;360.000;0.000;0.000;False;0.000;False;0.000;True;False
227.640;RECOVERY;1;0;360.000;360.000;0.000;0.000;False;0.000;False;0.000;True;False
227.765;RECOVERY;1;0;350.000;350.000;0.000;-0.116;False;0.000;False;0.000;True;False
227.906;RECOVERY;1;0;350.000;350.000;0.000;-0.230;False;0.000;False;0.000;True;False
228.031;RECOVERY;1;0;350.000;350.000;0.000;-0.339;False;0.000;False;0.000;True;False
228.156;RECOVERY;1;0;350.000;350.000;0.000;-0.444;False;0.000;False;0.000;True;False
228.281;RECOVERY;1;0;350.000;350.000;0.000;-0.546;False;0.000;False;0.000;True;False
228.406;RECOVERY;1;0;350.000;350.000;0.000;-0.644;False;0.000;False;0.000;True;False
228.531;RECOVERY;1;0;350.000;350.000;0.000;-0.738;False;0.000;False;0.000;True;False
228.672;RECOVERY;1;0;360.000;350.000;0.000;-0.829;False;0.000;False;0.000;True;False
228.797;RECOVERY;1;0;350.000;350.000;0.000;-0.915;False;0.000;False;0.000;True;False
228.922;RECOVERY;1;0;350.000;350.000;0.000;-0.999;False;0.000;False;0.000;True;False
229.047;RECOVERY;1;0;350.000;350.000;0.000;-1.078;False;0.000;False;0.000;True;False
229.172;RECOVERY;1;0;350.000;350.000;0.000;-1.154;False;0.000;False;0.000;True;False
229.297;RECOVERY;1;0;360.000;350.000;0.000;-1.226;False;0.000;False;0.000;True;False
229.422;RECOVERY;1;0;360.000;350.000;0.000;-1.294;False;0.000;False;0.000;True;False
229.547;RECOVERY;1;0;350.000;350.000;0.000;-1.358;False;0.000;False;0.000;True;False
229.672;RECOVERY;1;0;360.000;350.000;0.000;-1.419;False;0.000;False;0.000;True;False
229.797;RECOVERY;1;0;360.000;350.000;0.000;-1.476;False;0.000;False;0.000;True;False
229.922;RECOVERY;1;0;350.000;350.000;0.000;-1.530;False;0.000;False;0.000;True;False
230.078;RECOVERY;1;0;360.000;360.000;6.791;-1.461;False;0.000;False;0.000;True;False
230.203;RECOVERY;1;0;360.000;360.000;11.311;-1.393;False;0.000;False;0.000;True;False
230.328;RECOVERY;1;0;360.000;360.000;13.902;-1.324;False;0.000;False;0.000;True;False
230.468;RECOVERY;1;0;350.000;360.000;14.572;-1.255;False;0.000;False;0.000;True;False
230.593;RECOVERY;1;0;350.000;360.000;13.612;-1.187;False;0.000;False;0.000;True;False
230.734;RECOVERY;1;0;350.000;360.000;10.849;-1.118;False;0.000;False;0.000;True;False
230.859;RECOVERY;1;0;360.000;360.000;6.432;-1.049;False;0.000;False;0.000;True;False
230.984;RECOVERY;1;0;350.000;350.000;0.000;-1.098;False;0.000;False;0.000;True;False
231.109;RECOVERY;1;0;370.000;360.000;0.000;-1.026;False;0.000;False;0.000;True;False
231.234;RECOVERY;1;0;350.000;350.000;0.000;-1.071;False;0.000;False;0.000;True;False
231.390;RECOVERY;1;0;340.000;350.000;0.000;-1.111;False;0.000;False;0.000;True;False
231.515;RECOVERY;1;0;360.000;350.000;0.000;-1.148;False;0.000;False;0.000;True;False
231.640;RECOVERY;1;0;360.000;350.000;0.000;-1.182;False;0.000;False;0.000;True;False
231.765;RECOVERY;1;0;360.000;360.000;0.000;-1.094;False;0.000;False;0.000;True;False
231.890;RECOVERY;1;0;370.000;360.000;6.163;-1.006;False;0.000;False;0.000;True;False
232.047;RECOVERY;1;0;370.000;360.000;7.034;-0.918;False;0.000;False;0.000;True;False
232.172;RECOVERY;1;0;360.000;360.000;14.266;-0.830;False;0.000;False;0.000;True;False
232.297;RECOVERY;1;0;360.000;360.000;13.555;-0.743;False;0.000;False;0.000;True;False
232.422;RECOVERY;1;0;360.000;360.000;10.827;-0.656;False;0.000;False;0.000;True;False
232.547;RECOVERY;1;0;360.000;360.000;6.370;-0.569;False;0.000;False;0.000;True;False
232.672;RECOVERY;1;0;350.000;360.000;0.000;-0.483;False;0.000;False;0.000;True;False
232.797;RECOVERY;1;0;350.000;360.000;0.000;-0.397;False;0.000;False;0.000;True;False
232.937;RECOVERY;1;0;360.000;360.000;0.000;-0.311;False;0.000;False;0.000;True;False
233.062;RECOVERY;1;0;360.000;360.000;0.000;-0.225;False;0.000;False;0.000;True;False
233.187;RECOVERY;1;0;350.000;360.000;0.000;-0.139;False;0.000;False;0.000;True;False
233.312;RECOVERY;1;0;360.000;360.000;0.000;-0.054;False;0.000;False;0.000;True;False
233.422;RECOVERY;1;0;360.000;360.000;0.000;0.032;False;0.000;False;0.000;True;False
233.547;RECOVERY;1;0;360.000;360.000;0.000;0.117;False;0.000;False;0.000;True;False
233.672;RECOVERY;1;0;350.000;360.000;0.000;0.203;False;0.000;False;0.000;True;False
233.812;RECOVERY;1;0;350.000;360.000;0.000;0.288;False;0.000;False;0.000;True;False
233.937;RECOVERY;1;0;340.000;360.000;0.000;0.373;False;0.000;False;0.000;True;False
234.062;RECOVERY;1;0;350.000;350.000;0.000;0.344;False;0.000;False;0.000;True;False
234.187;RECOVERY;1;0;370.000;350.000;0.000;0.318;False;0.000;False;0.000;True;False
234.312;RECOVERY;1;0;370.000;360.000;0.000;0.411;False;0.000;False;0.000;True;False
234.422;RECOVERY;1;0;360.000;360.000;0.000;0.505;False;0.000;False;0.000;True;False
234.562;RECOVERY;1;0;360.000;360.000;0.000;0.598;False;0.000;False;0.000;True;False
234.687;RECOVERY;1;0;360.000;360.000;3.784;0.692;False;0.000;False;0.000;True;False
234.812;RECOVERY;1;0;360.000;360.000;3.980;0.785;False;0.000;False;0.000;True;False
234.937;RECOVERY;1;0;360.000;360.000;6.630;0.878;False;0.000;False;0.000;True;False
235.062;RECOVERY;1;0;360.000;360.000;9.259;0.972;False;0.000;False;0.000;True;False
235.203;RECOVERY;1;0;350.000;360.000;0.000;1.065;False;0.000;False;0.000;True;False
235.328;RECOVERY;1;0;360.000;360.000;0.000;1.158;False;0.000;False;0.000;True;False
235.437;RECOVERY;1;0;350.000;360.000;0.000;1.252;False;0.000;False;0.000;True;False
235.562;RECOVERY;1;0;350.000;360.000;0.000;1.346;False;0.000;False;0.000;True;False
235.687;RECOVERY;1;0;360.000;360.000;0.000;1.441;False;0.000;False;0.000;True;False
235.812;RECOVERY;1;0;360.000;360.000;0.000;1.416;False;0.000;False;0.000;True;False
235.953;RECOVERY;1;0;340.000;360.000;0.000;1.386;False;0.000;False;0.000;True;False
236.093;RECOVERY;1;0;360.000;360.000;0.000;1.353;False;0.000;False;0.000;True;False
236.218;RECOVERY;1;0;350.000;350.000;0.000;1.200;False;0.000;False;0.000;True;False
236.343;RECOVERY;1;0;350.000;350.000;0.000;1.047;False;0.000;False;0.000;True;False
236.468;RECOVERY;1;0;360.000;350.000;0.000;0.894;False;0.000;False;0.000;True;False
236.609;RECOVERY;1;0;360.000;360.000;0.000;0.857;False;0.000;False;0.000;True;False
236.734;RECOVERY;1;0;370.000;360.000;0.000;0.816;False;0.000;False;0.000;True;False
236.859;RECOVERY;1;0;350.000;360.000;2.854;0.771;False;0.000;False;0.000;True;False
236.984;RECOVERY;1;0;360.000;360.000;8.515;0.722;False;0.000;False;0.000;True;False
237.109;RECOVERY;1;0;360.000;360.000;14.089;0.670;False;0.000;False;0.000;True;False
237.234;RECOVERY;1;0;360.000;360.000;11.372;0.613;False;0.000;False;0.000;True;False
237.375;RECOVERY;1;0;380.000;360.000;6.623;0.553;False;0.000;False;0.000;True;False
237.484;RECOVERY;1;0;380.000;360.000;0.000;0.489;False;0.000;False;0.000;True;False
237.609;RECOVERY;1;0;350.000;360.000;0.000;0.421;False;0.000;False;0.000;True;False
237.734;RECOVERY;1;0;360.000;360.000;0.000;0.349;False;0.000;False;0.000;True;False
237.859;RECOVERY;1;0;380.000;360.000;0.000;0.272;False;0.000;False;0.000;True;False
237.984;RECOVERY;1;0;370.000;360.000;0.000;0.192;False;0.000;False;0.000;True;False
238.125;RECOVERY;1;0;350.000;360.000;0.000;0.230;False;0.000;False;0.000;True;False
238.250;RECOVERY;1;0;380.000;370.000;6.712;0.385;False;0.000;False;0.000;True;False
238.359;RECOVERY;1;0;370.000;370.000;9.345;0.537;False;0.000;False;0.000;True;False
238.484;RECOVERY;1;0;350.000;370.000;11.900;0.684;False;0.000;False;0.000;True;False
238.609;RECOVERY;1;0;370.000;370.000;13.290;0.828;False;0.000;False;0.000;True;False
238.734;RECOVERY;1;0;350.000;370.000;13.366;0.914;False;0.000;False;0.000;True;False
238.859;RECOVERY;1;0;360.000;370.000;12.093;1.046;False;0.000;False;0.000;True;False
238.984;RECOVERY;1;0;360.000;360.000;4.027;1.062;False;0.000;False;0.000;True;False
239.125;RECOVERY;1;0;360.000;360.000;0.000;1.012;False;0.000;False;0.000;True;False
239.250;RECOVERY;1;0;370.000;360.000;0.000;0.902;False;0.000;False;0.000;True;False
239.375;RECOVERY;1;0;370.000;360.000;0.000;0.864;False;0.000;False;0.000;True;False
239.484;RECOVERY;1;0;350.000;360.000;0.000;0.754;False;0.000;False;0.000;True;False
239.609;RECOVERY;1;0;360.000;360.000;0.000;0.640;False;0.000;False;0.000;True;False
239.734;RECOVERY;1;0;360.000;360.000;0.000;0.522;False;0.000;False;0.000;True;False
239.875;RECOVERY;1;0;360.000;360.000;0.000;0.519;False;0.000;False;0.000;True;False
240.000;RECOVERY;1;0;370.000;360.000;0.000;0.516;False;0.000;False;0.000;True;False
240.125;RECOVERY;1;0;370.000;360.000;0.000;0.512;False;0.000;False;0.000;True;False
240.250;RECOVERY;1;0;350.000;360.000;0.000;0.508;False;0.000;False;0.000;True;False
240.375;RECOVERY;1;0;370.000;360.000;0.000;0.505;False;0.000;False;0.000;True;False
240.484;RECOVERY;1;0;360.000;360.000;0.000;0.501;False;0.000;False;0.000;True;False
240.625;RECOVERY;1;0;370.000;360.000;0.000;0.498;False;0.000;False;0.000;True;False
240.750;RECOVERY;1;0;360.000;360.000;0.000;0.494;False;0.000;False;0.000;True;False
240.875;RECOVERY;1;0;370.000;370.000;5.374;0.605;False;0.000;False;0.000;True;False
241.000;RECOVERY;1;0;370.000;370.000;9.369;0.711;False;0.000;False;0.000;True;False
241.125;RECOVERY;1;0;370.000;370.000;12.003;0.815;False;0.000;False;0.000;True;False
241.265;RECOVERY;1;0;350.000;370.000;14.937;0.914;False;0.000;False;0.000;True;False
241.406;RECOVERY;1;0;360.000;370.000;13.625;1.010;False;0.000;False;0.000;True;False
241.531;RECOVERY;1;0;350.000;360.000;4.373;0.988;False;0.000;False;0.000;True;False
241.656;RECOVERY;1;0;350.000;360.000;0.000;0.966;False;0.000;False;0.000;True;False
241.781;RECOVERY;1;0;360.000;360.000;0.000;0.944;False;0.000;False;0.000;True;False
241.922;RECOVERY;1;0;350.000;360.000;0.000;0.922;False;0.000;False;0.000;True;False
242.047;RECOVERY;1;0;350.000;350.000;0.000;0.785;False;0.000;False;0.000;True;False
242.172;RECOVERY;1;0;360.000;350.000;0.000;0.535;False;0.000;False;0.000;True;False
242.297;RECOVERY;1;0;360.000;350.000;0.000;0.284;False;0.000;False;0.000;True;False
242.422;RECOVERY;1;0;350.000;350.000;0.000;0.152;False;0.000;False;0.000;True;False
242.531;RECOVERY;1;0;350.000;350.000;0.000;0.023;False;0.000;False;0.000;True;False
242.672;RECOVERY;1;0;350.000;350.000;0.000;-0.102;False;0.000;False;0.000;True;False
242.812;RECOVERY;1;0;360.000;350.000;0.000;-0.224;False;0.000;False;0.000;True;False
242.937;RECOVERY;1;0;350.000;350.000;0.000;-0.342;False;0.000;False;0.000;True;False
243.062;RECOVERY;1;0;350.000;350.000;0.000;-0.456;False;0.000;False;0.000;True;False
243.203;RECOVERY;1;0;350.000;350.000;0.000;-0.567;False;0.000;False;0.000;True;False
243.328;RECOVERY;1;0;360.000;350.000;0.000;-0.674;False;0.000;False;0.000;True;False
243.453;RECOVERY;1;0;350.000;350.000;0.000;-0.807;False;0.000;False;0.000;True;False
243.593;RECOVERY;1;0;360.000;350.000;0.000;-0.910;False;0.000;False;0.000;True;False
243.718;RECOVERY;1;0;360.000;350.000;0.000;-1.009;False;0.000;False;0.000;True;False
243.859;RECOVERY;1;0;370.000;360.000;6.419;-0.985;False;0.000;False;0.000;True;False
243.984;RECOVERY;1;0;350.000;350.000;4.600;-1.080;False;0.000;False;0.000;True;False
244.109;RECOVERY;1;0;350.000;350.000;2.838;-1.171;False;0.000;False;0.000;True;False
244.250;RECOVERY;1;0;360.000;360.000;7.369;-1.259;False;0.000;False;0.000;True;False
244.375;RECOVERY;1;0;360.000;360.000;10.081;-1.351;False;0.000;False;0.000;True;False
244.500;RECOVERY;1;0;360.000;360.000;11.103;-1.447;False;0.000;False;0.000;True;False
244.640;RECOVERY;1;0;360.000;360.000;10.143;-1.426;False;0.000;False;0.000;True;False
244.750;RECOVERY;1;0;360.000;360.000;7.520;-1.405;False;0.000;False;0.000;True;False
244.875;RECOVERY;1;0;360.000;360.000;11.328;-1.385;False;0.000;False;0.000;True;False
245.015;RECOVERY;1;0;360.000;360.000;6.637;-1.364;False;0.000;False;0.000;True;False
245.156;RECOVERY;1;0;360.000;360.000;0.000;-1.343;False;0.000;False;0.000;True;False
245.281;RECOVERY;1;0;350.000;360.000;0.000;-1.322;False;0.000;False;0.000;True;False
245.406;RECOVERY;1;0;360.000;360.000;0.000;-1.301;False;0.000;False;0.000;True;False
245.515;RECOVERY;1;0;350.000;360.000;0.000;-1.281;False;0.000;False;0.000;True;False
245.640;RECOVERY;1;0;350.000;360.000;0.000;-1.261;False;0.000;False;0.000;True;False
245.781;RECOVERY;1;0;360.000;360.000;0.000;-1.241;False;0.000;False;0.000;True;False
245.906;RECOVERY;1;0;350.000;360.000;0.000;-1.221;False;0.000;False;0.000;True;False
246.031;RECOVERY;1;0;350.000;350.000;0.000;-1.317;False;0.000;False;0.000;True;False
246.156;RECOVERY;1;0;360.000;350.000;0.000;-1.410;False;0.000;False;0.000;True;False
246.297;RECOVERY;1;0;350.000;350.000;0.000;-1.379;False;0.000;False;0.000;True;False
246.422;RECOVERY;1;0;360.000;350.000;0.000;-1.342;False;0.000;False;0.000;True;False
246.547;RECOVERY;1;0;360.000;350.000;0.000;-1.297;False;0.000;False;0.000;True;False
246.672;RECOVERY;1;0;350.000;350.000;0.000;-1.245;False;0.000;False;0.000;True;False
246.781;RECOVERY;1;0;370.000;360.000;0.000;-1.071;False;0.000;False;0.000;True;False
246.906;RECOVERY;1;0;350.000;350.000;0.000;-1.007;False;0.000;False;0.000;True;False
247.031;RECOVERY;1;0;350.000;350.000;2.612;-1.056;False;0.000;False;0.000;True;False
247.172;RECOVERY;1;0;360.000;360.000;7.765;-0.985;False;0.000;False;0.000;True;False
247.297;RECOVERY;1;0;360.000;360.000;9.449;-0.914;False;0.000;False;0.000;True;False
247.422;RECOVERY;1;0;360.000;360.000;10.718;-0.843;False;0.000;False;0.000;True;False
247.531;RECOVERY;1;0;350.000;360.000;10.744;-0.773;False;0.000;False;0.000;True;False
247.656;RECOVERY;1;0;360.000;360.000;9.425;-0.703;False;0.000;False;0.000;True;False
247.781;RECOVERY;1;0;350.000;360.000;6.777;-0.633;False;0.000;False;0.000;True;False
247.937;RECOVERY;1;0;350.000;350.000;0.000;-0.678;False;0.000;False;0.000;True;False
248.062;RECOVERY;1;0;340.000;350.000;0.000;-0.719;False;0.000;False;0.000;True;False
248.187;RECOVERY;1;0;350.000;350.000;0.000;-0.756;False;0.000;False;0.000;True;False
248.312;RECOVERY;1;0;350.000;350.000;0.000;-0.790;False;0.000;False;0.000;True;False
248.453;RECOVERY;1;0;350.000;350.000;0.000;-0.820;False;0.000;False;0.000;True;False
248.578;RECOVERY;1;0;360.000;350.000;0.000;-0.846;False;0.000;False;0.000;True;False
248.703;RECOVERY;1;0;350.000;350.000;0.000;-0.869;False;0.000;False;0.000;True;False
248.843;RECOVERY;1;0;350.000;350.000;0.000;-0.888;False;0.000;False;0.000;True;False
248.968;RECOVERY;1;0;350.000;350.000;0.000;-0.782;False;0.000;False;0.000;True;False
249.093;RECOVERY;1;0;360.000;350.000;0.000;-0.669;False;0.000;False;0.000;True;False
249.218;RECOVERY;1;0;350.000;350.000;0.000;-0.549;False;0.000;False;0.000;True;False
249.343;RECOVERY;1;0;360.000;350.000;0.000;-0.421;False;0.000;False;0.000;True;False
249.453;RECOVERY;1;0;360.000;350.000;0.000;-0.285;False;0.000;False;0.000;True;False
249.562;RECOVERY;1;0;360.000;360.000;5.176;-0.147;False;0.000;False;0.000;True;False
249.687;RECOVERY;1;0;340.000;350.000;3.970;-0.124;False;0.000;False;0.000;True;False
249.812;RECOVERY;1;0;350.000;350.000;2.668;-0.097;False;0.000;False;0.000;True;False
249.937;RECOVERY;1;0;340.000;350.000;1.270;-0.067;False;0.000;False;0.000;True;False
250.062;RECOVERY;1;0;350.000;350.000;0.000;-0.153;False;0.000;False;0.000;True;False
250.203;RECOVERY;1;0;350.000;350.000;0.000;-0.240;False;0.000;False;0.000;True;False
250.328;RECOVERY;1;0;350.000;350.000;0.000;-0.327;False;0.000;False;0.000;True;False
250.468;RECOVERY;1;0;340.000;350.000;0.000;-0.414;False;0.000;False;0.000;True;False
250.593;RECOVERY;1;0;350.000;350.000;0.000;-0.502;False;0.000;False;0.000;True;False
250.718;RECOVERY;1;0;370.000;350.000;0.000;-0.589;False;0.000;False;0.000;True;False
250.843;RECOVERY;1;0;350.000;350.000;0.000;-0.677;False;0.000;False;0.000;True;False
250.984;RECOVERY;1;0;360.000;350.000;0.000;-0.765;False;0.000;False;0.000;True;False
251.109;RECOVERY;1;0;360.000;350.000;0.000;-0.853;False;0.000;False;0.000;True;False
251.234;RECOVERY;1;0;350.000;350.000;0.000;-0.940;False;0.000;False;0.000;True;False
251.359;RECOVERY;1;0;360.000;350.000;0.000;-1.028;False;0.000;False;0.000;True;False
251.468;RECOVERY;1;0;340.000;350.000;0.000;-1.117;False;0.000;False;0.000;True;False
251.593;RECOVERY;1;0;350.000;350.000;0.000;-1.107;False;0.000;False;0.000;True;False
251.734;RECOVERY;1;0;350.000;350.000;0.000;-1.293;False;0.000;False;0.000;True;False
251.859;RECOVERY;1;0;350.000;350.000;0.000;-1.275;False;0.000;False;0.000;True;False
251.984;RECOVERY;1;0;340.000;350.000;0.000;-1.241;False;0.000;False;0.000;True;False
252.109;RECOVERY;1;0;340.000;350.000;0.000;-1.321;False;0.000;False;0.000;True;False
252.234;RECOVERY;1;0;360.000;350.000;0.000;-1.401;False;0.000;False;0.000;True;False
252.359;RECOVERY;1;0;340.000;350.000;0.000;-1.364;False;0.000;False;0.000;True;False
252.484;RECOVERY;1;0;350.000;350.000;0.000;-1.322;False;0.000;False;0.000;True;False
252.609;RECOVERY;1;0;350.000;350.000;0.000;-1.277;False;0.000;False;0.000;True;False
252.734;RECOVERY;1;0;350.000;350.000;0.000;-1.229;False;0.000;False;0.000;True;False
252.859;RECOVERY;1;0;350.000;350.000;0.000;-1.177;False;0.000;False;0.000;True;False
252.984;RECOVERY;1;0;360.000;350.000;0.000;-1.121;False;0.000;False;0.000;True;False
253.125;RECOVERY;1;0;350.000;350.000;0.000;-1.061;False;0.000;False;0.000;True;False
253.250;RECOVERY;1;0;360.000;350.000;0.000;-0.998;False;0.000;False;0.000;True;False
253.375;RECOVERY;1;0;350.000;350.000;0.000;-0.931;False;0.000;False;0.000;True;False
253.500;RECOVERY;1;0;350.000;350.000;0.000;-0.860;False;0.000;False;0.000;True;False
253.640;RECOVERY;1;0;340.000;350.000;0.000;-0.786;False;0.000;False;0.000;True;False
253.765;RECOVERY;1;0;350.000;350.000;0.000;-0.708;False;0.000;False;0.000;True;False
253.906;RECOVERY;1;0;350.000;350.000;0.000;-0.626;False;0.000;False;0.000;True;False
254.031;RECOVERY;1;0;350.000;350.000;0.000;-0.541;False;0.000;False;0.000;True;False
254.156;RECOVERY;1;0;350.000;350.000;0.000;-0.570;False;0.000;False;0.000;True;False
254.281;RECOVERY;1;0;340.000;350.000;0.000;-0.599;False;0.000;False;0.000;True;False
254.422;RECOVERY;1;0;350.000;350.000;0.000;-0.627;False;0.000;False;0.000;True;False
254.547;RECOVERY;1;0;360.000;350.000;0.000;-0.656;False;0.000;False;0.000;True;False
254.687;RECOVERY;1;0;350.000;350.000;0.000;-0.732;False;0.000;False;0.000;True;False
254.828;RECOVERY;1;0;350.000;350.000;0.000;-0.640;False;0.000;False;0.000;True;False
254.953;RECOVERY;1;0;340.000;350.000;0.000;-0.666;False;0.000;False;0.000;True;False
255.078;RECOVERY;1;0;350.000;350.000;0.000;-0.692;False;0.000;False;0.000;True;False
255.203;RECOVERY;1;0;350.000;350.000;0.000;-0.598;False;0.000;False;0.000;True;False
255.328;RECOVERY;1;0;350.000;350.000;0.000;-0.499;False;0.000;False;0.000;True;False
255.453;RECOVERY;1;0;360.000;350.000;0.000;-0.397;False;0.000;False;0.000;True;False
255.562;RECOVERY;1;0;350.000;350.000;0.000;-0.292;False;0.000;False;0.000;True;False
255.687;RECOVERY;1;0;350.000;350.000;0.000;-0.182;False;0.000;False;0.000;True;False
255.812;RECOVERY;1;0;350.000;350.000;0.000;-0.068;False;0.000;False;0.000;True;False
255.953;RECOVERY;1;0;350.000;350.000;0.000;-0.072;False;0.000;False;0.000;True;False
256.078;RECOVERY;1;0;350.000;350.000;0.000;-0.076;False;0.000;False;0.000;True;False
256.203;RECOVERY;1;0;340.000;350.000;0.000;-0.080;False;0.000;False;0.000;True;False
256.328;RECOVERY;1;0;350.000;350.000;0.000;-0.083;False;0.000;False;0.000;True;False
256.453;RECOVERY;1;0;340.000;350.000;0.000;-0.081;False;0.000;False;0.000;True;False
256.593;RECOVERY;1;0;350.000;350.000;0.000;-0.091;False;0.000;False;0.000;True;False
256.718;RECOVERY;1;0;350.000;350.000;0.000;-0.094;False;0.000;False;0.000;True;False
256.843;RECOVERY;1;0;350.000;350.000;0.000;-0.092;False;0.000;False;0.000;True;False
256.968;RECOVERY;1;0;350.000;350.000;0.000;-0.095;False;0.000;False;0.000;True;False
257.093;RECOVERY;1;0;350.000;350.000;0.000;-0.099;False;0.000;False;0.000;True;False
257.218;RECOVERY;1;0;350.000;350.000;0.000;-0.102;False;0.000;False;0.000;True;False
257.343;RECOVERY;1;0;350.000;350.000;0.000;-0.106;False;0.000;False;0.000;True;False
257.484;RECOVERY;1;0;350.000;350.000;0.000;-0.116;False;0.000;False;0.000;True;False
257.593;RECOVERY;1;0;350.000;350.000;0.000;0.000;False;0.000;False;0.000;True;False
257.703;RECOVERY;1;0;360.000;350.000;0.000;0.000;False;0.000;False;0.000;True;False
257.828;RECOVERY;1;0;360.000;350.000;0.000;0.000;False;0.000;False;0.000;True;False
257.937;RECOVERY;1;0;360.000;350.000;0.000;0.000;False;0.000;False;0.000;True;False
258.078;RECOVERY;1;0;350.000;350.000;0.000;0.000;False;0.000;False;0.000;True;False
258.203;RECOVERY;1;0;350.000;350.000;0.000;0.000;False;0.000;False;0.000;True;False
258.328;RECOVERY;1;0;350.000;350.000;0.000;0.000;False;0.000;False;0.000;True;False
258.453;RECOVERY;1;0;340.000;350.000;0.000;0.000;False;0.000;False;0.000;True;False
258.578;RECOVERY;1;0;350.000;350.000;0.000;0.000;False;0.000;False;0.000;True;False
258.703;RECOVERY;1;0;350.000;350.000;0.000;0.000;False;0.000;False;0.000;True;False
258.828;RECOVERY;1;0;360.000;350.000;0.000;0.000;False;0.000;False;0.000;True;False
258.937;RECOVERY;1;0;360.000;350.000;0.000;0.000;False;0.000;False;0.000;True;False
259.062;RECOVERY;1;0;360.000;350.000;0.000;0.000;False;0.000;False;0.000;True;False
259.187;RECOVERY;1;0;360.000;350.000;0.000;0.000;False;0.000;False;0.000;True;False
259.312;RECOVERY;1;0;350.000;350.000;0.000;0.000;False;0.000;False;0.000;True;False
259.437;RECOVERY;1;0;360.000;360.000;5.488;0.112;False;0.000;False;0.000;True;False
259.547;RECOVERY;1;0;350.000;360.000;9.609;0.221;False;0.000;False;0.000;True;False
259.672;RECOVERY;1;0;350.000;360.000;12.376;0.327;False;0.000;False;0.000;True;False
259.812;RECOVERY;1;0;360.000;360.000;13.573;0.429;False;0.000;False;0.000;True;False
259.937;RECOVERY;1;0;350.000;360.000;13.346;0.528;False;0.000;False;0.000;True;False
260.062;RECOVERY;1;0;350.000;350.000;6.548;0.511;False;0.000;False;0.000;True;False
260.187;RECOVERY;1;0;350.000;350.000;0.000;0.493;False;0.000;False;0.000;True;False
260.328;RECOVERY;1;0;340.000;350.000;0.000;0.476;False;0.000;False;0.000;True;False
260.468;RECOVERY;1;0;350.000;350.000;0.000;0.458;False;0.000;False;0.000;True;False
260.593;RECOVERY;1;0;350.000;350.000;0.000;0.440;False;0.000;False;0.000;True;False
260.718;RECOVERY;1;0;350.000;350.000;0.000;0.422;False;0.000;False;0.000;True;False
260.843;RECOVERY;1;0;350.000;350.000;0.000;0.405;False;0.000;False;0.000;True;False
260.968;RECOVERY;1;0;350.000;350.000;0.000;0.387;False;0.000;False;0.000;True;False
261.109;RECOVERY;1;0;360.000;350.000;0.000;0.369;False;0.000;False;0.000;True;False
261.234;RECOVERY;1;0;360.000;350.000;0.000;0.351;False;0.000;False;0.000;True;False
261.359;RECOVERY;1;0;350.000;350.000;0.000;0.333;False;0.000;False;0.000;True;False
261.484;RECOVERY;1;0;350.000;350.000;0.000;0.315;False;0.000;False;0.000;True;False
261.593;RECOVERY;1;0;360.000;350.000;0.000;0.297;False;0.000;False;0.000;True;False
261.718;RECOVERY;1;0;350.000;350.000;0.000;0.279;False;0.000;False;0.000;True;False
261.859;RECOVERY;1;0;360.000;350.000;0.000;0.260;False;0.000;False;0.000;True;False
262.000;RECOVERY;1;0;360.000;360.000;6.870;0.358;False;0.000;False;0.000;True;False
262.125;RECOVERY;1;0;360.000;360.000;11.478;0.451;False;0.000;False;0.000;True;False
262.250;RECOVERY;1;0;360.000;360.000;14.083;0.541;False;0.000;False;0.000;True;False
262.375;RECOVERY;1;0;350.000;360.000;14.851;0.628;False;0.000;False;0.000;True;False
262.515;RECOVERY;1;0;360.000;360.000;13.691;0.710;False;0.000;False;0.000;True;False
262.640;RECOVERY;1;0;360.000;360.000;11.045;0.789;False;0.000;False;0.000;True;False
262.765;RECOVERY;1;0;350.000;360.000;6.538;0.864;False;0.000;False;0.000;True;False
262.890;RECOVERY;1;0;370.000;360.000;0.000;0.935;False;0.000;False;0.000;True;False
263.015;RECOVERY;1;0;350.000;360.000;0.000;1.002;False;0.000;False;0.000;True;False
263.140;RECOVERY;1;0;350.000;360.000;0.000;1.066;False;0.000;False;0.000;True;False
263.281;RECOVERY;1;0;360.000;360.000;0.000;1.125;False;0.000;False;0.000;True;False
263.406;RECOVERY;1;0;350.000;350.000;0.000;1.066;False;0.000;False;0.000;True;False
263.547;RECOVERY;1;0;360.000;360.000;0.000;1.121;False;0.000;False;0.000;True;False
263.672;RECOVERY;1;0;350.000;350.000;0.000;1.058;False;0.000;False;0.000;True;False
263.781;RECOVERY;1;0;340.000;350.000;0.000;0.996;False;0.000;False;0.000;True;False
263.890;RECOVERY;1;0;360.000;350.000;0.000;0.934;False;0.000;False;0.000;True;False
264.015;RECOVERY;1;0;350.000;350.000;0.000;0.872;False;0.000;False;0.000;True;False
264.156;RECOVERY;1;0;350.000;350.000;0.000;0.809;False;0.000;False;0.000;True;False
264.281;RECOVERY;1;0;350.000;350.000;0.000;0.747;False;0.000;False;0.000;True;False
264.390;RECOVERY;1;0;360.000;350.000;0.000;0.686;False;0.000;False;0.000;True;False
264.515;RECOVERY;1;0;350.000;350.000;0.000;0.624;False;0.000;False;0.000;True;False
264.656;RECOVERY;1;0;350.000;350.000;0.000;0.562;False;0.000;False;0.000;True;False
264.781;RECOVERY;1;0;340.000;350.000;0.000;0.500;False;0.000;False;0.000;True;False
264.906;RECOVERY;1;0;350.000;350.000;0.000;0.439;False;0.000;False;0.000;True;False
265.031;RECOVERY;1;0;350.000;350.000;0.000;0.377;False;0.000;False;0.000;True;False
265.156;RECOVERY;1;0;360.000;350.000;0.000;0.316;False;0.000;False;0.000;True;False
265.297;RECOVERY;1;0;350.000;350.000;0.000;0.254;False;0.000;False;0.000;True;False
265.406;RECOVERY;1;0;350.000;350.000;0.000;0.193;False;0.000;False;0.000;True;False
265.515;RECOVERY;1;0;350.000;350.000;0.000;0.132;False;0.000;False;0.000;True;False
265.640;RECOVERY;1;0;340.000;350.000;0.000;0.071;False;0.000;False;0.000;True;False
265.781;RECOVERY;1;0;340.000;350.000;0.000;0.010;False;0.000;False;0.000;True;False
265.922;RECOVERY;1;0;350.000;350.000;0.000;-0.051;False;0.000;False;0.000;True;False
266.047;RECOVERY;1;0;340.000;350.000;0.000;-0.112;False;0.000;False;0.000;True;False
266.187;RECOVERY;1;0;350.000;350.000;0.000;-0.173;False;0.000;False;0.000;True;False
266.312;RECOVERY;1;0;350.000;350.000;0.000;-0.235;False;0.000;False;0.000;True;False
266.437;RECOVERY;1;0;340.000;350.000;0.000;-0.295;False;0.000;False;0.000;True;False
266.578;RECOVERY;1;0;350.000;350.000;0.000;-0.356;False;0.000;False;0.000;True;False
266.703;RECOVERY;1;0;360.000;350.000;0.000;-0.417;False;0.000;False;0.000;True;False
266.843;RECOVERY;1;0;350.000;350.000;0.000;-0.533;False;0.000;False;0.000;True;False
266.968;RECOVERY;1;0;360.000;350.000;0.000;-0.597;False;0.000;False;0.000;True;False
267.093;RECOVERY;1;0;350.000;350.000;0.000;-0.661;False;0.000;False;0.000;True;False
267.218;RECOVERY;1;0;350.000;350.000;0.000;-0.725;False;0.000;False;0.000;True;False
267.328;RECOVERY;1;0;350.000;350.000;0.000;-0.789;False;0.000;False;0.000;True;False
267.453;RECOVERY;1;0;340.000;350.000;0.000;-0.732;False;0.000;False;0.000;True;False
267.578;RECOVERY;1;0;360.000;350.000;0.000;-0.672;False;0.000;False;0.000;True;False
267.703;RECOVERY;1;0;360.000;350.000;0.000;-0.608;False;0.000;False;0.000;True;False
267.828;RECOVERY;1;0;350.000;350.000;0.000;-0.540;False;0.000;False;0.000;True;False
267.953;RECOVERY;1;0;350.000;350.000;0.000;-0.468;False;0.000;False;0.000;True;False
268.078;RECOVERY;1;0;350.000;350.000;0.000;-0.514;False;0.000;False;0.000;True;False
268.218;RECOVERY;1;0;350.000;350.000;0.000;-0.559;False;0.000;False;0.000;True;False
268.343;RECOVERY;1;0;360.000;350.000;0.000;-0.605;False;0.000;False;0.000;True;False
268.484;RECOVERY;1;0;350.000;350.000;0.000;-0.650;False;0.000;False;0.000;True;False
268.609;RECOVERY;1;0;350.000;350.000;0.000;-0.696;False;0.000;False;0.000;True;False
268.734;RECOVERY;1;0;350.000;350.000;0.000;-0.741;False;0.000;False;0.000;True;False
268.875;RECOVERY;1;0;340.000;350.000;0.000;-0.786;False;0.000;False;0.000;True;False
269.000;RECOVERY;1;0;350.000;350.000;0.000;-0.831;False;0.000;False;0.000;True;False
269.125;RECOVERY;1;0;350.000;350.000;0.000;-0.876;False;0.000;False;0.000;True;False
269.250;RECOVERY;1;0;350.000;350.000;0.000;-0.921;False;0.000;False;0.000;True;False
269.375;RECOVERY;1;0;350.000;350.000;0.000;-0.966;False;0.000;False;0.000;True;False
269.500;RECOVERY;1;0;360.000;350.000;0.000;-1.012;False;0.000;False;0.000;True;False
269.640;RECOVERY;1;0;360.000;350.000;0.000;-1.057;False;0.000;False;0.000;True;False
269.765;RECOVERY;1;0;360.000;350.000;0.000;-1.103;False;0.000;False;0.000;True;False
269.890;RECOVERY;1;0;370.000;350.000;0.000;-1.148;False;0.000;False;0.000;True;False
270.015;RECOVERY;1;0;360.000;360.000;6.480;-0.955;False;0.000;False;0.000;True;False
270.140;RECOVERY;1;0;370.000;360.000;11.116;-0.762;False;0.000;False;0.000;True;False
270.281;RECOVERY;1;0;370.000;360.000;13.826;-0.569;False;0.000;False;0.000;True;False
270.406;RECOVERY;1;0;360.000;360.000;14.746;-0.376;False;0.000;False;0.000;True;False
270.531;RECOVERY;1;0;360.000;360.000;13.914;-0.184;False;0.000;False;0.000;True;False
270.656;RECOVERY;1;0;360.000;360.000;11.121;0.009;False;0.000;False;0.000;True;False
270.781;RECOVERY;1;0;360.000;360.000;6.516;0.200;False;0.000;False;0.000;True;False
270.906;RECOVERY;1;0;360.000;360.000;0.000;0.392;False;0.000;False;0.000;True;False
271.047;RECOVERY;1;0;350.000;360.000;0.000;0.584;False;0.000;False;0.000;True;False
271.172;RECOVERY;1;0;360.000;360.000;0.000;0.775;False;0.000;False;0.000;True;False
271.297;RECOVERY;1;0;360.000;360.000;0.000;0.966;False;0.000;False;0.000;True;False
271.422;RECOVERY;1;0;360.000;360.000;0.000;1.037;False;0.000;False;0.000;True;False
271.547;RECOVERY;1;0;360.000;360.000;0.000;1.079;False;0.000;False;0.000;True;False
271.672;RECOVERY;1;0;360.000;360.000;0.000;1.256;False;0.000;False;0.000;True;False
271.812;RECOVERY;1;0;350.000;360.000;0.000;1.353;False;0.000;False;0.000;True;False
271.937;RECOVERY;1;0;360.000;360.000;0.000;1.413;False;0.000;False;0.000;True;False
272.062;RECOVERY;1;0;360.000;360.000;0.000;1.469;False;0.000;False;0.000;True;False
272.187;RECOVERY;1;0;360.000;360.000;0.000;1.521;False;0.000;False;0.000;True;False
272.297;RECOVERY;1;0;360.000;360.000;0.000;1.570;False;0.000;False;0.000;True;False
272.422;RECOVERY;1;0;350.000;360.000;0.000;1.615;False;0.000;False;0.000;True;False
272.531;RECOVERY;1;0;360.000;360.000;0.000;1.657;False;0.000;False;0.000;True;False
272.656;RECOVERY;1;0;360.000;360.000;0.000;1.657;False;0.000;False;0.000;True;False
272.781;RECOVERY;1;0;350.000;360.000;0.000;1.691;False;0.000;False;0.000;True;False
272.906;RECOVERY;1;0;350.000;360.000;0.000;1.723;False;0.000;False;0.000;True;False
273.031;RECOVERY;1;0;350.000;360.000;0.000;1.750;False;0.000;False;0.000;True;False
273.156;RECOVERY;1;0;360.000;360.000;0.000;1.775;False;0.000;False;0.000;True;False
273.281;RECOVERY;1;0;360.000;360.000;0.000;1.796;False;0.000;False;0.000;True;False
273.422;RECOVERY;1;0;350.000;350.000;0.000;1.732;False;0.000;False;0.000;True;False
273.547;RECOVERY;1;0;360.000;360.000;0.000;1.749;False;0.000;False;0.000;True;False
273.672;RECOVERY;1;0;360.000;360.000;0.000;1.762;False;0.000;False;0.000;True;False
273.797;RECOVERY;1;0;350.000;350.000;0.000;1.654;False;0.000;False;0.000;True;False
273.922;RECOVERY;1;0;370.000;360.000;0.000;1.640;False;0.000;False;0.000;True;False
274.062;RECOVERY;1;0;360.000;360.000;0.000;1.667;False;0.000;False;0.000;True;False
274.187;RECOVERY;1;0;350.000;360.000;3.656;1.648;False;0.000;False;0.000;True;False
274.312;RECOVERY;1;0;360.000;360.000;7.466;1.647;False;0.000;False;0.000;True;False
274.437;RECOVERY;1;0;370.000;360.000;2.840;1.642;False;0.000;False;0.000;True;False
274.578;RECOVERY;1;0;350.000;360.000;4.632;1.634;False;0.000;False;0.000;True;False
274.703;RECOVERY;1;0;360.000;360.000;6.434;1.621;False;0.000;False;0.000;True;False
274.843;RECOVERY;1;0;350.000;360.000;0.000;1.604;False;0.000;False;0.000;True;False
274.968;RECOVERY;1;0;350.000;360.000;0.000;1.584;False;0.000;False;0.000;True;False
275.093;RECOVERY;1;0;360.000;360.000;0.000;1.560;False;0.000;False;0.000;True;False
275.218;RECOVERY;1;0;350.000;350.000;0.000;1.419;False;0.000;False;0.000;True;False
275.359;RECOVERY;1;0;360.000;360.000;0.000;1.384;False;0.000;False;0.000;True;False
275.468;RECOVERY;1;0;360.000;360.000;0.000;1.350;False;0.000;False;0.000;True;False
275.562;RECOVERY;1;0;360.000;360.000;0.000;1.328;False;0.000;False;0.000;True;False
275.687;RECOVERY;1;0;350.000;360.000;0.000;1.291;False;0.000;False;0.000;True;False
275.812;RECOVERY;1;0;350.000;350.000;0.000;1.137;False;0.000;False;0.000;True;False
275.937;RECOVERY;1;0;360.000;360.000;0.000;1.096;False;0.000;False;0.000;True;False
276.062;RECOVERY;1;0;360.000;360.000;1.463;1.051;False;0.000;False;0.000;True;False
276.203;RECOVERY;1;0;360.000;360.000;4.252;1.003;False;0.000;False;0.000;True;False
276.328;RECOVERY;1;0;350.000;360.000;0.136;0.951;False;0.000;False;0.000;True;False
276.453;RECOVERY;1;0;350.000;360.000;1.418;0.895;False;0.000;False;0.000;True;False
276.578;RECOVERY;1;0;360.000;360.000;4.653;0.835;False;0.000;False;0.000;True;False
276.703;RECOVERY;1;0;360.000;360.000;6.516;0.772;False;0.000;False;0.000;True;False
276.828;RECOVERY;1;0;350.000;360.000;0.000;0.704;False;0.000;False;0.000;True;False
276.968;RECOVERY;1;0;360.000;360.000;0.000;0.634;False;0.000;False;0.000;True;False
