elapsed_s;active_elapsed_s;gw_nivel;median9_raw;positive_median_rate_raw_per_s;gw_enable;gw_dac;gw_applied_enable;gw_applied_dac;gw_watchdog_healthy;plc_nivel;plc_enable;plc_dac;plc_applied_enable;plc_applied_dac;plc_watchdog_healthy;plc_watchdog_tripped
1.172000;-1.000000;308.0;298.000000;0.000000;False;0.0;False;0.0;True;308.0;False;0.0;False;0.0;True;False
1.281000;-1.000000;308.0;308.000000;91.743120;False;0.0;False;0.0;True;308.0;False;0.0;False;0.0;True;False
1.391000;-1.000000;308.0;308.000000;45.662100;False;0.0;False;0.0;True;308.0;False;0.0;False;0.0;True;False
1.500000;-1.000000;308.0;308.000000;30.487805;False;0.0;False;0.0;True;308.0;False;0.0;False;0.0;True;False
1.609000;-1.000000;318.0;308.000000;22.883295;False;0.0;False;0.0;True;318.0;False;0.0;False;0.0;True;False
1.734000;-1.000000;318.0;308.000000;17.793594;False;0.0;False;0.0;True;318.0;False;0.0;False;0.0;True;False
1.844000;-1.000000;308.0;308.000000;14.880952;False;0.0;False;0.0;True;298.0;False;0.0;False;0.0;True;False
1.953000;-1.000000;298.0;308.000000;12.804097;False;0.0;False;0.0;True;308.0;False;0.0;False;0.0;True;False
2.063000;-1.000000;298.0;308.000000;11.223345;False;0.0;False;0.0;True;298.0;False;0.0;False;0.0;True;False
2.188000;-1.000000;298.0;308.000000;9.842520;False;0.0;False;0.0;True;308.0;False;0.0;False;0.0;True;False
2.313000;-1.000000;308.0;308.000000;8.764242;False;0.0;False;0.0;True;308.0;False;0.0;False;0.0;True;False
2.438000;-1.000000;308.0;308.000000;7.898894;False;0.0;False;0.0;True;308.0;False;0.0;False;0.0;True;False
2.563000;-1.000000;308.0;308.000000;7.189073;False;0.0;False;0.0;True;308.0;False;0.0;False;0.0;True;False
2.688000;-1.000000;308.0;308.000000;6.596306;False;0.0;False;0.0;True;308.0;False;0.0;False;0.0;True;False
2.813000;-1.000000;308.0;308.000000;6.093845;False;0.0;False;0.0;True;308.0;False;0.0;False;0.0;True;False
2.953000;-1.000000;308.0;308.000000;5.614823;False;0.0;False;0.0;True;308.0;False;0.0;False;0.0;True;False
3.078000;-1.000000;308.0;308.000000;5.246590;False;0.0;False;0.0;True;308.0;False;0.0;False;0.0;True;False
3.188000;-1.000000;308.0;308.000000;4.960317;False;0.0;False;0.0;True;308.0;False;0.0;False;0.0;True;False
3.313000;-1.000000;308.0;308.000000;4.670715;False;0.0;False;0.0;True;308.0;False;0.0;False;0.0;True;False
3.422000;-1.000000;308.0;308.000000;4.444444;False;0.0;False;0.0;True;308.0;False;0.0;False;0.0;True;False
3.547000;-1.000000;298.0;308.000000;0.000000;False;0.0;False;0.0;True;308.0;False;0.0;False;0.0;True;False
3.672000;-1.000000;308.0;308.000000;0.000000;False;0.0;False;0.0;True;308.0;False;0.0;False;0.0;True;False
3.781000;-1.000000;308.0;308.000000;0.000000;False;0.0;False;0.0;True;308.0;False;0.0;False;0.0;True;False
3.891000;-1.000000;318.0;308.000000;0.000000;False;0.0;False;0.0;True;318.0;False;0.0;False;0.0;True;False
4.000000;-1.000000;318.0;308.000000;0.000000;False;0.0;False;0.0;True;318.0;False;0.0;False;0.0;True;False
4.094000;-1.000000;318.0;308.000000;0.000000;False;0.0;False;0.0;True;318.0;False;0.0;False;0.0;True;False
4.219000;-1.000000;318.0;308.000000;0.000000;False;0.0;False;0.0;True;318.0;False;0.0;False;0.0;True;False
4.359000;-1.000000;318.0;318.000000;4.355401;False;0.0;False;0.0;True;328.0;False;0.0;False;0.0;True;False
4.469000;-1.000000;328.0;318.000000;4.384042;False;0.0;False;0.0;True;328.0;False;0.0;False;0.0;True;False
4.578000;-1.000000;328.0;318.000000;4.415011;False;0.0;False;0.0;True;328.0;False;0.0;False;0.0;True;False
4.703000;-1.000000;328.0;318.000000;4.415011;False;0.0;False;0.0;True;318.0;False;0.0;False;0.0;True;False
4.828000;-1.000000;318.0;318.000000;4.415011;False;0.0;False;0.0;True;340.0;False;0.0;False;0.0;True;False
4.953000;-1.000000;340.0;318.000000;4.415011;False;0.0;False;0.0;True;328.0;False;0.0;False;0.0;True;False
5.078000;-1.000000;328.0;328.000000;8.830022;False;0.0;False;0.0;True;328.0;False;0.0;False;0.0;True;False
5.203000;-1.000000;328.0;328.000000;8.888889;False;0.0;False;0.0;True;328.0;False;0.0;False;0.0;True;False
5.344000;-1.000000;328.0;328.000000;8.826125;False;0.0;False;0.0;True;340.0;False;0.0;False;0.0;True;False
5.469000;-1.000000;340.0;328.000000;8.768084;False;0.0;False;0.0;True;318.0;False;0.0;False;0.0;True;False
5.594000;-1.000000;318.0;328.000000;8.768084;False;0.0;False;0.0;True;328.0;False;0.0;False;0.0;True;False
5.719000;-1.000000;328.0;328.000000;8.707009;False;0.0;False;0.0;True;318.0;False;0.0;False;0.0;True;False
5.844000;-1.000000;318.0;328.000000;8.707009;False;0.0;False;0.0;True;318.0;False;0.0;False;0.0;True;False
5.969000;-1.000000;318.0;328.000000;8.707009;False;0.0;False;0.0;True;328.0;False;0.0;False;0.0;True;False
6.094000;-1.000000;328.0;328.000000;8.646779;False;0.0;False;0.0;True;308.0;False;0.0;False;0.0;True;False
6.219000;-1.000000;318.0;328.000000;8.591065;False;0.0;False;0.0;True;318.0;False;0.0;False;0.0;True;False
6.328000;-1.000000;318.0;318.000000;4.295533;False;0.0;False;0.0;True;328.0;False;0.0;False;0.0;True;False
6.453000;-1.000000;328.0;318.000000;4.239084;False;0.0;False;0.0;True;308.0;False;0.0;False;0.0;True;False
6.563000;-1.000000;308.0;318.000000;4.266212;False;0.0;False;0.0;True;328.0;False;0.0;False;0.0;True;False
6.672000;-1.000000;328.0;318.000000;0.000000;False;0.0;False;0.0;True;318.0;False;0.0;False;0.0;True;False
6.781000;-1.000000;318.0;318.000000;0.000000;False;0.0;False;0.0;True;318.0;False;0.0;False;0.0;True;False
6.891000;-1.000000;318.0;318.000000;0.000000;False;0.0;False;0.0;True;318.0;False;0.0;False;0.0;True;False
7.047000;-1.000000;318.0;318.000000;0.000000;False;0.0;False;0.0;True;318.0;False;0.0;False;0.0;True;False
7.156000;-1.000000;318.0;318.000000;0.000000;False;0.0;False;0.0;True;318.0;False;0.0;False;0.0;True;False
7.250000;-1.000000;318.0;318.000000;0.000000;False;0.0;False;0.0;True;318.0;False;0.0;False;0.0;True;False
7.375000;-1.000000;318.0;318.000000;0.000000;False;0.0;False;0.0;True;318.0;False;0.0;False;0.0;True;False
7.484000;-1.000000;328.0;318.000000;0.000000;False;0.0;False;0.0;True;328.0;False;0.0;False;0.0;True;False
7.594000;-1.000000;328.0;318.000000;0.000000;False;0.0;False;0.0;True;328.0;False;0.0;False;0.0;True;False
7.734000;-1.000000;328.0;318.000000;0.000000;False;0.0;False;0.0;True;318.0;False;0.0;False;0.0;True;False
7.859000;-1.000000;318.0;318.000000;0.000000;False;0.0;False;0.0;True;328.0;False;0.0;False;0.0;True;False
7.984000;-1.000000;328.0;318.000000;0.000000;False;0.0;False;0.0;True;318.0;False;0.0;False;0.0;True;False
8.094000;-1.000000;318.0;318.000000;0.000000;False;0.0;False;0.0;True;318.0;False;0.0;False;0.0;True;False
8.203000;-1.000000;318.0;318.000000;0.000000;False;0.0;False;0.0;True;318.0;False;0.0;False;0.0;True;False
8.313000;-1.000000;328.0;328.000000;0.000000;False;0.0;False;0.0;True;328.0;False;0.0;False;0.0;True;False
8.453000;-1.000000;328.0;328.000000;0.000000;False;0.0;False;0.0;True;328.0;False;0.0;False;0.0;True;False
8.563000;-1.000000;328.0;328.000000;4.474273;False;0.0;False;0.0;True;318.0;False;0.0;False;0.0;True;False
8.688000;-1.000000;318.0;328.000000;4.474273;False;0.0;False;0.0;True;328.0;False;0.0;False;0.0;True;False
8.813000;-1.000000;318.0;318.000000;0.000000;False;0.0;False;0.0;True;318.0;False;0.0;False;0.0;True;False
8.922000;-1.000000;318.0;318.000000;0.000000;False;0.0;False;0.0;True;328.0;False;0.0;False;0.0;True;False
9.047000;-1.000000;328.0;318.000000;0.000000;False;0.0;False;0.0;True;328.0;False;0.0;False;0.0;True;False
9.172000;-1.000000;328.0;328.000000;4.384042;False;0.0;False;0.0;True;340.0;False;0.0;False;0.0;True;False
9.297000;-1.000000;340.0;328.000000;4.444444;False;0.0;False;0.0;True;328.0;False;0.0;False;0.0;True;False
9.422000;-1.000000;328.0;328.000000;4.413063;False;0.0;False;0.0;True;328.0;False;0.0;False;0.0;True;False
9.547000;-1.000000;328.0;328.000000;4.353505;False;0.0;False;0.0;True;328.0;False;0.0;False;0.0;True;False
9.672000;0.000000;328.0;328.000000;4.353505;True;750.0;False;0.0;True;328.0;False;0.0;False;0.0;True;False
9.813000;0.141000;318.0;328.000000;4.293688;True;750.0;True;150.0;True;318.0;True;300.0;True;150.0;True;False
9.938000;0.266000;318.0;328.000000;4.266212;True;750.0;True;300.0;True;308.0;True;450.0;True;450.0;True;False
10.047000;0.375000;308.0;328.000000;4.323390;True;750.0;True;450.0;True;298.0;True;600.0;True;450.0;True;False
10.156000;0.484000;308.0;328.000000;4.353505;True;1050.0;True;450.0;True;328.0;True;600.0;True;600.0;True;False
10.281000;0.609000;328.0;328.000000;4.353505;True;1050.0;True;600.0;True;308.0;True;750.0;True;750.0;True;False
10.406000;0.734000;308.0;318.000000;0.000000;True;1050.0;True;750.0;True;298.0;True;900.0;True;900.0;True;False
10.547000;0.875000;298.0;318.000000;0.000000;True;1050.0;True;900.0;True;308.0;True;1050.0;True;1050.0;True;False
10.672000;1.000000;308.0;308.000000;0.000000;True;1650.0;True;1050.0;True;298.0;True;1050.0;True;1050.0;True;False
10.781000;1.109000;298.0;308.000000;0.000000;True;1650.0;True;1050.0;True;308.0;True;1200.0;True;1200.0;True;False
10.891000;1.219000;308.0;308.000000;0.000000;True;1650.0;True;1200.0;True;318.0;True;1350.0;True;1200.0;True;False
11.000000;1.328000;257.0;308.000000;0.000000;True;1650.0;True;1350.0;True;257.0;True;1500.0;True;1350.0;True;False
11.094000;1.422000;257.0;308.000000;0.000000;True;1950.0;True;1350.0;True;298.0;True;1500.0;True;1500.0;True;False
11.219000;1.547000;298.0;298.000000;0.000000;True;1950.0;True;1500.0;True;298.0;True;1650.0;True;1650.0;True;False
11.344000;1.672000;298.0;298.000000;0.000000;True;1950.0;True;1650.0;True;298.0;True;1800.0;True;1800.0;True;False
11.469000;1.797000;298.0;298.000000;0.000000;True;1950.0;True;1800.0;True;298.0;True;1950.0;True;1950.0;True;False
11.609000;1.937000;298.0;298.000000;0.000000;True;2550.0;True;1950.0;True;217.0;True;1950.0;True;1950.0;True;False
11.734000;2.062000;217.0;298.000000;0.000000;True;2550.0;True;1950.0;True;298.0;True;2100.0;True;2100.0;True;False
11.844000;2.172000;298.0;298.000000;0.000000;True;2550.0;True;2100.0;True;298.0;True;2250.0;True;2250.0;True;False
11.969000;2.297000;298.0;298.000000;0.000000;True;2550.0;True;2250.0;True;176.0;True;2400.0;True;2400.0;True;False
12.094000;2.422000;176.0;298.000000;0.000000;True;3000.0;True;2400.0;True;196.0;True;2550.0;True;2550.0;True;False
12.219000;2.547000;196.0;298.000000;0.000000;True;3000.0;True;2550.0;True;227.0;True;2700.0;True;2700.0;True;False
12.344000;2.672000;227.0;298.000000;0.000000;True;3000.0;True;2700.0;True;237.0;True;2850.0;True;2850.0;True;False
12.453000;2.781000;237.0;237.000000;0.000000;True;3000.0;True;2850.0;True;288.0;True;3000.0;True;3000.0;True;False
12.563000;2.891000;288.0;237.000000;0.000000;True;3000.0;True;3000.0;True;125.0;True;3000.0;True;3000.0;True;False
12.672000;3.000000;125.0;227.000000;0.000000;True;3600.0;True;3000.0;True;166.0;True;3150.0;True;3000.0;True;False
12.797000;3.125000;166.0;227.000000;0.000000;True;3600.0;True;3150.0;True;227.0;True;3300.0;True;3150.0;True;False
12.891000;3.219000;288.0;227.000000;0.000000;True;3600.0;True;3300.0;True;288.0;True;3450.0;True;3300.0;True;False
13.000000;3.328000;146.0;196.000000;0.000000;True;3600.0;True;3450.0;True;146.0;True;3600.0;True;3450.0;True;False
13.109000;3.437000;146.0;196.000000;0.000000;True;4050.0;True;3450.0;True;186.0;True;3600.0;True;3600.0;True;False
13.234000;3.562000;186.0;186.000000;0.000000;True;4050.0;True;3600.0;True;257.0;True;3750.0;True;3750.0;True;False
13.359000;3.687000;257.0;186.000000;0.000000;True;4050.0;True;3750.0;True;196.0;True;3900.0;True;3900.0;True;False
13.469000;3.797000;196.0;186.000000;0.000000;True;4050.0;True;3900.0;True;257.0;True;4050.0;True;4050.0;True;False
13.578000;3.906000;257.0;186.000000;0.000000;True;4050.0;True;4050.0;True;318.0;True;4050.0;True;4050.0;True;False
13.688000;4.016000;136.0;186.000000;0.000000;True;4650.0;True;4050.0;True;136.0;True;4200.0;True;4050.0;True;False
13.813000;4.141000;136.0;186.000000;0.000000;True;4650.0;True;4050.0;True;207.0;True;4200.0;True;4200.0;True;False
13.938000;4.266000;207.0;186.000000;0.000000;True;4650.0;True;4200.0;True;360.0;True;4350.0;True;4350.0;True;False
14.063000;4.391000;360.0;196.000000;0.000000;True;4650.0;True;4350.0;True;196.0;True;4500.0;True;4500.0;True;False
14.172000;4.500000;196.0;196.000000;0.000000;True;4950.0;True;4500.0;True;196.0;True;4650.0;True;4650.0;True;False
14.297000;4.625000;196.0;196.000000;0.000000;True;4950.0;True;4650.0;True;207.0;True;4800.0;True;4650.0;True;False
14.422000;4.750000;257.0;196.000000;0.000000;True;4950.0;True;4800.0;True;257.0;True;4950.0;True;4800.0;True;False
14.547000;4.875000;217.0;207.000000;0.000000;True;4950.0;True;4950.0;True;237.0;True;4950.0;True;4950.0;True;False
14.656000;4.984000;217.0;207.000000;0.000000;True;5550.0;True;4950.0;True;350.0;True;4950.0;True;4950.0;True;False
14.766000;5.094000;350.0;217.000000;0.000000;True;5550.0;True;4950.0;True;186.0;True;5100.0;True;5100.0;True;False
14.891000;5.219000;186.0;217.000000;0.000000;True;5550.0;True;5100.0;True;227.0;True;5250.0;True;5250.0;True;False
15.016000;5.344000;227.0;217.000000;0.000000;True;5550.0;True;5250.0;True;227.0;True;5400.0;True;5400.0;True;False
15.125000;5.453000;227.0;217.000000;0.000000;True;6000.0;True;5400.0;True;350.0;True;5550.0;True;5400.0;True;False
15.250000;5.578000;350.0;227.000000;13.777778;True;6000.0;True;5550.0;True;146.0;True;5700.0;True;5700.0;True;False
15.375000;5.703000;146.0;227.000000;13.680494;True;6000.0;True;5700.0;True;217.0;True;5850.0;True;5850.0;True;False
15.484000;5.812000;217.0;217.000000;13.777778;True;6000.0;True;5850.0;True;166.0;True;6000.0;True;6000.0;True;False
15.609000;5.937000;166.0;217.000000;13.777778;True;6600.0;True;6000.0;True;217.0;True;6000.0;True;6000.0;True;False
15.734000;6.062000;328.0;227.000000;18.101545;True;6600.0;True;6000.0;True;328.0;True;6150.0;True;6150.0;True;False
15.844000;6.172000;318.0;227.000000;18.093557;True;6600.0;True;6150.0;True;247.0;True;6300.0;True;6300.0;True;False
15.969000;6.297000;247.0;227.000000;17.974573;True;6600.0;True;6300.0;True;146.0;True;6450.0;True;6300.0;True;False
16.078000;6.406000;298.0;247.000000;26.931567;True;6900.0;True;6450.0;True;298.0;True;6600.0;True;6450.0;True;False
16.188000;6.516000;298.0;298.000000;49.777778;True;6900.0;True;6450.0;True;328.0;True;6600.0;True;6600.0;True;False
16.313000;6.641000;328.0;298.000000;45.333333;True;6900.0;True;6600.0;True;328.0;True;6750.0;True;6750.0;True;False
16.438000;6.766000;176.0;298.000000;45.013239;True;6900.0;True;6750.0;True;360.0;True;6900.0;True;6900.0;True;False
16.563000;6.891000;360.0;298.000000;45.013239;True;6900.0;True;6900.0;True;257.0;True;6900.0;True;6900.0;True;False
16.672000;7.000000;257.0;298.000000;45.333333;True;7500.0;True;6900.0;True;360.0;True;7050.0;True;7050.0;True;False
16.797000;7.125000;350.0;298.000000;40.444444;True;7500.0;True;7050.0;True;350.0;True;7200.0;True;7050.0;True;False
16.922000;7.250000;370.0;298.000000;40.158870;True;7500.0;True;7200.0;True;370.0;True;7350.0;True;7200.0;True;False
17.031000;7.359000;370.0;328.000000;49.006623;True;7500.0;True;7350.0;True;390.0;True;7500.0;True;7350.0;True;False
17.141000;7.469000;380.0;350.000000;59.111111;True;7950.0;True;7350.0;True;350.0;True;7500.0;True;7500.0;True;False
17.281000;7.609000;350.0;350.000000;58.719647;True;7950.0;True;7500.0;True;370.0;True;7650.0;True;7650.0;True;False
17.391000;7.719000;370.0;360.000000;63.106796;True;7950.0;True;7650.0;True;360.0;True;7800.0;True;7800.0;True;False
17.516000;7.844000;360.0;360.000000;58.693733;True;7950.0;True;7800.0;True;318.0;True;7950.0;True;7950.0;True;False
17.641000;7.969000;318.0;360.000000;58.693733;True;8550.0;True;7950.0;True;308.0;True;7950.0;True;7950.0;True;False
17.766000;8.094000;308.0;360.000000;62.664330;True;8550.0;True;7950.0;True;318.0;True;8100.0;True;8100.0;True;False
17.891000;8.219000;318.0;360.000000;62.664330;True;8550.0;True;8100.0;True;298.0;True;8250.0;True;8250.0;True;False
18.031000;8.359000;298.0;350.000000;53.548106;True;8550.0;True;8250.0;True;318.0;True;8400.0;True;8400.0;True;False
18.156000;8.484000;298.0;318.000000;39.359862;True;8850.0;True;8400.0;True;298.0;True;8550.0;True;8550.0;True;False
18.266000;8.594000;298.0;318.000000;39.616892;True;8850.0;True;8550.0;True;227.0;True;8700.0;True;8700.0;True;False
18.375000;8.703000;278.0;308.000000;26.556378;True;8850.0;True;8700.0;True;278.0;True;8850.0;True;8700.0;True;False
18.484000;8.812000;278.0;298.000000;0.000000;True;8850.0;True;8700.0;True;257.0;True;8850.0;True;8850.0;True;False
18.594000;8.922000;257.0;298.000000;0.000000;True;9450.0;True;8850.0;True;298.0;True;8850.0;True;8850.0;True;False
18.734000;9.062000;298.0;298.000000;0.000000;True;9450.0;True;8850.0;True;308.0;True;9000.0;True;9000.0;True;False
18.859000;9.187000;308.0;298.000000;0.000000;True;9450.0;True;9000.0;True;318.0;True;9150.0;True;9150.0;True;False
18.984000;9.312000;318.0;298.000000;0.000000;True;9450.0;True;9150.0;True;267.0;True;9300.0;True;9300.0;True;False
19.094000;9.422000;267.0;298.000000;0.000000;True;9900.0;True;9300.0;True;308.0;True;9450.0;True;9300.0;True;False
19.203000;9.531000;318.0;298.000000;0.000000;True;9900.0;True;9450.0;True;318.0;True;9600.0;True;9450.0;True;False
19.313000;9.641000;318.0;298.000000;0.000000;True;9900.0;True;9600.0;True;318.0;True;9750.0;True;9600.0;True;False
19.422000;9.750000;257.0;298.000000;0.000000;True;9900.0;True;9750.0;True;257.0;True;9900.0;True;9900.0;True;False
19.531000;9.859000;298.0;298.000000;0.000000;True;9900.0;True;9900.0;True;267.0;True;9900.0;True;9900.0;True;False
19.656000;9.984000;267.0;298.000000;0.000000;True;10500.0;True;9900.0;True;298.0;True;10050.0;True;10050.0;True;False
19.766000;10.094000;237.0;298.000000;0.000000;True;10500.0;True;10050.0;True;237.0;True;10200.0;True;10050.0;True;False
19.875000;10.203000;237.0;267.000000;0.000000;True;10500.0;True;10050.0;True;288.0;True;10200.0;True;10200.0;True;False
20.000000;10.328000;288.0;267.000000;0.000000;True;10500.0;True;10200.0;True;298.0;True;10350.0;True;10350.0;True;False
20.141000;10.469000;298.0;288.000000;0.000000;True;10950.0;True;10350.0;True;196.0;True;10500.0;True;10500.0;True;False
20.266000;10.594000;196.0;267.000000;0.000000;True;10950.0;True;10500.0;True;257.0;True;10650.0;True;10650.0;True;False
20.391000;10.719000;257.0;257.000000;0.000000;True;10950.0;True;10650.0;True;267.0;True;10800.0;True;10800.0;True;False
20.516000;10.844000;267.0;267.000000;0.000000;True;10950.0;True;10800.0;True;237.0;True;10950.0;True;10950.0;True;False
20.625000;10.953000;237.0;257.000000;0.000000;True;11550.0;True;10950.0;True;257.0;True;10950.0;True;10950.0;True;False
20.750000;11.078000;257.0;257.000000;0.000000;True;11550.0;True;10950.0;True;257.0;True;11100.0;True;11100.0;True;False
20.875000;11.203000;257.0;257.000000;0.000000;True;11550.0;True;11100.0;True;186.0;True;11250.0;True;11250.0;True;False
21.000000;11.328000;186.0;257.000000;0.000000;True;11550.0;True;11250.0;True;267.0;True;11400.0;True;11400.0;True;False
21.125000;11.453000;267.0;257.000000;0.000000;True;12000.0;True;11400.0;True;257.0;True;11550.0;True;11550.0;True;False
21.250000;11.578000;257.0;257.000000;0.000000;True;12000.0;True;11550.0;True;247.0;True;11700.0;True;11700.0;True;False
21.375000;11.703000;247.0;257.000000;0.000000;True;12000.0;True;11700.0;True;237.0;True;11850.0;True;11850.0;True;False
21.500000;11.828000;237.0;257.000000;0.000000;True;12000.0;True;11850.0;True;267.0;True;12000.0;True;12000.0;True;False
21.625000;11.953000;267.0;257.000000;0.000000;True;12600.0;True;12000.0;True;328.0;True;12000.0;True;12000.0;True;False
21.750000;12.078000;217.0;257.000000;0.000000;True;12600.0;True;12000.0;True;288.0;True;12150.0;True;12150.0;True;False
21.891000;12.219000;288.0;257.000000;0.000000;True;12600.0;True;12150.0;True;318.0;True;12300.0;True;12300.0;True;False
22.000000;12.328000;318.0;257.000000;0.000000;True;12600.0;True;12300.0;True;267.0;True;12450.0;True;12450.0;True;False
22.141000;12.469000;431.0;267.000000;0.000000;True;13050.0;True;12450.0;True;340.0;True;12600.0;True;12600.0;True;False
22.250000;12.578000;431.0;267.000000;0.000000;True;13050.0;True;12450.0;True;380.0;True;12600.0;True;12600.0;True;False
22.422000;12.750000;340.0;288.000000;8.670520;True;13050.0;True;12600.0;True;328.0;True;12750.0;True;12750.0;True;False
22.844000;13.172000;308.0;308.000000;7.399186;True;13350.0;True;12750.0;True;360.0;True;12900.0;True;12900.0;True;False
23.047000;13.375000;350.0;318.000000;18.338727;True;13350.0;True;12900.0;True;492.0;True;13050.0;True;13050.0;True;False
23.156000;13.484000;492.0;340.000000;30.018083;True;13500.0;True;13050.0;True;482.0;True;13200.0;True;13200.0;True;False
23.422000;13.750000;431.0;350.000000;28.561597;True;13500.0;True;13200.0;True;553.0;True;13350.0;True;13200.0;True;False
23.609000;13.937000;411.0;411.000000;51.608579;True;13800.0;True;13350.0;True;380.0;True;13500.0;True;13500.0;True;False
23.734000;14.062000;593.0;431.000000;58.310992;True;13800.0;True;13500.0;True;655.0;True;13650.0;True;13650.0;True;False
23.844000;14.172000;655.0;431.000000;58.605591;True;13800.0;True;13650.0;True;532.0;True;13800.0;True;13800.0;True;False
23.969000;14.297000;532.0;431.000000;58.605591;True;13800.0;True;13800.0;True;563.0;True;13800.0;True;13800.0;True;False
24.078000;14.406000;625.0;492.000000;79.580088;True;14400.0;True;13800.0;True;625.0;True;13800.0;True;13800.0;True;False
24.188000;14.516000;625.0;532.000000;93.601089;True;14400.0;True;13800.0;True;797.0;True;13800.0;True;13800.0;True;False
24.313000;14.641000;797.0;593.000000;114.363513;True;14400.0;True;13800.0;True;726.0;True;13950.0;True;13950.0;True;False
24.453000;14.781000;726.0;625.000000;124.619031;True;14400.0;True;13950.0;True;807.0;True;14100.0;True;14100.0;True;False
24.578000;14.906000;807.0;625.000000;124.619031;True;14400.0;True;14100.0;True;777.0;True;14250.0;True;14250.0;True;False
24.703000;15.031000;777.0;655.000000;134.778192;True;14700.0;True;14250.0;True;706.0;True;14400.0;True;14400.0;True;False
24.828000;15.156000;706.0;706.000000;152.877085;True;14700.0;True;14400.0;True;900.0;True;14550.0;True;14550.0;True;False
24.953000;15.281000;930.0;726.000000;158.821537;True;14700.0;True;14550.0;True;807.0;True;14700.0;True;14700.0;True;False
25.078000;15.406000;807.0;777.000000;173.646578;True;14700.0;True;14700.0;True;787.0;True;14700.0;True;14700.0;True;False
25.203000;15.531000;787.0;787.000000;176.092110;True;15300.0;True;14700.0;True;900.0;True;14850.0;True;14850.0;True;False
25.313000;15.641000;900.0;797.000000;176.063646;True;15300.0;True;14850.0;True;1042.0;True;15000.0;True;15000.0;True;False
25.422000;15.750000;920.0;807.000000;193.560900;True;15300.0;True;15000.0;True;920.0;True;15150.0;True;15000.0;True;False
25.531000;15.859000;1113.0;807.000000;196.859903;True;15300.0;True;15150.0;True;940.0;True;15300.0;True;15300.0;True;False
25.656000;15.984000;940.0;900.000000;224.000000;True;15750.0;True;15300.0;True;1093.0;True;15450.0;True;15450.0;True;False
25.766000;16.094000;1093.0;920.000000;243.174061;True;15750.0;True;15450.0;True;981.0;True;15600.0;True;15600.0;True;False
25.891000;16.219000;1175.0;930.000000;227.432077;True;15750.0;True;15600.0;True;1175.0;True;15750.0;True;15600.0;True;False
25.984000;16.312000;1175.0;940.000000;226.222222;True;15750.0;True;15600.0;True;1072.0;True;15750.0;True;15750.0;True;False
26.125000;16.453000;1072.0;1072.000000;281.017098;True;16000.0;True;15750.0;True;1175.0;True;15750.0;True;15750.0;True;False
26.234000;16.562000;1175.0;1093.000000;292.273731;True;16000.0;True;15750.0;True;1266.0;True;15900.0;True;15900.0;True;False
26.359000;16.687000;1266.0;1113.000000;272.249014;True;16000.0;True;15900.0;True;1195.0;True;16000.0;True;16000.0;True;False
26.484000;16.812000;1195.0;1175.000000;280.052265;True;16000.0;True;16000.0;True;1266.0;True;16000.0;True;16000.0;True;False
26.625000;16.953000;1266.0;1175.000000;251.730104;True;16000.0;True;16000.0;True;1195.0;True;16000.0;True;16000.0;True;False
26.734000;17.062000;1195.0;1175.000000;241.122315;True;16000.0;True;16000.0;True;1337.0;True;16000.0;True;16000.0;True;False
26.859000;17.187000;1256.0;1195.000000;249.890399;True;16000.0;True;16000.0;True;1388.0;True;16000.0;True;16000.0;True;False
26.969000;17.297000;1388.0;1195.000000;238.305384;True;16000.0;True;16000.0;True;1357.0;True;16000.0;True;16000.0;True;False
27.078000;17.406000;1357.0;1256.000000;244.444444;True;16000.0;True;16000.0;True;1357.0;True;16000.0;True;16000.0;True;False
27.188000;17.516000;1357.0;1266.000000;241.610738;True;16000.0;True;16000.0;True;1460.0;True;16000.0;True;16000.0;True;False
27.297000;17.625000;1398.0;1266.000000;220.369536;True;16000.0;True;16000.0;True;1398.0;True;16000.0;True;16000.0;True;False
27.406000;17.734000;1398.0;1357.000000;258.738084;True;16000.0;True;16000.0;True;1531.0;True;16000.0;True;16000.0;True;False
27.531000;17.859000;1531.0;1357.000000;252.479711;True;16000.0;True;16000.0;True;1551.0;True;16000.0;True;16000.0;True;False
27.656000;17.984000;1551.0;1388.000000;260.071620;True;16000.0;True;16000.0;True;1450.0;True;16000.0;True;16000.0;True;False
27.797000;18.125000;1561.0;1398.000000;260.812003;True;16000.0;True;16000.0;True;1561.0;True;16000.0;True;16000.0;True;False
27.906000;18.234000;1561.0;1398.000000;221.333333;True;16000.0;True;16000.0;True;1561.0;True;16000.0;True;16000.0;True;False
28.031000;18.359000;1561.0;1531.000000;269.757174;True;16000.0;True;16000.0;True;1632.0;True;16000.0;True;16000.0;True;False
28.156000;18.484000;1632.0;1551.000000;274.172185;True;16000.0;True;16000.0;True;1693.0;True;16000.0;True;16000.0;True;False
28.281000;18.609000;1693.0;1561.000000;270.352634;True;16000.0;True;16000.0;True;1715.0;True;16000.0;True;16000.0;True;False
28.422000;18.750000;1715.0;1561.000000;212.886374;True;16000.0;True;16000.0;True;1725.0;True;16000.0;True;16000.0;True;False
28.547000;18.875000;1725.0;1561.000000;202.334630;True;16000.0;True;16000.0;True;1796.0;True;16000.0;True;16000.0;True;False
28.672000;19.000000;1796.0;1632.000000;224.383917;True;16000.0;True;16000.0;True;1806.0;True;16000.0;True;16000.0;True;False
28.797000;19.125000;1806.0;1693.000000;223.951578;True;16000.0;True;16000.0;True;1806.0;True;16000.0;True;16000.0;True;False
28.922000;19.250000;1806.0;1715.000000;235.089247;True;16000.0;True;16000.0;True;1816.0;True;16000.0;True;16000.0;True;False
29.047000;19.375000;1816.0;1725.000000;237.786425;True;16000.0;True;16000.0;True;1887.0;True;16000.0;True;16000.0;True;False
29.172000;19.500000;1887.0;1796.000000;259.835711;True;16000.0;True;16000.0;True;1897.0;True;16000.0;True;16000.0;True;False
29.297000;19.625000;1897.0;1806.000000;262.457045;True;16000.0;True;16000.0;True;1918.0;True;16000.0;True;16000.0;True;False
29.422000;19.750000;1918.0;1806.000000;234.641638;True;16000.0;True;16000.0;True;1968.0;True;16000.0;True;16000.0;True;False
29.547000;19.875000;1968.0;1816.000000;233.149640;True;16000.0;True;16000.0;True;1908.0;True;16000.0;True;16000.0;True;False
29.672000;20.000000;1908.0;1887.000000;261.473684;True;16000.0;True;16000.0;True;1980.0;True;16000.0;True;16000.0;True;False
29.813000;20.141000;1980.0;1897.000000;224.345658;True;16000.0;True;16000.0;True;2000.0;True;16000.0;True;16000.0;True;False
29.922000;20.250000;2000.0;1908.000000;230.447511;True;16000.0;True;16000.0;True;2000.0;True;16000.0;True;16000.0;True;False
30.047000;20.375000;2000.0;1918.000000;221.664575;True;16000.0;True;16000.0;True;2020.0;True;16000.0;True;16000.0;True;False
30.188000;20.516000;2020.0;1968.000000;238.393977;True;16000.0;True;16000.0;True;2020.0;True;16000.0;True;16000.0;True;False
30.297000;20.625000;2020.0;1980.000000;243.412798;True;16000.0;True;16000.0;True;2000.0;True;16000.0;True;16000.0;True;False
30.406000;20.734000;2000.0;2000.000000;197.473684;True;16000.0;True;16000.0;True;2101.0;True;16000.0;True;16000.0;True;False
30.531000;20.859000;2101.0;2000.000000;189.052632;True;16000.0;True;16000.0;True;2142.0;True;16000.0;True;16000.0;True;False
30.656000;20.984000;2142.0;2000.000000;184.842105;True;16000.0;True;16000.0;True;2152.0;True;16000.0;True;16000.0;True;False
30.781000;21.109000;2152.0;2020.000000;194.573972;True;16000.0;True;16000.0;True;2243.0;True;16000.0;True;16000.0;True;False
30.922000;21.250000;2243.0;2020.000000;193.263158;True;16000.0;True;16000.0;True;2275.0;True;16000.0;True;16000.0;True;False
31.047000;21.375000;2275.0;2101.000000;197.473684;True;16000.0;True;16000.0;True;2285.0;True;16000.0;True;16000.0;True;False
31.172000;21.500000;2285.0;2142.000000;189.052632;True;16000.0;True;16000.0;True;2255.0;True;16000.0;True;16000.0;True;False
31.297000;21.625000;2255.0;2152.000000;184.000000;True;16000.0;True;16000.0;True;2223.0;True;16000.0;True;16000.0;True;False
31.422000;21.750000;2223.0;2223.000000;209.684211;True;16000.0;True;16000.0;True;2346.0;True;16000.0;True;16000.0;True;False
31.563000;21.891000;2265.0;2243.000000;186.951067;True;16000.0;True;16000.0;True;2255.0;True;16000.0;True;16000.0;True;False
31.688000;22.016000;2255.0;2255.000000;187.787537;True;16000.0;True;16000.0;True;2305.0;True;16000.0;True;16000.0;True;False
31.813000;22.141000;2305.0;2255.000000;187.787537;True;16000.0;True;16000.0;True;2356.0;True;16000.0;True;16000.0;True;False
31.938000;22.266000;2458.0;2265.000000;187.787537;True;16000.0;True;16000.0;True;2387.0;True;16000.0;True;16000.0;True;False
32.047000;22.375000;2387.0;2275.000000;163.368421;True;16000.0;True;16000.0;True;2478.0;True;16000.0;True;16000.0;True;False
32.172000;22.500000;2478.0;2285.000000;164.476473;True;16000.0;True;16000.0;True;2447.0;True;16000.0;True;16000.0;True;False
32.297000;22.625000;2447.0;2305.000000;167.157895;True;16000.0;True;16000.0;True;2458.0;True;16000.0;True;16000.0;True;False
32.406000;22.734000;2458.0;2387.000000;198.813056;True;16000.0;True;16000.0;True;2488.0;True;16000.0;True;16000.0;True;False
32.531000;22.859000;2437.0;2437.000000;200.170721;True;16000.0;True;16000.0;True;2550.0;True;16000.0;True;16000.0;True;False
32.641000;22.969000;2550.0;2447.000000;199.232082;True;16000.0;True;16000.0;True;2540.0;True;16000.0;True;16000.0;True;False
32.750000;23.078000;2540.0;2458.000000;195.392491;True;16000.0;True;16000.0;True;2580.0;True;16000.0;True;16000.0;True;False
32.859000;23.187000;2540.0;2458.000000;196.735395;True;16000.0;True;16000.0;True;2550.0;True;16000.0;True;16000.0;True;False
32.984000;23.312000;2550.0;2478.000000;205.326460;True;16000.0;True;16000.0;True;2611.0;True;16000.0;True;16000.0;True;False
33.109000;23.437000;2611.0;2540.000000;223.367698;True;16000.0;True;16000.0;True;2570.0;True;16000.0;True;16000.0;True;False
33.234000;23.562000;2570.0;2540.000000;224.913495;True;16000.0;True;16000.0;True;2662.0;True;16000.0;True;16000.0;True;False
33.359000;23.687000;2651.0;2550.000000;194.204152;True;16000.0;True;16000.0;True;2783.0;True;16000.0;True;16000.0;True;False
33.500000;23.828000;2783.0;2550.000000;175.257732;True;16000.0;True;16000.0;True;2682.0;True;16000.0;True;16000.0;True;False
33.625000;23.953000;2682.0;2570.000000;179.553265;True;16000.0;True;16000.0;True;2763.0;True;16000.0;True;16000.0;True;False
33.750000;24.078000;2763.0;2611.000000;166.666667;True;16000.0;True;16000.0;True;2825.0;True;16000.0;True;16000.0;True;False
33.875000;24.203000;2825.0;2651.000000;176.470588;True;16000.0;True;16000.0;True;2783.0;True;16000.0;True;16000.0;True;False
33.984000;24.312000;2783.0;2682.000000;185.975610;True;16000.0;True;16000.0;True;2957.0;True;16000.0;True;16000.0;True;False
34.109000;24.437000;2957.0;2763.000000;221.254355;True;16000.0;True;16000.0;True;2783.0;True;16000.0;True;16000.0;True;False
34.234000;24.562000;2783.0;2783.000000;225.609756;True;16000.0;True;16000.0;True;2855.0;True;16000.0;True;16000.0;True;False
34.344000;24.672000;2866.0;2783.000000;221.158032;True;16000.0;True;16000.0;True;3008.0;True;16000.0;True;16000.0;True;False
34.469000;24.797000;3008.0;2783.000000;216.804528;True;16000.0;True;16000.0;True;2835.0;True;16000.0;True;16000.0;True;False
34.578000;24.906000;2835.0;2825.000000;227.970189;True;16000.0;True;16000.0;True;2896.0;True;16000.0;True;16000.0;True;False
34.703000;25.031000;2896.0;2835.000000;195.037005;True;16000.0;True;16000.0;True;2855.0;True;16000.0;True;16000.0;True;False
34.813000;25.141000;2855.0;2855.000000;183.172656;True;16000.0;True;16000.0;True;2916.0;True;16000.0;True;16000.0;True;False
34.938000;25.266000;2967.0;2866.000000;182.411842;True;16000.0;True;16000.0;True;3048.0;True;16000.0;True;16000.0;True;False
35.078000;25.406000;3048.0;2896.000000;188.144330;True;16000.0;True;16000.0;True;2906.0;True;16000.0;True;16000.0;True;False
35.203000;25.531000;2906.0;2896.000000;186.860068;True;16000.0;True;16000.0;True;2937.0;True;16000.0;True;16000.0;True;False
35.328000;25.656000;2937.0;2906.000000;182.593857;True;16000.0;True;16000.0;True;3070.0;True;16000.0;True;16000.0;True;False
35.453000;25.781000;3070.0;2937.000000;169.368601;True;16000.0;True;16000.0;True;2916.0;True;16000.0;True;16000.0;True;False
35.578000;25.906000;2916.0;2916.000000;160.409556;True;16000.0;True;16000.0;True;3151.0;True;16000.0;True;16000.0;True;False
35.719000;26.047000;3151.0;2937.000000;163.983051;True;16000.0;True;16000.0;True;2987.0;True;16000.0;True;16000.0;True;False
35.844000;26.172000;2987.0;2967.000000;177.901024;True;16000.0;True;16000.0;True;3130.0;True;16000.0;True;16000.0;True;False
35.969000;26.297000;3130.0;2987.000000;177.901024;True;16000.0;True;16000.0;True;3232.0;True;16000.0;True;16000.0;True;False
36.094000;26.422000;3232.0;3048.000000;186.433447;True;16000.0;True;16000.0;True;3110.0;True;16000.0;True;16000.0;True;False
36.203000;26.531000;3110.0;3070.000000;179.982818;True;16000.0;True;16000.0;True;3252.0;True;16000.0;True;16000.0;True;False
36.328000;26.656000;3252.0;3110.000000;182.593857;True;16000.0;True;16000.0;True;3293.0;True;16000.0;True;16000.0;True;False
36.469000;26.797000;3293.0;3130.000000;155.508475;True;16000.0;True;16000.0;True;3242.0;True;16000.0;True;16000.0;True;False
36.594000;26.922000;3242.0;3151.000000;155.932203;True;16000.0;True;16000.0;True;3313.0;True;16000.0;True;16000.0;True;False
36.719000;27.047000;3313.0;3232.000000;189.052632;True;16000.0;True;16000.0;True;3303.0;True;16000.0;True;16000.0;True;False
36.844000;27.172000;3303.0;3242.000000;193.263158;True;16000.0;True;16000.0;True;3252.0;True;16000.0;True;16000.0;True;False
36.969000;27.297000;3252.0;3252.000000;178.586366;True;16000.0;True;16000.0;True;3355.0;True;16000.0;True;16000.0;True;False
37.109000;27.437000;3355.0;3252.000000;173.316708;True;16000.0;True;16000.0;True;3333.0;True;16000.0;True;16000.0;True;False
37.234000;27.562000;3333.0;3293.000000;180.916976;True;16000.0;True;16000.0;True;3252.0;True;16000.0;True;16000.0;True;False
37.344000;27.672000;3385.0;3303.000000;181.629260;True;16000.0;True;16000.0;True;3375.0;True;16000.0;True;16000.0;True;False
37.469000;27.797000;3375.0;3313.000000;174.404015;True;16000.0;True;16000.0;True;3273.0;True;16000.0;True;16000.0;True;False
37.594000;27.922000;3273.0;3313.000000;174.404015;True;16000.0;True;16000.0;True;3313.0;True;16000.0;True;16000.0;True;False
37.703000;28.031000;3416.0;3333.000000;179.789474;True;16000.0;True;16000.0;True;3416.0;True;16000.0;True;16000.0;True;False
37.828000;28.156000;3456.0;3355.000000;176.000000;True;16000.0;True;16000.0;True;3456.0;True;16000.0;True;16000.0;True;False
37.938000;28.266000;3375.0;3375.000000;194.491525;True;16000.0;True;16000.0;True;3446.0;True;16000.0;True;16000.0;True;False
38.063000;28.391000;3446.0;3375.000000;186.860068;True;16000.0;True;16000.0;True;3466.0;True;16000.0;True;16000.0;True;False
38.172000;28.500000;3466.0;3385.000000;179.553265;True;16000.0;True;16000.0;True;3497.0;True;16000.0;True;16000.0;True;False
38.281000;28.609000;3497.0;3416.000000;185.553633;True;16000.0;True;16000.0;True;3466.0;True;16000.0;True;16000.0;True;False
38.391000;28.719000;3497.0;3446.000000;173.269482;True;16000.0;True;16000.0;True;3548.0;True;16000.0;True;16000.0;True;False
38.516000;28.844000;3548.0;3456.000000;166.882836;True;16000.0;True;16000.0;True;3588.0;True;16000.0;True;16000.0;True;False
38.656000;28.984000;3588.0;3466.000000;152.920962;True;16000.0;True;16000.0;True;3598.0;True;16000.0;True;16000.0;True;False
38.781000;29.109000;3598.0;3497.000000;158.737024;True;16000.0;True;16000.0;True;3568.0;True;16000.0;True;16000.0;True;False
38.906000;29.234000;3568.0;3497.000000;149.653979;True;16000.0;True;16000.0;True;3630.0;True;16000.0;True;16000.0;True;False
39.031000;29.359000;3630.0;3548.000000;136.678201;True;16000.0;True;16000.0;True;3650.0;True;16000.0;True;16000.0;True;False
39.156000;29.484000;3650.0;3568.000000;141.003460;True;16000.0;True;16000.0;True;3578.0;True;16000.0;True;16000.0;True;False
39.297000;29.625000;3578.0;3578.000000;140.034364;True;16000.0;True;16000.0;True;3680.0;True;16000.0;True;16000.0;True;False
39.422000;29.750000;3680.0;3588.000000;145.265888;True;16000.0;True;16000.0;True;3711.0;True;16000.0;True;16000.0;True;False
39.547000;29.875000;3711.0;3598.000000;131.863381;True;16000.0;True;16000.0;True;3701.0;True;16000.0;True;16000.0;True;False
39.656000;29.984000;3701.0;3630.000000;141.435986;True;16000.0;True;16000.0;True;3752.0;True;16000.0;True;16000.0;True;False
39.766000;30.094000;3752.0;3650.000000;146.713104;True;16000.0;True;16000.0;True;3782.0;True;16000.0;True;16000.0;True;False
39.891000;30.219000;3721.0;3680.000000;159.773618;True;16000.0;True;16000.0;True;3721.0;True;16000.0;True;16000.0;True;False
39.984000;30.312000;3762.0;3701.000000;161.332749;True;16000.0;True;16000.0;True;3762.0;True;16000.0;True;16000.0;True;False
40.109000;30.437000;3762.0;3711.000000;156.071898;True;16000.0;True;16000.0;True;3762.0;True;16000.0;True;16000.0;True;False
40.203000;30.531000;3762.0;3721.000000;152.759382;True;16000.0;True;16000.0;True;3863.0;True;16000.0;True;16000.0;True;False
40.328000;30.656000;3863.0;3752.000000;166.445916;True;16000.0;True;16000.0;True;3873.0;True;16000.0;True;16000.0;True;False
40.453000;30.781000;3873.0;3762.000000;165.278387;True;16000.0;True;16000.0;True;3883.0;True;16000.0;True;16000.0;True;False
40.563000;30.891000;3883.0;3762.000000;151.621385;True;16000.0;True;16000.0;True;4057.0;True;16000.0;True;16000.0;True;False
40.688000;31.016000;4057.0;3762.000000;137.570744;True;16000.0;True;16000.0;True;4006.0;True;16000.0;True;16000.0;True;False
40.813000;31.141000;4006.0;3863.000000;177.187636;True;16000.0;True;16000.0;True;4016.0;True;16000.0;True;16000.0;True;False
40.922000;31.250000;3956.0;3873.000000;179.611650;True;16000.0;True;16000.0;True;3956.0;True;16000.0;True;16000.0;True;False
41.047000;31.375000;4067.0;3883.000000;170.344219;True;16000.0;True;16000.0;True;4190.0;True;16000.0;True;16000.0;True;False
41.156000;31.484000;4067.0;3956.000000;204.000000;True;16000.0;True;16000.0;True;4148.0;True;16000.0;True;16000.0;True;False
41.266000;31.594000;4190.0;4006.000000;204.921700;True;16000.0;True;16000.0;True;4170.0;True;16000.0;True;16000.0;True;False
41.391000;31.719000;4170.0;4057.000000;218.791946;True;16000.0;True;16000.0;True;4170.0;True;16000.0;True;16000.0;True;False
41.516000;31.844000;4170.0;4067.000000;220.369536;True;16000.0;True;16000.0;True;4271.0;True;16000.0;True;16000.0;True;False
41.641000;31.969000;4271.0;4067.000000;215.863001;True;16000.0;True;16000.0;True;4210.0;True;16000.0;True;16000.0;True;False
41.766000;32.094000;4210.0;4170.000000;257.773772;True;16000.0;True;16000.0;True;4210.0;True;16000.0;True;16000.0;True;False
41.891000;32.219000;4210.0;4170.000000;241.610738;True;16000.0;True;16000.0;True;4231.0;True;16000.0;True;16000.0;True;False
42.016000;32.344000;4231.0;4190.000000;240.000000;True;16000.0;True;16000.0;True;4261.0;True;16000.0;True;16000.0;True;False
42.125000;32.453000;4261.0;4210.000000;237.242614;True;16000.0;True;16000.0;True;4403.0;True;16000.0;True;16000.0;True;False
42.234000;32.562000;4363.0;4210.000000;226.222222;True;16000.0;True;16000.0;True;4403.0;True;16000.0;True;16000.0;True;False
42.359000;32.687000;4403.0;4231.000000;231.111111;True;16000.0;True;16000.0;True;4465.0;True;16000.0;True;16000.0;True;False
42.469000;32.797000;4465.0;4261.000000;238.305384;True;16000.0;True;16000.0;True;4516.0;True;16000.0;True;16000.0;True;False
42.594000;32.922000;4435.0;4271.000000;229.037952;True;16000.0;True;16000.0;True;4435.0;True;16000.0;True;16000.0;True;False
42.703000;33.031000;4485.0;4363.000000;267.111111;True;16000.0;True;16000.0;True;4485.0;True;16000.0;True;16000.0;True;False
42.813000;33.141000;4485.0;4403.000000;284.888889;True;16000.0;True;16000.0;True;4465.0;True;16000.0;True;16000.0;True;False
42.922000;33.250000;4465.0;4435.000000;301.253357;True;16000.0;True;16000.0;True;4475.0;True;16000.0;True;16000.0;True;False
43.031000;33.359000;4577.0;4465.000000;271.415690;True;16000.0;True;16000.0;True;4617.0;True;16000.0;True;16000.0;True;False
43.156000;33.484000;4617.0;4465.000000;264.995524;True;16000.0;True;16000.0;True;4516.0;True;16000.0;True;16000.0;True;False
43.266000;33.594000;4516.0;4485.000000;271.293375;True;16000.0;True;16000.0;True;4536.0;True;16000.0;True;16000.0;True;False
43.359000;33.687000;4536.0;4485.000000;240.127099;True;16000.0;True;16000.0;True;4648.0;True;16000.0;True;16000.0;True;False
43.469000;33.797000;4536.0;4516.000000;231.502497;True;16000.0;True;16000.0;True;4648.0;True;16000.0;True;16000.0;True;False
43.594000;33.922000;4648.0;4536.000000;217.430776;True;16000.0;True;16000.0;True;4658.0;True;16000.0;True;16000.0;True;False
43.734000;34.062000;4658.0;4536.000000;211.451758;True;16000.0;True;16000.0;True;4658.0;True;16000.0;True;16000.0;True;False
43.859000;34.187000;4668.0;4577.000000;229.936880;True;16000.0;True;16000.0;True;4617.0;True;16000.0;True;16000.0;True;False
43.984000;34.312000;4617.0;4617.000000;201.532913;True;16000.0;True;16000.0;True;4760.0;True;16000.0;True;16000.0;True;False
44.109000;34.437000;4760.0;4617.000000;201.532913;True;16000.0;True;16000.0;True;4750.0;True;16000.0;True;16000.0;True;False
44.219000;34.547000;4750.0;4648.000000;207.898320;True;16000.0;True;16000.0;True;4710.0;True;16000.0;True;16000.0;True;False
44.328000;34.656000;4648.0;4648.000000;198.819791;True;16000.0;True;16000.0;True;4760.0;True;16000.0;True;16000.0;True;False
44.453000;34.781000;4760.0;4658.000000;201.892744;True;16000.0;True;16000.0;True;4821.0;True;16000.0;True;16000.0;True;False
44.563000;34.891000;4821.0;4668.000000;198.275862;True;16000.0;True;16000.0;True;4791.0;True;16000.0;True;16000.0;True;False
44.672000;35.000000;4791.0;4750.000000;221.970041;True;16000.0;True;16000.0;True;4720.0;True;16000.0;True;16000.0;True;False
44.797000;35.125000;4720.0;4750.000000;217.430776;True;16000.0;True;16000.0;True;4781.0;True;16000.0;True;16000.0;True;False
44.906000;35.234000;4760.0;4760.000000;180.208806;True;16000.0;True;16000.0;True;4760.0;True;16000.0;True;16000.0;True;False
45.031000;35.359000;4862.0;4760.000000;160.955816;True;16000.0;True;16000.0;True;4750.0;True;16000.0;True;16000.0;True;False
45.141000;35.469000;4750.0;4760.000000;146.462370;True;16000.0;True;16000.0;True;4842.0;True;16000.0;True;16000.0;True;False
45.250000;35.578000;4750.0;4760.000000;132.942767;True;16000.0;True;16000.0;True;4801.0;True;16000.0;True;16000.0;True;False
45.359000;35.687000;4842.0;4760.000000;133.908307;True;16000.0;True;16000.0;True;4882.0;True;16000.0;True;16000.0;True;False
45.469000;35.797000;4882.0;4791.000000;138.901498;True;16000.0;True;16000.0;True;4811.0;True;16000.0;True;16000.0;True;False
45.578000;35.906000;4811.0;4791.000000;137.899955;True;16000.0;True;16000.0;True;4852.0;True;16000.0;True;16000.0;True;False
45.703000;36.031000;4852.0;4811.000000;132.050134;True;16000.0;True;16000.0;True;4811.0;True;16000.0;True;16000.0;True;False
45.828000;36.156000;4811.0;4811.000000;123.097583;True;16000.0;True;16000.0;True;4862.0;True;16000.0;True;16000.0;True;False
45.969000;36.297000;4862.0;4842.000000;136.912752;True;16000.0;True;16000.0;True;4953.0;True;16000.0;True;16000.0;True;False
46.094000;36.422000;4953.0;4842.000000;118.568233;True;16000.0;True;16000.0;True;4933.0;True;16000.0;True;16000.0;True;False
46.219000;36.547000;4933.0;4852.000000;105.145414;True;16000.0;True;16000.0;True;5015.0;True;16000.0;True;16000.0;True;False
46.344000;36.672000;5015.0;4862.000000;109.619687;True;16000.0;True;16000.0;True;5066.0;True;16000.0;True;16000.0;True;False
46.469000;36.797000;5066.0;4882.000000;104.000000;True;16000.0;True;16000.0;True;5025.0;True;16000.0;True;16000.0;True;False
46.609000;36.937000;5025.0;4933.000000;124.945199;True;16000.0;True;16000.0;True;5046.0;True;16000.0;True;16000.0;True;False
46.734000;37.062000;5046.0;4953.000000;129.329242;True;16000.0;True;16000.0;True;5147.0;True;16000.0;True;16000.0;True;False
46.859000;37.187000;5147.0;5015.000000;151.132404;True;16000.0;True;16000.0;True;5096.0;True;16000.0;True;16000.0;True;False
46.984000;37.312000;5096.0;5025.000000;118.944637;True;16000.0;True;16000.0;True;5086.0;True;16000.0;True;16000.0;True;False
47.109000;37.437000;5086.0;5046.000000;128.027682;True;16000.0;True;16000.0;True;5066.0;True;16000.0;True;16000.0;True;False
47.234000;37.562000;5066.0;5066.000000;131.443299;True;16000.0;True;16000.0;True;5106.0;True;16000.0;True;16000.0;True;False
47.359000;37.687000;5106.0;5066.000000;131.443299;True;16000.0;True;16000.0;True;5117.0;True;16000.0;True;16000.0;True;False
47.484000;37.812000;5117.0;5086.000000;139.137857;True;16000.0;True;16000.0;True;5157.0;True;16000.0;True;16000.0;True;False
47.609000;37.937000;5157.0;5096.000000;142.433234;True;16000.0;True;16000.0;True;5147.0;True;16000.0;True;16000.0;True;False
47.719000;38.047000;5147.0;5106.000000;146.610169;True;16000.0;True;16000.0;True;5147.0;True;16000.0;True;16000.0;True;False
47.844000;38.172000;5147.0;5117.000000;137.263158;True;16000.0;True;16000.0;True;5228.0;True;16000.0;True;16000.0;True;False
47.953000;38.281000;5228.0;5117.000000;137.263158;True;16000.0;True;16000.0;True;5208.0;True;16000.0;True;16000.0;True;False
48.078000;38.406000;5208.0;5147.000000;141.473684;True;16000.0;True;16000.0;True;5280.0;True;16000.0;True;16000.0;True;False
48.188000;38.516000;5280.0;5147.000000;142.372881;True;16000.0;True;16000.0;True;5260.0;True;16000.0;True;16000.0;True;False
48.313000;38.641000;5260.0;5157.000000;134.385666;True;16000.0;True;16000.0;True;5361.0;True;16000.0;True;16000.0;True;False
48.438000;38.766000;5361.0;5208.000000;156.143345;True;16000.0;True;16000.0;True;5341.0;True;16000.0;True;16000.0;True;False
48.563000;38.891000;5341.0;5228.000000;160.409556;True;16000.0;True;16000.0;True;5321.0;True;16000.0;True;16000.0;True;False
48.688000;39.016000;5321.0;5260.000000;169.795222;True;16000.0;True;16000.0;True;5392.0;True;16000.0;True;16000.0;True;False
48.813000;39.141000;5392.0;5280.000000;169.795222;True;16000.0;True;16000.0;True;5331.0;True;16000.0;True;16000.0;True;False
48.938000;39.266000;5331.0;5321.000000;166.595105;True;16000.0;True;16000.0;True;5392.0;True;16000.0;True;16000.0;True;False
49.047000;39.375000;5392.0;5331.000000;163.424125;True;16000.0;True;16000.0;True;5483.0;True;16000.0;True;16000.0;True;False
49.172000;39.500000;5483.0;5341.000000;140.942499;True;16000.0;True;16000.0;True;5432.0;True;16000.0;True;16000.0;True;False
49.297000;39.625000;5432.0;5361.000000;145.265888;True;16000.0;True;16000.0;True;5513.0;True;16000.0;True;16000.0;True;False
49.438000;39.766000;5513.0;5392.000000;148.561614;True;16000.0;True;16000.0;True;5545.0;True;16000.0;True;16000.0;True;False
49.563000;39.891000;5545.0;5392.000000;139.974238;True;16000.0;True;16000.0;True;5452.0;True;16000.0;True;16000.0;True;False
49.688000;40.016000;5452.0;5432.000000;157.148991;True;16000.0;True;16000.0;True;5555.0;True;16000.0;True;16000.0;True;False
49.813000;40.141000;5555.0;5452.000000;157.148991;True;16000.0;True;16000.0;True;5513.0;True;16000.0;True;16000.0;True;False
49.938000;40.266000;5513.0;5483.000000;166.165736;True;16000.0;True;16000.0;True;5535.0;True;16000.0;True;16000.0;True;False
50.063000;40.391000;5535.0;5513.000000;173.634812;True;16000.0;True;16000.0;True;5503.0;True;16000.0;True;16000.0;True;False
50.188000;40.516000;5503.0;5513.000000;168.941980;True;16000.0;True;16000.0;True;5555.0;True;16000.0;True;16000.0;True;False
50.297000;40.625000;5555.0;5513.000000;168.941980;True;16000.0;True;16000.0;True;5616.0;True;16000.0;True;16000.0;True;False
50.422000;40.750000;5616.0;5535.000000;165.529010;True;16000.0;True;16000.0;True;5606.0;True;16000.0;True;16000.0;True;False
50.531000;40.859000;5575.0;5545.000000;169.867691;True;16000.0;True;16000.0;True;5646.0;True;16000.0;True;16000.0;True;False
50.656000;40.984000;5646.0;5555.000000;169.867691;True;16000.0;True;16000.0;True;5687.0;True;16000.0;True;16000.0;True;False
50.781000;41.109000;5687.0;5555.000000;148.100726;True;16000.0;True;16000.0;True;5667.0;True;16000.0;True;16000.0;True;False
50.891000;41.219000;5707.0;5575.000000;149.054983;True;16000.0;True;16000.0;True;5707.0;True;16000.0;True;16000.0;True;False
51.000000;41.328000;5707.0;5616.000000;153.979239;True;16000.0;True;16000.0;True;5656.0;True;16000.0;True;16000.0;True;False
51.125000;41.453000;5656.0;5646.000000;158.304498;True;16000.0;True;16000.0;True;5616.0;True;16000.0;True;16000.0;True;False
51.250000;41.578000;5707.0;5656.000000;144.896194;True;16000.0;True;16000.0;True;5717.0;True;16000.0;True;16000.0;True;False
51.375000;41.703000;5717.0;5687.000000;152.920962;True;16000.0;True;16000.0;True;5717.0;True;16000.0;True;16000.0;True;False
51.516000;41.844000;5717.0;5707.000000;156.143345;True;16000.0;True;16000.0;True;5667.0;True;16000.0;True;16000.0;True;False
51.625000;41.953000;5667.0;5707.000000;148.625430;True;16000.0;True;16000.0;True;5738.0;True;16000.0;True;16000.0;True;False
51.750000;42.078000;5667.0;5707.000000;136.245675;True;16000.0;True;16000.0;True;5748.0;True;16000.0;True;16000.0;True;False
51.859000;42.187000;5748.0;5707.000000;137.195122;True;16000.0;True;16000.0;True;5616.0;True;16000.0;True;16000.0;True;False
51.969000;42.297000;5616.0;5707.000000;120.561157;True;16000.0;True;16000.0;True;5728.0;True;16000.0;True;16000.0;True;False
52.078000;42.406000;5616.0;5667.000000;94.922737;True;16000.0;True;16000.0;True;5748.0;True;16000.0;True;16000.0;True;False
52.188000;42.516000;5748.0;5707.000000;99.555556;True;16000.0;True;16000.0;True;5860.0;True;16000.0;True;16000.0;True;False
52.313000;42.641000;5860.0;5717.000000;90.666667;True;16000.0;True;16000.0;True;5697.0;True;16000.0;True;16000.0;True;False
52.422000;42.750000;5840.0;5717.000000;91.316025;True;16000.0;True;16000.0;True;5840.0;True;16000.0;True;16000.0;True;False
52.547000;42.875000;5830.0;5748.000000;104.444444;True;16000.0;True;16000.0;True;5850.0;True;16000.0;True;16000.0;True;False
52.656000;42.984000;5850.0;5748.000000;95.344673;True;16000.0;True;16000.0;True;5860.0;True;16000.0;True;16000.0;True;False
52.766000;43.094000;5860.0;5830.000000;127.516779;True;16000.0;True;16000.0;True;5931.0;True;16000.0;True;16000.0;True;False
52.891000;43.219000;5860.0;5840.000000;127.516779;True;16000.0;True;16000.0;True;5830.0;True;16000.0;True;16000.0;True;False
53.000000;43.328000;5830.0;5840.000000;128.436233;True;16000.0;True;16000.0;True;5881.0;True;16000.0;True;16000.0;True;False
53.125000;43.453000;5881.0;5850.000000;123.097583;True;16000.0;True;16000.0;True;6013.0;True;16000.0;True;16000.0;True;False
53.250000;43.578000;6013.0;5860.000000;108.444444;True;16000.0;True;16000.0;True;5901.0;True;16000.0;True;16000.0;True;False
53.359000;43.687000;5901.0;5860.000000;95.792301;True;16000.0;True;16000.0;True;5911.0;True;16000.0;True;16000.0;True;False
53.484000;43.812000;5911.0;5860.000000;91.316025;True;16000.0;True;16000.0;True;5921.0;True;16000.0;True;16000.0;True;False
53.625000;43.953000;6023.0;5881.000000;86.222222;True;16000.0;True;16000.0;True;6023.0;True;16000.0;True;16000.0;True;False
53.734000;44.062000;6023.0;5901.000000;87.466186;True;16000.0;True;16000.0;True;5901.0;True;16000.0;True;16000.0;True;False
53.859000;44.187000;6095.0;5911.000000;91.316025;True;16000.0;True;16000.0;True;6013.0;True;16000.0;True;16000.0;True;False
53.984000;44.312000;6013.0;6013.000000;136.974038;True;16000.0;True;16000.0;True;6095.0;True;16000.0;True;16000.0;True;False
54.109000;44.437000;6095.0;6013.000000;136.000000;True;16000.0;True;16000.0;True;6075.0;True;16000.0;True;16000.0;True;False
54.219000;44.547000;5911.0;6013.000000;136.000000;True;16000.0;True;16000.0;True;5911.0;True;16000.0;True;16000.0;True;False
54.344000;44.672000;5911.0;6013.000000;152.691968;True;16000.0;True;16000.0;True;5972.0;True;16000.0;True;16000.0;True;False
54.453000;44.781000;6135.0;6023.000000;139.514349;True;16000.0;True;16000.0;True;6125.0;True;16000.0;True;16000.0;True;False
54.578000;44.906000;6125.0;6023.000000;135.099338;True;16000.0;True;16000.0;True;6257.0;True;16000.0;True;16000.0;True;False
54.703000;45.031000;6257.0;6095.000000;165.716791;True;16000.0;True;16000.0;True;6207.0;True;16000.0;True;16000.0;True;False
54.828000;45.156000;6207.0;6095.000000;152.126260;True;16000.0;True;16000.0;True;6176.0;True;16000.0;True;16000.0;True;False
54.953000;45.281000;6176.0;6125.000000;164.127122;True;16000.0;True;16000.0;True;6338.0;True;16000.0;True;16000.0;True;False
55.063000;45.391000;6338.0;6135.000000;132.781889;True;16000.0;True;16000.0;True;6217.0;True;16000.0;True;16000.0;True;False
55.172000;45.500000;6360.0;6176.000000;147.303814;True;16000.0;True;16000.0;True;6360.0;True;16000.0;True;16000.0;True;False
55.281000;45.609000;6217.0;6207.000000;160.894345;True;16000.0;True;16000.0;True;6217.0;True;16000.0;True;16000.0;True;False
55.391000;45.719000;6217.0;6217.000000;161.959400;True;16000.0;True;16000.0;True;6338.0;True;16000.0;True;16000.0;True;False
55.516000;45.844000;6338.0;6217.000000;157.546337;True;16000.0;True;16000.0;True;6350.0;True;16000.0;True;16000.0;True;False
55.641000;45.969000;6350.0;6257.000000;173.970202;True;16000.0;True;16000.0;True;6400.0;True;16000.0;True;16000.0;True;False
55.766000;46.094000;6400.0;6338.000000;209.465381;True;16000.0;True;16000.0;True;6360.0;True;16000.0;True;16000.0;True;False
55.891000;46.219000;6360.0;6338.000000;201.676964;True;16000.0;True;16000.0;True;6421.0;True;16000.0;True;16000.0;True;False
56.016000;46.344000;6421.0;6350.000000;196.757230;True;16000.0;True;16000.0;True;6431.0;True;16000.0;True;16000.0;True;False
56.141000;46.469000;6431.0;6360.000000;196.757230;True;16000.0;True;16000.0;True;6370.0;True;16000.0;True;16000.0;True;False
56.266000;46.594000;6370.0;6360.000000;152.059597;True;16000.0;True;16000.0;True;6482.0;True;16000.0;True;16000.0;True;False
56.391000;46.719000;6482.0;6370.000000;156.441718;True;16000.0;True;16000.0;True;6370.0;True;16000.0;True;16000.0;True;False
56.531000;46.859000;6370.0;6370.000000;154.411765;True;16000.0;True;16000.0;True;6502.0;True;16000.0;True;16000.0;True;False
56.641000;46.969000;6502.0;6400.000000;168.480627;True;16000.0;True;16000.0;True;6542.0;True;16000.0;True;16000.0;True;False
56.766000;47.094000;6542.0;6421.000000;172.070904;True;16000.0;True;16000.0;True;6451.0;True;16000.0;True;16000.0;True;False
56.891000;47.219000;6451.0;6431.000000;176.394293;True;16000.0;True;16000.0;True;6563.0;True;16000.0;True;16000.0;True;False
57.016000;47.344000;6563.0;6451.000000;153.912668;True;16000.0;True;16000.0;True;6512.0;True;16000.0;True;16000.0;True;False
57.141000;47.469000;6512.0;6482.000000;167.315175;True;16000.0;True;16000.0;True;6613.0;True;16000.0;True;16000.0;True;False
57.266000;47.594000;6522.0;6502.000000;162.991786;True;16000.0;True;16000.0;True;6613.0;True;16000.0;True;16000.0;True;False
57.391000;47.719000;6613.0;6512.000000;161.941581;True;16000.0;True;16000.0;True;6686.0;True;16000.0;True;16000.0;True;False
57.531000;47.859000;6686.0;6522.000000;146.672319;True;16000.0;True;16000.0;True;6573.0;True;16000.0;True;16000.0;True;False
57.656000;47.984000;6573.0;6542.000000;141.052632;True;16000.0;True;16000.0;True;6665.0;True;16000.0;True;16000.0;True;False
57.766000;48.094000;6665.0;6563.000000;145.684211;True;16000.0;True;16000.0;True;6777.0;True;16000.0;True;16000.0;True;False
57.891000;48.219000;6777.0;6573.000000;149.894737;True;16000.0;True;16000.0;True;6665.0;True;16000.0;True;16000.0;True;False
58.016000;48.344000;6665.0;6613.000000;149.894737;True;16000.0;True;16000.0;True;6777.0;True;16000.0;True;16000.0;True;False
58.141000;48.469000;6777.0;6665.000000;137.684211;True;16000.0;True;16000.0;True;6777.0;True;16000.0;True;16000.0;True;False
58.266000;48.594000;6777.0;6665.000000;137.684211;True;16000.0;True;16000.0;True;6787.0;True;16000.0;True;16000.0;True;False
58.391000;48.719000;6787.0;6686.000000;141.473684;True;16000.0;True;16000.0;True;6726.0;True;16000.0;True;16000.0;True;False
58.516000;48.844000;6726.0;6726.000000;154.105263;True;16000.0;True;16000.0;True;6716.0;True;16000.0;True;16000.0;True;False
58.641000;48.969000;6767.0;6767.000000;171.368421;True;16000.0;True;16000.0;True;6787.0;True;16000.0;True;16000.0;True;False
58.750000;49.078000;6787.0;6777.000000;172.530733;True;16000.0;True;16000.0;True;6817.0;True;16000.0;True;16000.0;True;False
58.859000;49.187000;6817.0;6777.000000;174.828179;True;16000.0;True;16000.0;True;6910.0;True;16000.0;True;16000.0;True;False
58.969000;49.297000;6817.0;6777.000000;161.941581;True;16000.0;True;16000.0;True;6777.0;True;16000.0;True;16000.0;True;False
59.094000;49.422000;6777.0;6777.000000;152.920962;True;16000.0;True;16000.0;True;6910.0;True;16000.0;True;16000.0;True;False
59.219000;49.547000;6910.0;6787.000000;152.920962;True;16000.0;True;16000.0;True;6910.0;True;16000.0;True;16000.0;True;False
59.344000;49.672000;6950.0;6787.000000;144.329897;True;16000.0;True;16000.0;True;6858.0;True;16000.0;True;16000.0;True;False
59.469000;49.797000;6858.0;6817.000000;143.900344;True;16000.0;True;16000.0;True;6940.0;True;16000.0;True;16000.0;True;False
59.594000;49.922000;6940.0;6817.000000;135.309278;True;16000.0;True;16000.0;True;6910.0;True;16000.0;True;16000.0;True;False
59.719000;50.047000;6910.0;6858.000000;148.625430;True;16000.0;True;16000.0;True;6900.0;True;16000.0;True;16000.0;True;False
59.828000;50.156000;6900.0;6900.000000;164.562473;True;16000.0;True;16000.0;True;6900.0;True;16000.0;True;16000.0;True;False
59.953000;50.281000;6900.0;6900.000000;155.855464;True;16000.0;True;16000.0;True;7042.0;True;16000.0;True;16000.0;True;False
60.094000;50.422000;7042.0;6910.000000;149.054983;True;16000.0;True;16000.0;True;7001.0;True;16000.0;True;16000.0;True;False
60.219000;50.547000;7001.0;6910.000000;144.759450;True;16000.0;True;16000.0;True;7001.0;True;16000.0;True;16000.0;True;False
60.344000;50.672000;7001.0;6940.000000;140.463918;True;16000.0;True;16000.0;True;7001.0;True;16000.0;True;16000.0;True;False
60.469000;50.797000;7001.0;6940.000000;118.127148;True;16000.0;True;16000.0;True;7143.0;True;16000.0;True;16000.0;True;False
60.578000;50.906000;7143.0;7001.000000;145.328720;True;16000.0;True;16000.0;True;7021.0;True;16000.0;True;16000.0;True;False
60.688000;51.016000;7021.0;7001.000000;137.135394;True;16000.0;True;16000.0;True;7103.0;True;16000.0;True;16000.0;True;False
60.828000;51.156000;7103.0;7001.000000;118.944637;True;16000.0;True;16000.0;True;7205.0;True;16000.0;True;16000.0;True;False
60.953000;51.281000;7205.0;7021.000000;109.861592;True;16000.0;True;16000.0;True;7123.0;True;16000.0;True;16000.0;True;False
61.078000;51.406000;7123.0;7042.000000;113.831615;True;16000.0;True;16000.0;True;7133.0;True;16000.0;True;16000.0;True;False
61.188000;51.516000;7133.0;7103.000000;139.974238;True;16000.0;True;16000.0;True;7165.0;True;16000.0;True;16000.0;True;False
61.297000;51.625000;7165.0;7123.000000;148.625430;True;16000.0;True;16000.0;True;7175.0;True;16000.0;True;16000.0;True;False
61.438000;51.766000;7246.0;7133.000000;151.877133;True;16000.0;True;16000.0;True;7165.0;True;16000.0;True;16000.0;True;False
61.547000;51.875000;7165.0;7143.000000;152.920962;True;16000.0;True;16000.0;True;7195.0;True;16000.0;True;16000.0;True;False
61.672000;52.000000;7195.0;7165.000000;162.371134;True;16000.0;True;16000.0;True;7256.0;True;16000.0;True;16000.0;True;False
61.781000;52.109000;7256.0;7165.000000;150.519031;True;16000.0;True;16000.0;True;7236.0;True;16000.0;True;16000.0;True;False
61.891000;52.219000;7175.0;7175.000000;155.855464;True;16000.0;True;16000.0;True;7175.0;True;16000.0;True;16000.0;True;False
62.016000;52.344000;7225.0;7175.000000;138.006095;True;16000.0;True;16000.0;True;7225.0;True;16000.0;True;16000.0;True;False
62.125000;52.453000;7236.0;7195.000000;128.428385;True;16000.0;True;16000.0;True;7236.0;True;16000.0;True;16000.0;True;False
62.250000;52.578000;7236.0;7225.000000;141.488899;True;16000.0;True;16000.0;True;7368.0;True;16000.0;True;16000.0;True;False
62.359000;52.687000;7246.0;7236.000000;143.929360;True;16000.0;True;16000.0;True;7256.0;True;16000.0;True;16000.0;True;False
62.484000;52.812000;7256.0;7236.000000;143.929360;True;16000.0;True;16000.0;True;7286.0;True;16000.0;True;16000.0;True;False
62.609000;52.937000;7286.0;7236.000000;130.684327;True;16000.0;True;16000.0;True;7408.0;True;16000.0;True;16000.0;True;False
62.750000;53.078000;7408.0;7246.000000;134.151688;True;16000.0;True;16000.0;True;7440.0;True;16000.0;True;16000.0;True;False
62.875000;53.203000;7440.0;7246.000000;106.660862;True;16000.0;True;16000.0;True;7418.0;True;16000.0;True;16000.0;True;False
63.000000;53.328000;7418.0;7256.000000;110.294118;True;16000.0;True;16000.0;True;7418.0;True;16000.0;True;16000.0;True;False
63.125000;53.453000;7418.0;7286.000000;124.074880;True;16000.0;True;16000.0;True;7398.0;True;16000.0;True;16000.0;True;False
63.250000;53.578000;7398.0;7398.000000;164.127122;True;16000.0;True;16000.0;True;7398.0;True;16000.0;True;16000.0;True;False
63.375000;53.703000;7398.0;7398.000000;154.984763;True;16000.0;True;16000.0;True;7388.0;True;16000.0;True;16000.0;True;False
63.500000;53.828000;7388.0;7398.000000;127.595156;True;16000.0;True;16000.0;True;7500.0;True;16000.0;True;16000.0;True;False
63.625000;53.953000;7500.0;7408.000000;122.422680;True;16000.0;True;16000.0;True;7428.0;True;16000.0;True;16000.0;True;False
63.750000;54.078000;7428.0;7418.000000;123.269896;True;16000.0;True;16000.0;True;7470.0;True;16000.0;True;16000.0;True;False
63.891000;54.219000;7470.0;7418.000000;117.320819;True;16000.0;True;16000.0;True;7551.0;True;16000.0;True;16000.0;True;False
64.000000;54.328000;7541.0;7418.000000;108.676976;True;16000.0;True;16000.0;True;7541.0;True;16000.0;True;16000.0;True;False
64.109000;54.437000;7521.0;7428.000000;112.972509;True;16000.0;True;16000.0;True;7521.0;True;16000.0;True;16000.0;True;False
64.250000;54.578000;7561.0;7470.000000;125.052989;True;16000.0;True;16000.0;True;7602.0;True;16000.0;True;16000.0;True;False
64.359000;54.687000;7561.0;7500.000000;138.711054;True;16000.0;True;16000.0;True;7663.0;True;16000.0;True;16000.0;True;False
64.484000;54.812000;7663.0;7521.000000;138.194150;True;16000.0;True;16000.0;True;7602.0;True;16000.0;True;16000.0;True;False
64.609000;54.937000;7602.0;7541.000000;133.955066;True;16000.0;True;16000.0;True;7653.0;True;16000.0;True;16000.0;True;False
64.734000;55.062000;7653.0;7561.000000;136.842105;True;16000.0;True;16000.0;True;7703.0;True;16000.0;True;16000.0;True;False
64.875000;55.203000;7703.0;7561.000000;135.926391;True;16000.0;True;16000.0;True;7643.0;True;16000.0;True;16000.0;True;False
65.000000;55.328000;7643.0;7602.000000;153.074028;True;16000.0;True;16000.0;True;7632.0;True;16000.0;True;16000.0;True;False
65.125000;55.453000;7632.0;7632.000000;162.526316;True;16000.0;True;16000.0;True;7622.0;True;16000.0;True;16000.0;True;False
65.250000;55.578000;7632.0;7632.000000;162.526316;True;16000.0;True;16000.0;True;7612.0;True;16000.0;True;16000.0;True;False
65.375000;55.703000;7612.0;7632.000000;158.315789;True;16000.0;True;16000.0;True;7602.0;True;16000.0;True;16000.0;True;False
65.516000;55.844000;7602.0;7632.000000;144.709327;True;16000.0;True;16000.0;True;7632.0;True;16000.0;True;16000.0;True;False
65.641000;55.969000;7632.0;7632.000000;97.867001;True;16000.0;True;16000.0;True;7715.0;True;16000.0;True;16000.0;True;False
65.766000;56.094000;7715.0;7632.000000;97.867001;True;16000.0;True;16000.0;True;7673.0;True;16000.0;True;16000.0;True;False
65.875000;56.203000;7673.0;7632.000000;98.526316;True;16000.0;True;16000.0;True;7653.0;True;16000.0;True;16000.0;True;False
66.000000;56.328000;7653.0;7632.000000;94.315789;True;16000.0;True;16000.0;True;7693.0;True;16000.0;True;16000.0;True;False
66.141000;56.469000;7663.0;7632.000000;89.502300;True;16000.0;True;16000.0;True;7745.0;True;16000.0;True;16000.0;True;False
66.234000;56.562000;7745.0;7653.000000;100.298762;True;16000.0;True;16000.0;True;7683.0;True;16000.0;True;16000.0;True;False
66.344000;56.672000;7683.0;7663.000000;104.522184;True;16000.0;True;16000.0;True;7745.0;True;16000.0;True;16000.0;True;False
66.453000;56.781000;7745.0;7673.000000;104.522184;True;16000.0;True;16000.0;True;7715.0;True;16000.0;True;16000.0;True;False
66.563000;56.891000;7745.0;7683.000000;92.088197;True;16000.0;True;16000.0;True;7725.0;True;16000.0;True;16000.0;True;False
66.672000;57.000000;7725.0;7715.000000;92.952875;True;16000.0;True;16000.0;True;7786.0;True;16000.0;True;16000.0;True;False
66.781000;57.109000;7786.0;7725.000000;88.811493;True;16000.0;True;16000.0;True;7745.0;True;16000.0;True;16000.0;True;False
66.891000;57.219000;7745.0;7745.000000;89.395267;True;16000.0;True;16000.0;True;7816.0;True;16000.0;True;16000.0;True;False
67.000000;57.328000;7745.0;7745.000000;81.200353;True;16000.0;True;16000.0;True;7745.0;True;16000.0;True;16000.0;True;False
67.125000;57.453000;7765.0;7745.000000;81.777778;True;16000.0;True;16000.0;True;7765.0;True;16000.0;True;16000.0;True;False
67.250000;57.578000;7765.0;7745.000000;63.555556;True;16000.0;True;16000.0;True;7816.0;True;16000.0;True;16000.0;True;False
67.359000;57.687000;7816.0;7745.000000;50.581916;True;16000.0;True;16000.0;True;7867.0;True;16000.0;True;16000.0;True;False
67.469000;57.797000;7816.0;7765.000000;59.936909;True;16000.0;True;16000.0;True;7796.0;True;16000.0;True;16000.0;True;False
67.578000;57.906000;7796.0;7765.000000;60.372220;True;16000.0;True;16000.0;True;7897.0;True;16000.0;True;16000.0;True;False
67.703000;58.031000;7897.0;7786.000000;70.416095;True;16000.0;True;16000.0;True;7877.0;True;16000.0;True;16000.0;True;False
67.844000;58.172000;7877.0;7796.000000;74.443940;True;16000.0;True;16000.0;True;7887.0;True;16000.0;True;16000.0;True;False
67.969000;58.297000;7887.0;7816.000000;83.522469;True;16000.0;True;16000.0;True;7948.0;True;16000.0;True;16000.0;True;False
68.094000;58.422000;7948.0;7816.000000;82.920234;True;16000.0;True;16000.0;True;7938.0;True;16000.0;True;16000.0;True;False
68.203000;58.531000;7938.0;7877.000000;111.211984;True;16000.0;True;16000.0;True;8000.0;True;16000.0;True;16000.0;True;False
68.328000;58.656000;8061.0;7887.000000;116.598080;True;16000.0;True;16000.0;True;7990.0;True;16000.0;True;16000.0;True;False
68.453000;58.781000;7990.0;7897.000000;109.959441;True;16000.0;True;16000.0;True;8020.0;True;16000.0;True;16000.0;True;False
68.578000;58.906000;8020.0;7938.000000;123.097583;True;16000.0;True;16000.0;True;8010.0;True;16000.0;True;16000.0;True;False
68.703000;59.031000;8010.0;7948.000000;122.222222;True;16000.0;True;16000.0;True;8091.0;True;16000.0;True;16000.0;True;False
68.828000;59.156000;8091.0;7990.000000;135.540839;True;16000.0;True;16000.0;True;8122.0;True;16000.0;True;16000.0;True;False
68.953000;59.281000;8122.0;8010.000000;129.329242;True;16000.0;True;16000.0;True;8040.0;True;16000.0;True;16000.0;True;False
69.094000;59.422000;8040.0;8020.000000;127.539991;True;16000.0;True;16000.0;True;8000.0;True;16000.0;True;16000.0;True;False
69.203000;59.531000;8000.0;8020.000000;118.944637;True;16000.0;True;16000.0;True;8162.0;True;16000.0;True;16000.0;True;False
69.328000;59.656000;8101.0;8040.000000;126.718213;True;16000.0;True;16000.0;True;8182.0;True;16000.0;True;16000.0;True;False
69.438000;59.766000;8182.0;8040.000000;127.539991;True;16000.0;True;16000.0;True;8122.0;True;16000.0;True;16000.0;True;False
69.547000;59.875000;8122.0;8091.000000;150.631258;True;16000.0;True;16000.0;True;8081.0;True;16000.0;True;16000.0;True;False
69.656000;59.984000;8081.0;8091.000000;150.631258;True;16000.0;True;16000.0;True;8162.0;True;16000.0;True;16000.0;True;False
69.766000;60.094000;8081.0;8091.000000;141.924249;True;16000.0;True;16000.0;True;8243.0;True;16000.0;True;16000.0;True;False
69.875000;60.203000;8243.0;8101.000000;146.277754;True;16000.0;True;16000.0;True;8233.0;True;16000.0;True;16000.0;True;False
70.000000;60.328000;8233.0;8101.000000;137.135394;True;16000.0;True;16000.0;True;8162.0;True;16000.0;True;16000.0;True;False
70.141000;60.469000;8162.0;8122.000000;141.924249;True;16000.0;True;16000.0;True;8243.0;True;16000.0;True;16000.0;True;False
70.266000;60.594000;8243.0;8162.000000;150.631258;True;16000.0;True;16000.0;True;8376.0;True;16000.0;True;16000.0;True;False
70.391000;60.719000;8376.0;8182.000000;159.338267;True;16000.0;True;16000.0;True;8233.0;True;16000.0;True;16000.0;True;False
70.500000;60.828000;8233.0;8233.000000;154.984763;True;16000.0;True;16000.0;True;8233.0;True;16000.0;True;16000.0;True;False
70.625000;60.953000;8275.0;8233.000000;150.631258;True;16000.0;True;16000.0;True;8275.0;True;16000.0;True;16000.0;True;False
70.734000;61.062000;8172.0;8233.000000;147.303814;True;16000.0;True;16000.0;True;8315.0;True;16000.0;True;16000.0;True;False
70.844000;61.172000;8172.0;8233.000000;130.185349;True;16000.0;True;16000.0;True;8285.0;True;16000.0;True;16000.0;True;False
70.984000;61.312000;8285.0;8233.000000;124.945199;True;16000.0;True;16000.0;True;8397.0;True;16000.0;True;16000.0;True;False
71.109000;61.437000;8397.0;8243.000000;110.916265;True;16000.0;True;16000.0;True;8326.0;True;16000.0;True;16000.0;True;False
71.234000;61.562000;8326.0;8275.000000;116.177115;True;16000.0;True;16000.0;True;8386.0;True;16000.0;True;16000.0;True;False
71.359000;61.687000;8275.0;8275.000000;112.582781;True;16000.0;True;16000.0;True;8346.0;True;16000.0;True;16000.0;True;False
71.484000;61.812000;8346.0;8275.000000;111.793073;True;16000.0;True;16000.0;True;8478.0;True;16000.0;True;16000.0;True;False
71.625000;61.953000;8478.0;8285.000000;106.660862;True;16000.0;True;16000.0;True;8407.0;True;16000.0;True;16000.0;True;False
71.734000;62.062000;8407.0;8326.000000;124.564460;True;16000.0;True;16000.0;True;8540.0;True;16000.0;True;16000.0;True;False
71.844000;62.172000;8540.0;8346.000000;111.014367;True;16000.0;True;16000.0;True;8498.0;True;16000.0;True;16000.0;True;False
71.953000;62.281000;8498.0;8397.000000;133.217240;True;16000.0;True;16000.0;True;8631.0;True;16000.0;True;16000.0;True;False
72.063000;62.391000;8631.0;8407.000000;137.570744;True;16000.0;True;16000.0;True;8488.0;True;16000.0;True;16000.0;True;False
72.172000;62.500000;8550.0;8478.000000;164.127122;True;16000.0;True;16000.0;True;8550.0;True;16000.0;True;16000.0;True;False
72.313000;62.641000;8702.0;8498.000000;171.638565;True;16000.0;True;16000.0;True;8702.0;True;16000.0;True;16000.0;True;False
72.422000;62.750000;8540.0;8540.000000;183.252959;True;16000.0;True;16000.0;True;8540.0;True;16000.0;True;16000.0;True;False
72.531000;62.859000;8540.0;8540.000000;166.887417;True;16000.0;True;16000.0;True;8550.0;True;16000.0;True;16000.0;True;False
72.656000;62.984000;8550.0;8540.000000;158.057395;True;16000.0;True;16000.0;True;8662.0;True;16000.0;True;16000.0;True;False
72.781000;63.109000;8662.0;8550.000000;138.974134;True;16000.0;True;16000.0;True;8753.0;True;16000.0;True;16000.0;True;False
72.922000;63.250000;8753.0;8550.000000;138.006095;True;16000.0;True;16000.0;True;8722.0;True;16000.0;True;16000.0;True;False
73.031000;63.359000;8722.0;8631.000000;173.269482;True;16000.0;True;16000.0;True;8733.0;True;16000.0;True;16000.0;True;False
73.156000;63.484000;8621.0;8621.000000;167.820069;True;16000.0;True;16000.0;True;8793.0;True;16000.0;True;16000.0;True;False
73.281000;63.609000;8793.0;8662.000000;186.765346;True;16000.0;True;16000.0;True;8631.0;True;16000.0;True;16000.0;True;False
73.391000;63.719000;8631.0;8631.000000;170.026293;True;16000.0;True;16000.0;True;8733.0;True;16000.0;True;16000.0;True;False
73.516000;63.844000;8611.0;8631.000000;156.003506;True;16000.0;True;16000.0;True;8611.0;True;16000.0;True;16000.0;True;False
73.641000;63.969000;8712.0;8662.000000;169.588081;True;16000.0;True;16000.0;True;8825.0;True;16000.0;True;16000.0;True;False
73.750000;64.078000;8712.0;8712.000000;192.850838;True;16000.0;True;16000.0;True;8753.0;True;16000.0;True;16000.0;True;False
73.875000;64.203000;8825.0;8712.000000;189.777778;True;16000.0;True;16000.0;True;8845.0;True;16000.0;True;16000.0;True;False
73.984000;64.312000;8845.0;8712.000000;171.555556;True;16000.0;True;16000.0;True;8773.0;True;16000.0;True;16000.0;True;False
74.109000;64.437000;8773.0;8712.000000;161.589404;True;16000.0;True;16000.0;True;8855.0;True;16000.0;True;16000.0;True;False
74.234000;64.562000;8651.0;8712.000000;138.097326;True;16000.0;True;16000.0;True;8865.0;True;16000.0;True;16000.0;True;False
74.359000;64.687000;8865.0;8712.000000;132.839721;True;16000.0;True;16000.0;True;8855.0;True;16000.0;True;16000.0;True;False
74.484000;64.812000;8855.0;8773.000000;127.595156;True;16000.0;True;16000.0;True;8763.0;True;16000.0;True;16000.0;True;False
74.594000;64.922000;8845.0;8825.000000;143.358176;True;16000.0;True;16000.0;True;8845.0;True;16000.0;True;16000.0;True;False
74.703000;65.031000;8845.0;8845.000000;133.713284;True;16000.0;True;16000.0;True;8825.0;True;16000.0;True;16000.0;True;False
74.828000;65.156000;8825.0;8845.000000;132.781889;True;16000.0;True;16000.0;True;8825.0;True;16000.0;True;16000.0;True;False
74.953000;65.281000;8825.0;8845.000000;132.781889;True;16000.0;True;16000.0;True;8937.0;True;16000.0;True;16000.0;True;False
75.094000;65.422000;8937.0;8845.000000;127.539991;True;16000.0;True;16000.0;True;8926.0;True;16000.0;True;16000.0;True;False
75.219000;65.547000;8926.0;8845.000000;128.428385;True;16000.0;True;16000.0;True;9008.0;True;16000.0;True;16000.0;True;False
75.344000;65.672000;9008.0;8855.000000;96.843926;True;16000.0;True;16000.0;True;8906.0;True;16000.0;True;16000.0;True;False
75.469000;65.797000;8906.0;8855.000000;101.167315;True;16000.0;True;16000.0;True;9038.0;True;16000.0;True;16000.0;True;False
75.578000;65.906000;9038.0;8906.000000;106.225512;True;16000.0;True;16000.0;True;8997.0;True;16000.0;True;16000.0;True;False
75.719000;66.047000;8997.0;8926.000000;126.718213;True;16000.0;True;16000.0;True;9048.0;True;16000.0;True;16000.0;True;False
75.844000;66.172000;9048.0;8937.000000;131.443299;True;16000.0;True;16000.0;True;9028.0;True;16000.0;True;16000.0;True;False
75.969000;66.297000;9028.0;8997.000000;143.900344;True;16000.0;True;16000.0;True;9018.0;True;16000.0;True;16000.0;True;False
76.094000;66.422000;9018.0;9008.000000;126.279863;True;16000.0;True;16000.0;True;8997.0;True;16000.0;True;16000.0;True;False
76.219000;66.547000;8997.0;9008.000000;126.279863;True;16000.0;True;16000.0;True;9110.0;True;16000.0;True;16000.0;True;False
76.344000;66.672000;9110.0;9018.000000;129.661017;True;16000.0;True;16000.0;True;9100.0;True;16000.0;True;16000.0;True;False
76.484000;66.812000;9100.0;9028.000000;133.052632;True;16000.0;True;16000.0;True;9171.0;True;16000.0;True;16000.0;True;False
76.594000;66.922000;9171.0;9038.000000;138.135593;True;16000.0;True;16000.0;True;9201.0;True;16000.0;True;16000.0;True;False
76.719000;67.047000;9201.0;9048.000000;142.372881;True;16000.0;True;16000.0;True;9232.0;True;16000.0;True;16000.0;True;False
76.844000;67.172000;9232.0;9100.000000;138.559322;True;16000.0;True;16000.0;True;9242.0;True;16000.0;True;16000.0;True;False
76.969000;67.297000;9242.0;9110.000000;120.000000;True;16000.0;True;16000.0;True;9232.0;True;16000.0;True;16000.0;True;False
77.094000;67.422000;9232.0;9171.000000;136.344626;True;16000.0;True;16000.0;True;9313.0;True;16000.0;True;16000.0;True;False
77.219000;67.547000;9313.0;9201.000000;148.891677;True;16000.0;True;16000.0;True;9323.0;True;16000.0;True;16000.0;True;False
77.344000;67.672000;9323.0;9232.000000;161.856964;True;16000.0;True;16000.0;True;9313.0;True;16000.0;True;16000.0;True;False
77.453000;67.781000;9313.0;9232.000000;164.052565;True;16000.0;True;16000.0;True;9232.0;True;16000.0;True;16000.0;True;False
77.578000;67.906000;9232.0;9232.000000;164.052565;True;16000.0;True;16000.0;True;9313.0;True;16000.0;True;16000.0;True;False
77.688000;68.016000;9355.0;9242.000000;165.102389;True;16000.0;True;16000.0;True;9355.0;True;16000.0;True;16000.0;True;False
77.813000;68.141000;9333.0;9313.000000;195.392491;True;16000.0;True;16000.0;True;9333.0;True;16000.0;True;16000.0;True;False
77.922000;68.250000;9323.0;9313.000000;173.634812;True;16000.0;True;16000.0;True;9313.0;True;16000.0;True;16000.0;True;False
78.047000;68.375000;9313.0;9313.000000;166.237113;True;16000.0;True;16000.0;True;9405.0;True;16000.0;True;16000.0;True;False
78.156000;68.484000;9405.0;9323.000000;166.955017;True;16000.0;True;16000.0;True;9262.0;True;16000.0;True;16000.0;True;False
78.250000;68.578000;9262.0;9323.000000;142.919772;True;16000.0;True;16000.0;True;9385.0;True;16000.0;True;16000.0;True;False
78.359000;68.687000;9262.0;9313.000000;134.657837;True;16000.0;True;16000.0;True;9252.0;True;16000.0;True;16000.0;True;False
78.469000;68.797000;9252.0;9313.000000;135.555556;True;16000.0;True;16000.0;True;9385.0;True;16000.0;True;16000.0;True;False
78.594000;68.922000;9385.0;9323.000000;135.555556;True;16000.0;True;16000.0;True;9426.0;True;16000.0;True;16000.0;True;False
78.719000;69.047000;9426.0;9323.000000;131.991051;True;16000.0;True;16000.0;True;9405.0;True;16000.0;True;16000.0;True;False
78.844000;69.172000;9405.0;9323.000000;126.666667;True;16000.0;True;16000.0;True;9446.0;True;16000.0;True;16000.0;True;False
78.969000;69.297000;9446.0;9385.000000;149.777778;True;16000.0;True;16000.0;True;9507.0;True;16000.0;True;16000.0;True;False
79.094000;69.422000;9507.0;9405.000000;135.555556;True;16000.0;True;16000.0;True;9446.0;True;16000.0;True;16000.0;True;False
79.219000;69.547000;9446.0;9405.000000;131.111111;True;16000.0;True;16000.0;True;9537.0;True;16000.0;True;16000.0;True;False
79.359000;69.687000;9537.0;9426.000000;112.582781;True;16000.0;True;16000.0;True;9497.0;True;16000.0;True;16000.0;True;False
79.469000;69.797000;9497.0;9446.000000;108.888889;True;16000.0;True;16000.0;True;9598.0;True;16000.0;True;16000.0;True;False
79.594000;69.922000;9598.0;9446.000000;95.111111;True;16000.0;True;16000.0;True;9466.0;True;16000.0;True;16000.0;True;False
79.719000;70.047000;9466.0;9466.000000;103.265666;True;16000.0;True;16000.0;True;9650.0;True;16000.0;True;16000.0;True;False
79.859000;70.187000;9650.0;9497.000000;116.177115;True;16000.0;True;16000.0;True;9640.0;True;16000.0;True;16000.0;True;False
79.984000;70.312000;9640.0;9507.000000;115.418118;True;16000.0;True;16000.0;True;9640.0;True;16000.0;True;16000.0;True;False
80.109000;70.437000;9640.0;9537.000000;97.560976;True;16000.0;True;16000.0;True;9721.0;True;16000.0;True;16000.0;True;False
80.219000;70.547000;9721.0;9598.000000;124.074880;True;16000.0;True;16000.0;True;9762.0;True;16000.0;True;16000.0;True;False
80.328000;70.656000;9598.0;9598.000000;124.945199;True;16000.0;True;16000.0;True;9670.0;True;16000.0;True;16000.0;True;False
80.438000;70.766000;9670.0;9640.000000;138.913234;True;16000.0;True;16000.0;True;9802.0;True;16000.0;True;16000.0;True;False
80.547000;70.875000;9802.0;9640.000000;138.006095;True;16000.0;True;16000.0;True;9741.0;True;16000.0;True;16000.0;True;False
80.672000;71.000000;9741.0;9650.000000;145.698227;True;16000.0;True;16000.0;True;9731.0;True;16000.0;True;16000.0;True;False
80.781000;71.109000;9731.0;9670.000000;154.411765;True;16000.0;True;16000.0;True;9680.0;True;16000.0;True;16000.0;True;False
80.891000;71.219000;9680.0;9680.000000;155.420113;True;16000.0;True;16000.0;True;9680.0;True;16000.0;True;16000.0;True;False
81.000000;71.328000;9843.0;9721.000000;174.484875;True;16000.0;True;16000.0;True;9843.0;True;16000.0;True;16000.0;True;False
81.109000;71.437000;9843.0;9731.000000;180.132450;True;16000.0;True;16000.0;True;9843.0;True;16000.0;True;16000.0;True;False
81.219000;71.547000;9843.0;9741.000000;158.222222;True;16000.0;True;16000.0;True;9721.0;True;16000.0;True;16000.0;True;False
81.344000;71.672000;9721.0;9741.000000;149.333333;True;16000.0;True;16000.0;True;9905.0;True;16000.0;True;16000.0;True;False
81.469000;71.797000;9905.0;9802.000000;176.444444;True;16000.0;True;16000.0;True;9731.0;True;16000.0;True;16000.0;True;False
81.594000;71.922000;9731.0;9741.000000;140.939597;True;16000.0;True;16000.0;True;9905.0;True;16000.0;True;16000.0;True;False
81.719000;72.047000;9905.0;9843.000000;176.444444;True;16000.0;True;16000.0;True;9711.0;True;16000.0;True;16000.0;True;False
81.844000;72.172000;9711.0;9843.000000;176.444444;True;16000.0;True;16000.0;True;9945.0;True;16000.0;True;16000.0;True;False
81.969000;72.297000;9945.0;9843.000000;167.555556;True;16000.0;True;16000.0;True;9925.0;True;16000.0;True;16000.0;True;False
82.094000;72.422000;9925.0;9843.000000;154.809843;True;16000.0;True;16000.0;True;9873.0;True;16000.0;True;16000.0;True;False
82.219000;72.547000;9873.0;9873.000000;163.758389;True;16000.0;True;16000.0;True;9915.0;True;16000.0;True;16000.0;True;False
82.344000;72.672000;9915.0;9905.000000;164.653244;True;16000.0;True;16000.0;True;10016.0;True;16000.0;True;16000.0;True;False
82.453000;72.781000;10016.0;9905.000000;137.421665;True;16000.0;True;16000.0;True;10057.0;True;16000.0;True;16000.0;True;False
82.563000;72.891000;10057.0;9915.000000;141.834452;True;16000.0;True;16000.0;True;9996.0;True;16000.0;True;16000.0;True;False
82.688000;73.016000;9996.0;9925.000000;126.666667;True;16000.0;True;16000.0;True;9966.0;True;16000.0;True;16000.0;True;False
82.813000;73.141000;9966.0;9945.000000;134.598411;True;16000.0;True;16000.0;True;10128.0;True;16000.0;True;16000.0;True;False
82.938000;73.266000;10016.0;9966.000000;139.452780;True;16000.0;True;16000.0;True;9955.0;True;16000.0;True;16000.0;True;False
83.047000;73.375000;9955.0;9966.000000;130.626655;True;16000.0;True;16000.0;True;10118.0;True;16000.0;True;16000.0;True;False
83.172000;73.500000;10118.0;9996.000000;138.535730;True;16000.0;True;16000.0;True;9966.0;True;16000.0;True;16000.0;True;False
83.281000;73.609000;9966.0;9996.000000;120.561157;True;16000.0;True;16000.0;True;9966.0;True;16000.0;True;16000.0;True;False
83.391000;73.719000;9966.0;9996.000000;116.126205;True;16000.0;True;16000.0;True;9996.0;True;16000.0;True;16000.0;True;False
83.500000;73.828000;9996.0;9996.000000;111.793073;True;16000.0;True;16000.0;True;10037.0;True;16000.0;True;16000.0;True;False
83.609000;73.937000;10037.0;9996.000000;112.582781;True;16000.0;True;16000.0;True;10180.0;True;16000.0;True;16000.0;True;False
83.719000;74.047000;10027.0;9996.000000;86.222222;True;16000.0;True;16000.0;True;10027.0;True;16000.0;True;16000.0;True;False
83.828000;74.156000;10180.0;10016.000000;123.097583;True;16000.0;True;16000.0;True;10087.0;True;16000.0;True;16000.0;True;False
83.953000;74.281000;10087.0;10027.000000;82.363474;True;16000.0;True;16000.0;True;10180.0;True;16000.0;True;16000.0;True;False
84.078000;74.406000;10180.0;10037.000000;86.839749;True;16000.0;True;16000.0;True;10190.0;True;16000.0;True;16000.0;True;False
84.188000;74.516000;10190.0;10037.000000;87.426769;True;16000.0;True;16000.0;True;10148.0;True;16000.0;True;16000.0;True;False
84.297000;74.625000;10230.0;10087.000000;110.758057;True;16000.0;True;16000.0;True;10230.0;True;16000.0;True;16000.0;True;False
84.406000;74.734000;10170.0;10170.000000;135.802469;True;16000.0;True;16000.0;True;10170.0;True;16000.0;True;16000.0;True;False
84.500000;74.828000;10170.0;10170.000000;122.912801;True;16000.0;True;16000.0;True;10200.0;True;16000.0;True;16000.0;True;False
84.625000;74.953000;10200.0;10180.000000;126.611418;True;16000.0;True;16000.0;True;10251.0;True;16000.0;True;16000.0;True;False
84.750000;75.078000;10251.0;10180.000000;121.170553;True;16000.0;True;16000.0;True;10312.0;True;16000.0;True;16000.0;True;False
84.891000;75.219000;10312.0;10190.000000;120.290513;True;16000.0;True;16000.0;True;10251.0;True;16000.0;True;16000.0;True;False
85.016000;75.344000;10251.0;10200.000000;115.751248;True;16000.0;True;16000.0;True;10261.0;True;16000.0;True;16000.0;True;False
85.141000;75.469000;10261.0;10230.000000;119.836586;True;16000.0;True;16000.0;True;10241.0;True;16000.0;True;16000.0;True;False
85.266000;75.594000;10241.0;10241.000000;123.929698;True;16000.0;True;16000.0;True;10373.0;True;16000.0;True;16000.0;True;False
85.391000;75.719000;10373.0;10251.000000;114.916629;True;16000.0;True;16000.0;True;10261.0;True;16000.0;True;16000.0;True;False
85.500000;75.828000;10261.0;10251.000000;114.916629;True;16000.0;True;16000.0;True;10373.0;True;16000.0;True;16000.0;True;False
85.641000;75.969000;10281.0;10261.000000;117.777778;True;16000.0;True;16000.0;True;10302.0;True;16000.0;True;16000.0;True;False
85.750000;76.078000;10281.0;10261.000000;117.777778;True;16000.0;True;16000.0;True;10423.0;True;16000.0;True;16000.0;True;False
85.875000;76.203000;10423.0;10281.000000;125.772286;True;16000.0;True;16000.0;True;10362.0;True;16000.0;True;16000.0;True;False
86.000000;76.328000;10362.0;10281.000000;124.945199;True;16000.0;True;16000.0;True;10413.0;True;16000.0;True;16000.0;True;False
86.125000;76.453000;10413.0;10281.000000;115.367871;True;16000.0;True;16000.0;True;10495.0;True;16000.0;True;16000.0;True;False
86.266000;76.594000;10495.0;10362.000000;144.833549;True;16000.0;True;16000.0;True;10423.0;True;16000.0;True;16000.0;True;False
86.375000;76.703000;10423.0;10373.000000;146.277754;True;16000.0;True;16000.0;True;10495.0;True;16000.0;True;16000.0;True;False
86.500000;76.828000;10495.0;10413.000000;162.629758;True;16000.0;True;16000.0;True;10556.0;True;16000.0;True;16000.0;True;False
86.609000;76.937000;10556.0;10423.000000;145.328720;True;16000.0;True;16000.0;True;10475.0;True;16000.0;True;16000.0;True;False
86.719000;77.047000;10627.0;10423.000000;109.381755;True;16000.0;True;16000.0;True;10627.0;True;16000.0;True;16000.0;True;False
86.828000;77.156000;10627.0;10495.000000;139.604811;True;16000.0;True;16000.0;True;10546.0;True;16000.0;True;16000.0;True;False
86.953000;77.281000;10587.0;10495.000000;135.309278;True;16000.0;True;16000.0;True;10617.0;True;16000.0;True;16000.0;True;False
87.078000;77.406000;10617.0;10556.000000;161.512027;True;16000.0;True;16000.0;True;10617.0;True;16000.0;True;16000.0;True;False
87.203000;77.531000;10617.0;10587.000000;171.712803;True;16000.0;True;16000.0;True;10720.0;True;16000.0;True;16000.0;True;False
87.328000;77.656000;10720.0;10617.000000;180.363322;True;16000.0;True;16000.0;True;10698.0;True;16000.0;True;16000.0;True;False
87.438000;77.766000;10698.0;10617.000000;168.480627;True;16000.0;True;16000.0;True;10720.0;True;16000.0;True;16000.0;True;False
87.563000;77.891000;10720.0;10627.000000;168.045276;True;16000.0;True;16000.0;True;10668.0;True;16000.0;True;16000.0;True;False
87.688000;78.016000;10668.0;10627.000000;163.691772;True;16000.0;True;16000.0;True;10811.0;True;16000.0;True;16000.0;True;False
87.797000;78.125000;10730.0;10668.000000;181.541141;True;16000.0;True;16000.0;True;10730.0;True;16000.0;True;16000.0;True;False
87.906000;78.234000;10770.0;10698.000000;192.935982;True;16000.0;True;16000.0;True;10770.0;True;16000.0;True;16000.0;True;False
88.016000;78.344000;10831.0;10720.000000;202.559576;True;16000.0;True;16000.0;True;10831.0;True;16000.0;True;16000.0;True;False
88.125000;78.453000;10760.0;10720.000000;195.111111;True;16000.0;True;16000.0;True;10862.0;True;16000.0;True;16000.0;True;False
88.250000;78.578000;10760.0;10730.000000;199.555556;True;16000.0;True;16000.0;True;10801.0;True;16000.0;True;16000.0;True;False
88.375000;78.703000;10801.0;10760.000000;212.888889;True;16000.0;True;16000.0;True;10781.0;True;16000.0;True;16000.0;True;False
88.500000;78.828000;10781.0;10760.000000;178.155774;True;16000.0;True;16000.0;True;10912.0;True;16000.0;True;16000.0;True;False
88.625000;78.953000;10912.0;10770.000000;176.444444;True;16000.0;True;16000.0;True;10872.0;True;16000.0;True;16000.0;True;False
88.734000;79.062000;10872.0;10781.000000;164.726947;True;16000.0;True;16000.0;True;10892.0;True;16000.0;True;16000.0;True;False
88.859000;79.187000;10892.0;10801.000000;168.000000;True;16000.0;True;16000.0;True;10872.0;True;16000.0;True;16000.0;True;False
88.984000;79.312000;10872.0;10831.000000;180.132450;True;16000.0;True;16000.0;True;11045.0;True;16000.0;True;16000.0;True;False
89.125000;79.453000;11045.0;10872.000000;164.127122;True;16000.0;True;16000.0;True;10963.0;True;16000.0;True;16000.0;True;False
89.250000;79.578000;10963.0;10872.000000;164.127122;True;16000.0;True;16000.0;True;11116.0;True;16000.0;True;16000.0;True;False
89.375000;79.703000;11116.0;10892.000000;146.277754;True;16000.0;True;16000.0;True;10995.0;True;16000.0;True;16000.0;True;False
89.500000;79.828000;10995.0;10912.000000;141.488899;True;16000.0;True;16000.0;True;11177.0;True;16000.0;True;16000.0;True;False
89.625000;79.953000;11177.0;10963.000000;150.631258;True;16000.0;True;16000.0;True;11066.0;True;16000.0;True;16000.0;True;False
89.750000;80.078000;11066.0;10995.000000;163.494810;True;16000.0;True;16000.0;True;11188.0;True;16000.0;True;16000.0;True;False
89.875000;80.203000;11188.0;11045.000000;180.795848;True;16000.0;True;16000.0;True;11015.0;True;16000.0;True;16000.0;True;False
90.000000;80.328000;11015.0;11045.000000;180.795848;True;16000.0;True;16000.0;True;11086.0;True;16000.0;True;16000.0;True;False
90.141000;80.469000;11086.0;11066.000000;169.795222;True;16000.0;True;16000.0;True;11106.0;True;16000.0;True;16000.0;True;False
90.250000;80.578000;11147.0;11086.000000;165.529010;True;16000.0;True;16000.0;True;11260.0;True;16000.0;True;16000.0;True;False
90.359000;80.687000;11260.0;11116.000000;169.014085;True;16000.0;True;16000.0;True;11106.0;True;16000.0;True;16000.0;True;False
90.484000;80.812000;11106.0;11106.000000;163.628656;True;16000.0;True;16000.0;True;11127.0;True;16000.0;True;16000.0;True;False
90.609000;80.937000;11127.0;11127.000000;168.291649;True;16000.0;True;16000.0;True;11228.0;True;16000.0;True;16000.0;True;False
90.750000;81.078000;11228.0;11127.000000;154.526316;True;16000.0;True;16000.0;True;11147.0;True;16000.0;True;16000.0;True;False
90.875000;81.203000;11147.0;11147.000000;162.947368;True;16000.0;True;16000.0;True;11198.0;True;16000.0;True;16000.0;True;False
90.984000;81.312000;11198.0;11147.000000;159.813480;True;16000.0;True;16000.0;True;11208.0;True;16000.0;True;16000.0;True;False
91.109000;81.437000;11208.0;11147.000000;154.105263;True;16000.0;True;16000.0;True;11351.0;True;16000.0;True;16000.0;True;False
91.219000;81.547000;11351.0;11198.000000;168.220339;True;16000.0;True;16000.0;True;11198.0;True;16000.0;True;16000.0;True;False
91.328000;81.656000;11290.0;11208.000000;160.836177;True;16000.0;True;16000.0;True;11290.0;True;16000.0;True;16000.0;True;False
91.438000;81.766000;11432.0;11208.000000;145.265888;True;16000.0;True;16000.0;True;11238.0;True;16000.0;True;16000.0;True;False
91.547000;81.875000;11238.0;11228.000000;154.984763;True;16000.0;True;16000.0;True;11341.0;True;16000.0;True;16000.0;True;False
91.656000;81.984000;11341.0;11238.000000;151.687856;True;16000.0;True;16000.0;True;11320.0;True;16000.0;True;16000.0;True;False
91.766000;82.094000;11361.0;11290.000000;166.813769;True;16000.0;True;16000.0;True;11361.0;True;16000.0;True;16000.0;True;False
91.891000;82.219000;11483.0;11341.000000;166.813769;True;16000.0;True;16000.0;True;11483.0;True;16000.0;True;16000.0;True;False
92.000000;82.328000;11483.0;11351.000000;158.222222;True;16000.0;True;16000.0;True;11341.0;True;16000.0;True;16000.0;True;False
92.125000;82.453000;11341.0;11351.000000;136.000000;True;16000.0;True;16000.0;True;11513.0;True;16000.0;True;16000.0;True;False
92.250000;82.578000;11513.0;11361.000000;140.444444;True;16000.0;True;16000.0;True;11351.0;True;16000.0;True;16000.0;True;False
92.359000;82.687000;11351.0;11361.000000;133.002705;True;16000.0;True;16000.0;True;11503.0;True;16000.0;True;16000.0;True;False
92.469000;82.797000;11503.0;11361.000000;123.929698;True;16000.0;True;16000.0;True;11493.0;True;16000.0;True;16000.0;True;False
92.578000;82.906000;11616.0;11483.000000;165.389815;True;16000.0;True;16000.0;True;11616.0;True;16000.0;True;16000.0;True;False
92.688000;83.016000;11616.0;11483.000000;171.052632;True;16000.0;True;16000.0;True;11616.0;True;16000.0;True;16000.0;True;False
92.797000;83.125000;11616.0;11503.000000;171.846435;True;16000.0;True;16000.0;True;11503.0;True;16000.0;True;16000.0;True;False
92.938000;83.266000;11503.0;11503.000000;171.846435;True;16000.0;True;16000.0;True;11707.0;True;16000.0;True;16000.0;True;False
93.063000;83.391000;11707.0;11513.000000;167.276051;True;16000.0;True;16000.0;True;11535.0;True;16000.0;True;16000.0;True;False
93.188000;83.516000;11535.0;11535.000000;176.043557;True;16000.0;True;16000.0;True;11616.0;True;16000.0;True;16000.0;True;False
93.313000;83.641000;11616.0;11616.000000;212.794918;True;16000.0;True;16000.0;True;11697.0;True;16000.0;True;16000.0;True;False
93.438000;83.766000;11697.0;11616.000000;188.373141;True;16000.0;True;16000.0;True;11738.0;True;16000.0;True;16000.0;True;False
93.563000;83.891000;11738.0;11616.000000;182.550336;True;16000.0;True;16000.0;True;11788.0;True;16000.0;True;16000.0;True;False
93.688000;84.016000;11788.0;11616.000000;181.333333;True;16000.0;True;16000.0;True;11758.0;True;16000.0;True;16000.0;True;False
93.797000;84.125000;11758.0;11697.000000;208.444444;True;16000.0;True;16000.0;True;11788.0;True;16000.0;True;16000.0;True;False
93.922000;84.250000;11788.0;11707.000000;206.972639;True;16000.0;True;16000.0;True;11788.0;True;16000.0;True;16000.0;True;False
94.031000;84.359000;11738.0;11738.000000;197.792495;True;16000.0;True;16000.0;True;11788.0;True;16000.0;True;16000.0;True;False
94.141000;84.469000;11738.0;11738.000000;176.444444;True;16000.0;True;16000.0;True;11810.0;True;16000.0;True;16000.0;True;False
94.266000;84.594000;11810.0;11738.000000;170.785525;True;16000.0;True;16000.0;True;11798.0;True;16000.0;True;16000.0;True;False
94.391000;84.719000;11798.0;11758.000000;179.611650;True;16000.0;True;16000.0;True;11860.0;True;16000.0;True;16000.0;True;False
94.516000;84.844000;11860.0;11788.000000;188.437776;True;16000.0;True;16000.0;True;11860.0;True;16000.0;True;16000.0;True;False
94.641000;84.969000;11820.0;11788.000000;187.116564;True;16000.0;True;16000.0;True;11931.0;True;16000.0;True;16000.0;True;False
94.750000;85.078000;11931.0;11798.000000;191.582639;True;16000.0;True;16000.0;True;11962.0;True;16000.0;True;16000.0;True;False
94.859000;85.187000;11962.0;11810.000000;143.358176;True;16000.0;True;16000.0;True;11901.0;True;16000.0;True;16000.0;True;False
94.969000;85.297000;11982.0;11820.000000;147.742218;True;16000.0;True;16000.0;True;11982.0;True;16000.0;True;16000.0;True;False
95.078000;85.406000;11982.0;11860.000000;156.510303;True;16000.0;True;16000.0;True;11982.0;True;16000.0;True;16000.0;True;False
95.219000;85.547000;11982.0;11931.000000;187.637001;True;16000.0;True;16000.0;True;11992.0;True;16000.0;True;16000.0;True;False
95.328000;85.656000;11992.0;11962.000000;198.233996;True;16000.0;True;16000.0;True;11962.0;True;16000.0;True;16000.0;True;False
95.469000;85.797000;11962.0;11962.000000;187.198597;True;16000.0;True;16000.0;True;11982.0;True;16000.0;True;16000.0;True;False
95.594000;85.922000;11982.0;11982.000000;160.455940;True;16000.0;True;16000.0;True;12085.0;True;16000.0;True;16000.0;True;False
95.719000;86.047000;12085.0;11982.000000;160.455940;True;16000.0;True;16000.0;True;12043.0;True;16000.0;True;16000.0;True;False
95.844000;86.172000;12075.0;11982.000000;160.455940;True;16000.0;True;16000.0;True;12125.0;True;16000.0;True;16000.0;True;False
95.969000;86.297000;12125.0;11982.000000;160.455940;True;16000.0;True;16000.0;True;12105.0;True;16000.0;True;16000.0;True;False
96.109000;86.437000;12105.0;11992.000000;127.595156;True;16000.0;True;16000.0;True;12156.0;True;16000.0;True;16000.0;True;False
96.234000;86.562000;12156.0;12075.000000;159.169550;True;16000.0;True;16000.0;True;12115.0;True;16000.0;True;16000.0;True;False
96.359000;86.687000;12115.0;12085.000000;149.054983;True;16000.0;True;16000.0;True;12237.0;True;16000.0;True;16000.0;True;False
96.469000;86.797000;12237.0;12105.000000;157.646048;True;16000.0;True;16000.0;True;12267.0;True;16000.0;True;16000.0;True;False
96.594000;86.922000;12267.0;12115.000000;161.941581;True;16000.0;True;16000.0;True;12247.0;True;16000.0;True;16000.0;True;False
96.734000;87.062000;12247.0;12125.000000;156.636790;True;16000.0;True;16000.0;True;12257.0;True;16000.0;True;16000.0;True;False
96.859000;87.187000;12257.0;12156.000000;157.063594;True;16000.0;True;16000.0;True;12350.0;True;16000.0;True;16000.0;True;False
96.984000;87.312000;12350.0;12237.000000;191.634656;True;16000.0;True;16000.0;True;12380.0;True;16000.0;True;16000.0;True;False
97.094000;87.422000;12380.0;12247.000000;191.552901;True;16000.0;True;16000.0;True;12298.0;True;16000.0;True;16000.0;True;False
97.219000;87.547000;12298.0;12257.000000;189.406780;True;16000.0;True;16000.0;True;12390.0;True;16000.0;True;16000.0;True;False
97.344000;87.672000;12400.0;12267.000000;188.210526;True;16000.0;True;16000.0;True;12400.0;True;16000.0;True;16000.0;True;False
97.484000;87.812000;12400.0;12298.000000;182.044888;True;16000.0;True;16000.0;True;12390.0;True;16000.0;True;16000.0;True;False
97.609000;87.937000;12390.0;12350.000000;175.313808;True;16000.0;True;16000.0;True;12360.0;True;16000.0;True;16000.0;True;False
97.734000;88.062000;12360.0;12360.000000;165.419784;True;16000.0;True;16000.0;True;12451.0;True;16000.0;True;16000.0;True;False
97.859000;88.187000;12451.0;12380.000000;174.895397;True;16000.0;True;16000.0;True;12431.0;True;16000.0;True;16000.0;True;False
97.984000;88.312000;12431.0;12390.000000;170.711297;True;16000.0;True;16000.0;True;12441.0;True;16000.0;True;16000.0;True;False
98.109000;88.437000;12441.0;12400.000000;174.895397;True;16000.0;True;16000.0;True;12471.0;True;16000.0;True;16000.0;True;False
98.250000;88.578000;12471.0;12400.000000;173.732336;True;16000.0;True;16000.0;True;12542.0;True;16000.0;True;16000.0;True;False
98.359000;88.687000;12542.0;12431.000000;187.866109;True;16000.0;True;16000.0;True;12502.0;True;16000.0;True;16000.0;True;False
98.469000;88.797000;12502.0;12441.000000;190.254237;True;16000.0;True;16000.0;True;12625.0;True;16000.0;True;16000.0;True;False
98.578000;88.906000;12625.0;12451.000000;160.409556;True;16000.0;True;16000.0;True;12593.0;True;16000.0;True;16000.0;True;False
98.688000;89.016000;12625.0;12471.000000;165.736368;True;16000.0;True;16000.0;True;12593.0;True;16000.0;True;16000.0;True;False
98.828000;89.156000;12593.0;12502.000000;168.291649;True;16000.0;True;16000.0;True;12716.0;True;16000.0;True;16000.0;True;False
98.953000;89.281000;12716.0;12542.000000;181.008902;True;16000.0;True;16000.0;True;12665.0;True;16000.0;True;16000.0;True;False
99.063000;89.391000;12665.0;12593.000000;200.944611;True;16000.0;True;16000.0;True;12685.0;True;16000.0;True;16000.0;True;False
99.188000;89.516000;12685.0;12625.000000;201.373980;True;16000.0;True;16000.0;True;12767.0;True;16000.0;True;16000.0;True;False
99.297000;89.625000;12767.0;12625.000000;167.747514;True;16000.0;True;16000.0;True;12696.0;True;16000.0;True;16000.0;True;False
99.406000;89.734000;12706.0;12665.000000;180.795848;True;16000.0;True;16000.0;True;12706.0;True;16000.0;True;16000.0;True;False
99.531000;89.859000;12777.0;12685.000000;185.121107;True;16000.0;True;16000.0;True;12777.0;True;16000.0;True;16000.0;True;False
99.641000;89.969000;12767.0;12706.000000;191.118851;True;16000.0;True;16000.0;True;12726.0;True;16000.0;True;16000.0;True;False
99.750000;90.078000;12767.0;12716.000000;184.466019;True;16000.0;True;16000.0;True;12706.0;True;16000.0;True;16000.0;True;False
99.875000;90.203000;12706.0;12716.000000;161.518094;True;16000.0;True;16000.0;True;12777.0;True;16000.0;True;16000.0;True;False
99.984000;90.312000;12777.0;12767.000000;180.888889;True;16000.0;True;16000.0;True;12878.0;True;16000.0;True;16000.0;True;False
100.109000;90.437000;12878.0;12767.000000;172.000000;True;16000.0;True;16000.0;True;12828.0;True;16000.0;True;16000.0;True;False
100.250000;90.578000;12828.0;12767.000000;166.372463;True;16000.0;True;16000.0;True;12930.0;True;16000.0;True;16000.0;True;False
100.359000;90.687000;12930.0;12777.000000;167.555556;True;16000.0;True;16000.0;True;12971.0;True;16000.0;True;16000.0;True;False
100.453000;90.781000;12971.0;12777.000000;171.130277;True;16000.0;True;16000.0;True;12878.0;True;16000.0;True;16000.0;True;False
100.563000;90.891000;12878.0;12828.000000;180.127042;True;16000.0;True;16000.0;True;12930.0;True;16000.0;True;16000.0;True;False
100.672000;91.000000;12930.0;12878.000000;198.365865;True;16000.0;True;16000.0;True;12910.0;True;16000.0;True;16000.0;True;False
100.781000;91.109000;12910.0;12878.000000;193.826600;True;16000.0;True;16000.0;True;13011.0;True;16000.0;True;16000.0;True;False
100.906000;91.234000;13011.0;12910.000000;197.926060;True;16000.0;True;16000.0;True;13011.0;True;16000.0;True;16000.0;True;False
101.016000;91.344000;12991.0;12930.000000;195.612431;True;16000.0;True;16000.0;True;12991.0;True;16000.0;True;16000.0;True;False
101.125000;91.453000;13011.0;12930.000000;178.637201;True;16000.0;True;16000.0;True;13011.0;True;16000.0;True;16000.0;True;False
101.250000;91.578000;13062.0;12971.000000;172.839506;True;16000.0;True;16000.0;True;13072.0;True;16000.0;True;16000.0;True;False
101.359000;91.687000;13011.0;12991.000000;168.585905;True;16000.0;True;16000.0;True;13011.0;True;16000.0;True;16000.0;True;False
101.484000;91.812000;12971.0;12991.000000;167.352538;True;16000.0;True;16000.0;True;12971.0;True;16000.0;True;16000.0;True;False
101.594000;91.922000;13072.0;13011.000000;158.135283;True;16000.0;True;16000.0;True;13072.0;True;16000.0;True;16000.0;True;False
101.719000;92.047000;13072.0;13011.000000;148.994516;True;16000.0;True;16000.0;True;13113.0;True;16000.0;True;16000.0;True;False
101.828000;92.156000;13113.0;13011.000000;139.460448;True;16000.0;True;16000.0;True;13052.0;True;16000.0;True;16000.0;True;False
101.953000;92.281000;13082.0;13062.000000;157.058556;True;16000.0;True;16000.0;True;13011.0;True;16000.0;True;16000.0;True;False
102.078000;92.406000;13011.0;13062.000000;157.058556;True;16000.0;True;16000.0;True;13143.0;True;16000.0;True;16000.0;True;False
102.203000;92.531000;13143.0;13072.000000;137.449301;True;16000.0;True;16000.0;True;13011.0;True;16000.0;True;16000.0;True;False
102.344000;92.672000;13011.0;13072.000000;136.465324;True;16000.0;True;16000.0;True;13175.0;True;16000.0;True;16000.0;True;False
102.469000;92.797000;13175.0;13072.000000;137.449301;True;16000.0;True;16000.0;True;13042.0;True;16000.0;True;16000.0;True;False
102.578000;92.906000;13042.0;13072.000000;132.942767;True;16000.0;True;16000.0;True;13163.0;True;16000.0;True;16000.0;True;False
102.703000;93.031000;13163.0;13082.000000;135.555556;True;16000.0;True;16000.0;True;13195.0;True;16000.0;True;16000.0;True;False
102.828000;93.156000;13195.0;13113.000000;125.827815;True;16000.0;True;16000.0;True;13195.0;True;16000.0;True;16000.0;True;False
102.953000;93.281000;13195.0;13143.000000;116.177115;True;16000.0;True;16000.0;True;13205.0;True;16000.0;True;16000.0;True;False
103.094000;93.422000;13205.0;13163.000000;123.216602;True;16000.0;True;16000.0;True;13246.0;True;16000.0;True;16000.0;True;False
103.219000;93.547000;13246.0;13175.000000;114.569823;True;16000.0;True;16000.0;True;13296.0;True;16000.0;True;16000.0;True;False
103.344000;93.672000;13296.0;13195.000000;113.831615;True;16000.0;True;16000.0;True;13327.0;True;16000.0;True;16000.0;True;False
103.469000;93.797000;13327.0;13195.000000;113.054608;True;16000.0;True;16000.0;True;13307.0;True;16000.0;True;16000.0;True;False
103.578000;93.906000;13307.0;13205.000000;100.515464;True;16000.0;True;16000.0;True;13307.0;True;16000.0;True;16000.0;True;False
103.688000;94.016000;13307.0;13246.000000;109.489051;True;16000.0;True;16000.0;True;13337.0;True;16000.0;True;16000.0;True;False
103.828000;94.156000;13337.0;13296.000000;130.119454;True;16000.0;True;16000.0;True;13307.0;True;16000.0;True;16000.0;True;False
103.953000;94.281000;13357.0;13307.000000;125.476897;True;16000.0;True;16000.0;True;13398.0;True;16000.0;True;16000.0;True;False
104.078000;94.406000;13398.0;13307.000000;125.476897;True;16000.0;True;16000.0;True;13307.0;True;16000.0;True;16000.0;True;False
104.203000;94.531000;13307.0;13307.000000;124.631579;True;16000.0;True;16000.0;True;13408.0;True;16000.0;True;16000.0;True;False
104.328000;94.656000;13408.0;13327.000000;111.578947;True;16000.0;True;16000.0;True;13337.0;True;16000.0;True;16000.0;True;False
104.453000;94.781000;13337.0;13337.000000;115.789474;True;16000.0;True;16000.0;True;13398.0;True;16000.0;True;16000.0;True;False
104.578000;94.906000;13398.0;13337.000000;111.578947;True;16000.0;True;16000.0;True;13408.0;True;16000.0;True;16000.0;True;False
104.703000;95.031000;13408.0;13357.000000;120.813904;True;16000.0;True;16000.0;True;13408.0;True;16000.0;True;16000.0;True;False
104.828000;95.156000;13450.0;13398.000000;138.194150;True;16000.0;True;16000.0;True;13408.0;True;16000.0;True;16000.0;True;False
104.938000;95.266000;13408.0;13398.000000;138.135593;True;16000.0;True;16000.0;True;13408.0;True;16000.0;True;16000.0;True;False
105.047000;95.375000;13408.0;13408.000000;139.078498;True;16000.0;True;16000.0;True;13428.0;True;16000.0;True;16000.0;True;False
105.172000;95.500000;13428.0;13408.000000;125.853242;True;16000.0;True;16000.0;True;13490.0;True;16000.0;True;16000.0;True;False
105.281000;95.609000;13490.0;13408.000000;113.831615;True;16000.0;True;16000.0;True;13511.0;True;16000.0;True;16000.0;True;False
105.391000;95.719000;13490.0;13408.000000;106.660862;True;16000.0;True;16000.0;True;13551.0;True;16000.0;True;16000.0;True;False
105.516000;95.844000;13551.0;13428.000000;110.143666;True;16000.0;True;16000.0;True;13531.0;True;16000.0;True;16000.0;True;False
105.641000;95.969000;13531.0;13450.000000;111.014367;True;16000.0;True;16000.0;True;13683.0;True;16000.0;True;16000.0;True;False
105.766000;96.094000;13683.0;13490.000000;128.428385;True;16000.0;True;16000.0;True;13592.0;True;16000.0;True;16000.0;True;False
105.891000;96.219000;13592.0;13490.000000;123.216602;True;16000.0;True;16000.0;True;13632.0;True;16000.0;True;16000.0;True;False
106.000000;96.328000;13632.0;13531.000000;123.269896;True;16000.0;True;16000.0;True;13683.0;True;16000.0;True;16000.0;True;False
106.125000;96.453000;13683.0;13551.000000;111.014367;True;16000.0;True;16000.0;True;13663.0;True;16000.0;True;16000.0;True;False
106.250000;96.578000;13663.0;13592.000000;124.074880;True;16000.0;True;16000.0;True;13683.0;True;16000.0;True;16000.0;True;False
106.375000;96.703000;13683.0;13632.000000;141.488899;True;16000.0;True;16000.0;True;13735.0;True;16000.0;True;16000.0;True;False
106.484000;96.812000;13735.0;13663.000000;156.071898;True;16000.0;True;16000.0;True;13796.0;True;16000.0;True;16000.0;True;False
106.594000;96.922000;13796.0;13683.000000;157.105031;True;16000.0;True;16000.0;True;13735.0;True;16000.0;True;16000.0;True;False
106.703000;97.031000;13735.0;13683.000000;153.777778;True;16000.0;True;16000.0;True;13703.0;True;16000.0;True;16000.0;True;False
106.828000;97.156000;13765.0;13683.000000;153.777778;True;16000.0;True;16000.0;True;13765.0;True;16000.0;True;16000.0;True;False
106.938000;97.266000;13663.0;13683.000000;145.861298;True;16000.0;True;16000.0;True;13796.0;True;16000.0;True;16000.0;True;False
107.047000;97.375000;13796.0;13735.000000;151.870212;True;16000.0;True;16000.0;True;13715.0;True;16000.0;True;16000.0;True;False
107.156000;97.484000;13715.0;13735.000000;151.938684;True;16000.0;True;16000.0;True;13745.0;True;16000.0;True;16000.0;True;False
107.266000;97.594000;13715.0;13735.000000;147.363677;True;16000.0;True;16000.0;True;13806.0;True;16000.0;True;16000.0;True;False
107.406000;97.734000;13806.0;13735.000000;146.374217;True;16000.0;True;16000.0;True;13755.0;True;16000.0;True;16000.0;True;False
107.531000;97.859000;13755.0;13755.000000;154.222222;True;16000.0;True;16000.0;True;13816.0;True;16000.0;True;16000.0;True;False
107.656000;97.984000;13816.0;13755.000000;153.200883;True;16000.0;True;16000.0;True;13806.0;True;16000.0;True;16000.0;True;False
107.781000;98.109000;13806.0;13765.000000;148.785872;True;16000.0;True;16000.0;True;13938.0;True;16000.0;True;16000.0;True;False
107.922000;98.250000;13938.0;13796.000000;151.687856;True;16000.0;True;16000.0;True;13877.0;True;16000.0;True;16000.0;True;False
108.047000;98.375000;13877.0;13806.000000;138.535730;True;16000.0;True;16000.0;True;13887.0;True;16000.0;True;16000.0;True;False
108.156000;98.484000;13887.0;13806.000000;139.514349;True;16000.0;True;16000.0;True;13877.0;True;16000.0;True;16000.0;True;False
108.266000;98.594000;13877.0;13816.000000;125.772286;True;16000.0;True;16000.0;True;13990.0;True;16000.0;True;16000.0;True;False
108.375000;98.703000;13958.0;13877.000000;144.888889;True;16000.0;True;16000.0;True;13958.0;True;16000.0;True;16000.0;True;False
108.484000;98.812000;13897.0;13877.000000;127.573859;True;16000.0;True;16000.0;True;13897.0;True;16000.0;True;16000.0;True;False
108.594000;98.922000;13897.0;13887.000000;114.916629;True;16000.0;True;16000.0;True;14081.0;True;16000.0;True;16000.0;True;False
108.734000;99.062000;14081.0;13897.000000;104.000000;True;16000.0;True;16000.0;True;13857.0;True;16000.0;True;16000.0;True;False
108.844000;99.172000;14000.0;13897.000000;95.111111;True;16000.0;True;16000.0;True;13948.0;True;16000.0;True;16000.0;True;False
108.969000;99.297000;13948.0;13897.000000;94.439541;True;16000.0;True;16000.0;True;13990.0;True;16000.0;True;16000.0;True;False
109.078000;99.406000;13990.0;13948.000000;117.777778;True;16000.0;True;16000.0;True;13887.0;True;16000.0;True;16000.0;True;False
109.203000;99.531000;13887.0;13948.000000;116.997792;True;16000.0;True;16000.0;True;13978.0;True;16000.0;True;16000.0;True;False
109.344000;99.672000;13978.0;13958.000000;97.083152;True;16000.0;True;16000.0;True;14000.0;True;16000.0;True;16000.0;True;False
109.469000;99.797000;14000.0;13978.000000;105.058366;True;16000.0;True;16000.0;True;14162.0;True;16000.0;True;16000.0;True;False
109.594000;99.922000;14162.0;13990.000000;109.536082;True;16000.0;True;16000.0;True;14030.0;True;16000.0;True;16000.0;True;False
109.719000;100.047000;14030.0;14000.000000;114.569823;True;16000.0;True;16000.0;True;14061.0;True;16000.0;True;16000.0;True;False
109.844000;100.172000;14061.0;14000.000000;105.923044;True;16000.0;True;16000.0;True;14030.0;True;16000.0;True;16000.0;True;False
109.984000;100.312000;14030.0;14000.000000;105.240550;True;16000.0;True;16000.0;True;14142.0;True;16000.0;True;16000.0;True;False
110.109000;100.437000;14142.0;14030.000000;113.831615;True;16000.0;True;16000.0;True;14172.0;True;16000.0;True;16000.0;True;False
110.219000;100.547000;14172.0;14030.000000;101.872007;True;16000.0;True;16000.0;True;14152.0;True;16000.0;True;16000.0;True;False
110.344000;100.672000;14152.0;14061.000000;111.014367;True;16000.0;True;16000.0;True;14142.0;True;16000.0;True;16000.0;True;False
110.469000;100.797000;14142.0;14142.000000;145.265888;True;16000.0;True;16000.0;True;14203.0;True;16000.0;True;16000.0;True;False
110.594000;100.922000;14203.0;14142.000000;140.034364;True;16000.0;True;16000.0;True;14336.0;True;16000.0;True;16000.0;True;False
110.719000;101.047000;14336.0;14142.000000;113.054608;True;16000.0;True;16000.0;True;14152.0;True;16000.0;True;16000.0;True;False
110.859000;101.187000;14223.0;14152.000000;115.789474;True;16000.0;True;16000.0;True;14265.0;True;16000.0;True;16000.0;True;False
110.969000;101.297000;14265.0;14172.000000;120.000000;True;16000.0;True;16000.0;True;14366.0;True;16000.0;True;16000.0;True;False
111.094000;101.422000;14366.0;14203.000000;129.661017;True;16000.0;True;16000.0;True;14326.0;True;16000.0;True;16000.0;True;False
111.203000;101.531000;14326.0;14223.000000;138.194150;True;16000.0;True;16000.0;True;14265.0;True;16000.0;True;16000.0;True;False
111.313000;101.641000;14376.0;14265.000000;156.996587;True;16000.0;True;16000.0;True;14376.0;True;16000.0;True;16000.0;True;False
111.438000;101.766000;14376.0;14326.000000;160.169492;True;16000.0;True;16000.0;True;14265.0;True;16000.0;True;16000.0;True;False
111.563000;101.891000;14265.0;14326.000000;160.169492;True;16000.0;True;16000.0;True;14265.0;True;16000.0;True;16000.0;True;False
111.688000;102.016000;14346.0;14336.000000;161.262799;True;16000.0;True;16000.0;True;14346.0;True;16000.0;True;16000.0;True;False
111.813000;102.141000;14346.0;14346.000000;156.996587;True;16000.0;True;16000.0;True;14468.0;True;16000.0;True;16000.0;True;False
111.922000;102.250000;14468.0;14346.000000;152.920962;True;16000.0;True;16000.0;True;14366.0;True;16000.0;True;16000.0;True;False
112.047000;102.375000;14366.0;14366.000000;157.216495;True;16000.0;True;16000.0;True;14528.0;True;16000.0;True;16000.0;True;False
112.172000;102.500000;14528.0;14366.000000;157.216495;True;16000.0;True;16000.0;True;14437.0;True;16000.0;True;16000.0;True;False
112.297000;102.625000;14437.0;14376.000000;162.559447;True;16000.0;True;16000.0;True;14570.0;True;16000.0;True;16000.0;True;False
112.438000;102.766000;14570.0;14376.000000;148.561614;True;16000.0;True;16000.0;True;14518.0;True;16000.0;True;16000.0;True;False
112.547000;102.875000;14518.0;14437.000000;174.828179;True;16000.0;True;16000.0;True;14601.0;True;16000.0;True;16000.0;True;False
112.672000;103.000000;14601.0;14468.000000;174.828179;True;16000.0;True;16000.0;True;14478.0;True;16000.0;True;16000.0;True;False
112.797000;103.125000;14478.0;14478.000000;144.329897;True;16000.0;True;16000.0;True;14570.0;True;16000.0;True;16000.0;True;False
112.922000;103.250000;14570.0;14518.000000;161.512027;True;16000.0;True;16000.0;True;14631.0;True;16000.0;True;16000.0;True;False
113.047000;103.375000;14631.0;14528.000000;165.807560;True;16000.0;True;16000.0;True;14641.0;True;16000.0;True;16000.0;True;False
113.156000;103.484000;14641.0;14570.000000;181.976491;True;16000.0;True;16000.0;True;14682.0;True;16000.0;True;16000.0;True;False
113.297000;103.625000;14682.0;14570.000000;170.962199;True;16000.0;True;16000.0;True;14661.0;True;16000.0;True;16000.0;True;False
113.422000;103.750000;14661.0;14601.000000;170.962199;True;16000.0;True;16000.0;True;14743.0;True;16000.0;True;16000.0;True;False
113.547000;103.875000;14743.0;14631.000000;174.061433;True;16000.0;True;16000.0;True;14682.0;True;16000.0;True;16000.0;True;False
113.672000;104.000000;14682.0;14641.000000;159.389572;True;16000.0;True;16000.0;True;14783.0;True;16000.0;True;16000.0;True;False
113.797000;104.125000;14783.0;14661.000000;142.009326;True;16000.0;True;16000.0;True;14763.0;True;16000.0;True;16000.0;True;False
113.938000;104.266000;14773.0;14682.000000;149.894737;True;16000.0;True;16000.0;True;14815.0;True;16000.0;True;16000.0;True;False
114.047000;104.375000;14815.0;14682.000000;146.672319;True;16000.0;True;16000.0;True;14783.0;True;16000.0;True;16000.0;True;False
114.156000;104.484000;14783.0;14743.000000;169.440888;True;15500.0;True;16000.0;True;14763.0;True;15850.0;True;15850.0;True;False
114.281000;104.609000;14835.0;14773.000000;181.008902;True;15500.0;True;15850.0;True;14835.0;True;15700.0;True;15850.0;True;False
114.391000;104.719000;14805.0;14783.000000;177.901024;True;15500.0;True;15700.0;True;14805.0;True;15550.0;True;15700.0;True;False
114.500000;104.828000;14805.0;14783.000000;179.123711;True;15500.0;True;15700.0;True;14805.0;True;15550.0;True;15550.0;True;False
114.609000;104.937000;14805.0;14805.000000;185.553633;True;15500.0;True;15550.0;True;14835.0;True;15500.0;True;15500.0;True;False
114.734000;105.062000;14835.0;14805.000000;186.846690;True;15500.0;True;15500.0;True;14845.0;True;15500.0;True;15500.0;True;False
114.859000;105.187000;14845.0;14805.000000;159.169550;True;15500.0;True;15500.0;True;14896.0;True;15500.0;True;15500.0;True;False
114.969000;105.297000;14896.0;14815.000000;151.066609;True;15500.0;True;15500.0;True;14886.0;True;15500.0;True;15500.0;True;False
115.094000;105.422000;14886.0;14835.000000;155.420113;True;15500.0;True;15500.0;True;14876.0;True;15500.0;True;15500.0;True;False
115.219000;105.547000;14906.0;14835.000000;138.006095;True;15500.0;True;15500.0;True;14906.0;True;15500.0;True;15500.0;True;False
115.328000;105.656000;14947.0;14845.000000;138.974134;True;15500.0;True;15500.0;True;14845.0;True;15500.0;True;15500.0;True;False
115.438000;105.766000;14947.0;14886.000000;138.475022;True;15500.0;True;15500.0;True;14926.0;True;15500.0;True;15500.0;True;False
115.563000;105.891000;14926.0;14896.000000;143.865843;True;15500.0;True;15500.0;True;14987.0;True;15500.0;True;15500.0;True;False
115.688000;106.016000;14987.0;14906.000000;134.598411;True;15500.0;True;15500.0;True;14896.0;True;15500.0;True;15500.0;True;False
115.813000;106.141000;14896.0;14906.000000;121.359223;True;15500.0;True;15500.0;True;15018.0;True;15500.0;True;15500.0;True;False
115.938000;106.266000;15018.0;14926.000000;125.772286;True;15500.0;True;15500.0;True;15018.0;True;15500.0;True;15500.0;True;False
116.063000;106.391000;15018.0;14947.000000;126.213592;True;15500.0;True;15500.0;True;15018.0;True;15500.0;True;15500.0;True;False
116.172000;106.500000;15018.0;14947.000000;118.621307;True;15500.0;True;15500.0;True;15028.0;True;15500.0;True;15500.0;True;False
116.297000;106.625000;15028.0;14987.000000;135.555556;True;15500.0;True;15500.0;True;15068.0;True;15500.0;True;15500.0;True;False
116.406000;106.734000;15080.0;15018.000000;122.222222;True;15500.0;True;15500.0;True;15080.0;True;15500.0;True;15500.0;True;False
116.516000;106.844000;15080.0;15018.000000;109.619687;True;15500.0;True;15500.0;True;15080.0;True;15500.0;True;15500.0;True;False
116.609000;106.937000;15080.0;15018.000000;105.951307;True;15500.0;True;15500.0;True;15028.0;True;15500.0;True;15500.0;True;False
116.734000;107.062000;15028.0;15028.000000;109.668756;True;15500.0;True;15500.0;True;15161.0;True;15500.0;True;15500.0;True;False
116.859000;107.187000;15161.0;15028.000000;99.111111;True;15500.0;True;15500.0;True;15080.0;True;15500.0;True;15500.0;True;False
116.969000;107.297000;15080.0;15080.000000;123.042506;True;15500.0;True;15500.0;True;15171.0;True;15500.0;True;15500.0;True;False
117.078000;107.406000;15171.0;15080.000000;123.929698;True;15500.0;True;15500.0;True;15201.0;True;15500.0;True;15500.0;True;False
117.188000;107.516000;15201.0;15080.000000;119.423164;True;15500.0;True;15500.0;True;15120.0;True;15500.0;True;15500.0;True;False
117.313000;107.641000;15120.0;15080.000000;110.410095;True;15500.0;True;15500.0;True;15201.0;True;15500.0;True;15500.0;True;False
117.438000;107.766000;15333.0;15120.000000;128.436233;True;15500.0;True;15500.0;True;15201.0;True;15500.0;True;15500.0;True;False
117.563000;107.891000;15333.0;15161.000000;141.387025;True;15500.0;True;15500.0;True;15232.0;True;15500.0;True;15500.0;True;False
117.672000;108.000000;15232.0;15171.000000;127.573859;True;15500.0;True;15500.0;True;15375.0;True;15500.0;True;15500.0;True;False
117.781000;108.109000;15375.0;15201.000000;137.511271;True;15500.0;True;15500.0;True;15201.0;True;15500.0;True;15500.0;True;False
117.906000;108.234000;15201.0;15201.000000;133.002705;True;15500.0;True;15500.0;True;15232.0;True;15500.0;True;15500.0;True;False
118.031000;108.359000;15252.0;15232.000000;146.979261;True;15500.0;True;15500.0;True;15252.0;True;15500.0;True;15500.0;True;False
118.141000;108.469000;15191.0;15232.000000;138.901498;True;15000.0;True;15500.0;True;15333.0;True;15350.0;True;15350.0;True;False
118.250000;108.578000;15333.0;15252.000000;139.460448;True;15000.0;True;15350.0;True;15262.0;True;15200.0;True;15200.0;True;False
118.359000;108.687000;15262.0;15262.000000;144.032922;True;15000.0;True;15200.0;True;15365.0;True;15050.0;True;15200.0;True;False
118.469000;108.797000;15262.0;15262.000000;126.611418;True;15000.0;True;15200.0;True;15343.0;True;15050.0;True;15050.0;True;False
118.594000;108.922000;15343.0;15262.000000;111.517367;True;15000.0;True;15050.0;True;15272.0;True;15000.0;True;15000.0;True;False
118.719000;109.047000;15272.0;15262.000000;110.758057;True;15000.0;True;15000.0;True;15262.0;True;15000.0;True;15000.0;True;False
118.859000;109.187000;15262.0;15262.000000;108.444444;True;15000.0;True;15000.0;True;15405.0;True;15000.0;True;15000.0;True;False
118.984000;109.312000;15405.0;15262.000000;104.000000;True;15000.0;True;15000.0;True;15242.0;True;15000.0;True;15000.0;True;False
119.109000;109.437000;15242.0;15262.000000;104.000000;True;15500.0;True;15000.0;True;15211.0;True;15000.0;True;15000.0;True;False
119.219000;109.547000;15211.0;15262.000000;80.888889;True;15500.0;True;15000.0;True;15436.0;True;15150.0;True;15150.0;True;False
119.344000;109.672000;15436.0;15262.000000;80.317741;True;15500.0;True;15150.0;True;15426.0;True;15300.0;True;15300.0;True;False
119.484000;109.812000;15426.0;15272.000000;83.623693;True;15500.0;True;15300.0;True;15313.0;True;15450.0;True;15450.0;True;False
119.578000;109.906000;15313.0;15313.000000;102.869757;True;15500.0;True;15450.0;True;15415.0;True;15500.0;True;15500.0;True;False
119.703000;110.031000;15415.0;15313.000000;85.209713;True;15000.0;True;15500.0;True;15487.0;True;15350.0;True;15350.0;True;False
119.828000;110.156000;15365.0;15365.000000;90.066225;True;15000.0;True;15350.0;True;15365.0;True;15200.0;True;15200.0;True;False
119.938000;110.266000;15436.0;15405.000000;103.265666;True;15000.0;True;15200.0;True;15487.0;True;15050.0;True;15050.0;True;False
120.047000;110.375000;15487.0;15415.000000;94.439541;True;15000.0;True;15050.0;True;15497.0;True;15000.0;True;15000.0;True;False
120.156000;110.484000;15355.0;15415.000000;95.111111;True;15000.0;True;15000.0;True;15355.0;True;15000.0;True;15000.0;True;False
120.281000;110.609000;15355.0;15415.000000;81.333333;True;15000.0;True;15000.0;True;15313.0;True;15000.0;True;15000.0;True;False
120.391000;110.719000;15313.0;15365.000000;59.111111;True;15000.0;True;15000.0;True;15558.0;True;15000.0;True;15000.0;True;False
120.516000;110.844000;15558.0;15365.000000;49.867608;True;15000.0;True;15000.0;True;15426.0;True;15000.0;True;15000.0;True;False
120.641000;110.969000;15426.0;15415.000000;67.046450;True;15000.0;True;15000.0;True;15598.0;True;15000.0;True;15000.0;True;False
120.766000;111.094000;15598.0;15426.000000;71.397475;True;15000.0;True;15000.0;True;15568.0;True;15000.0;True;15000.0;True;False
120.891000;111.219000;15568.0;15436.000000;75.750980;True;15000.0;True;15000.0;True;15415.0;True;15000.0;True;15000.0;True;False
121.016000;111.344000;15415.0;15426.000000;71.397475;True;15000.0;True;15000.0;True;15527.0;True;15000.0;True;15000.0;True;False
121.141000;111.469000;15527.0;15426.000000;71.866784;True;15000.0;True;15000.0;True;15456.0;True;15000.0;True;15000.0;True;False
121.266000;111.594000;15558.0;15527.000000;116.126205;True;15000.0;True;15000.0;True;15558.0;True;15000.0;True;15000.0;True;False
121.406000;111.734000;15618.0;15558.000000;128.863735;True;15000.0;True;15000.0;True;15618.0;True;15000.0;True;15000.0;True;False
121.500000;111.828000;15618.0;15558.000000;129.767646;True;15000.0;True;15000.0;True;15497.0;True;15000.0;True;15000.0;True;False
121.609000;111.937000;15497.0;15558.000000;130.684327;True;15000.0;True;15000.0;True;15711.0;True;15000.0;True;15000.0;True;False
121.734000;112.062000;15711.0;15568.000000;131.555556;True;15000.0;True;15000.0;True;15507.0;True;15000.0;True;15000.0;True;False
121.875000;112.203000;15527.0;15558.000000;106.660862;True;15000.0;True;15000.0;True;15527.0;True;15000.0;True;15000.0;True;False
122.000000;112.328000;15527.0;15527.000000;93.164998;True;15000.0;True;15000.0;True;15507.0;True;15000.0;True;15000.0;True;False
122.109000;112.437000;15507.0;15527.000000;71.021482;True;15000.0;True;15000.0;True;15558.0;True;15000.0;True;15000.0;True;False
122.234000;112.562000;15558.0;15558.000000;66.637631;True;15000.0;True;15000.0;True;15588.0;True;15000.0;True;15000.0;True;False
122.344000;112.672000;15588.0;15558.000000;62.255115;True;15000.0;True;15000.0;True;15537.0;True;15000.0;True;15000.0;True;False
122.469000;112.797000;15537.0;15537.000000;52.745352;True;15000.0;True;15000.0;True;15670.0;True;15000.0;True;15000.0;True;False
122.609000;112.937000;15670.0;15537.000000;52.405498;True;15000.0;True;15000.0;True;15650.0;True;15000.0;True;15000.0;True;False
122.734000;113.062000;15650.0;15558.000000;82.373026;True;15000.0;True;15000.0;True;15680.0;True;15000.0;True;15000.0;True;False
122.859000;113.187000;15680.0;15558.000000;82.373026;True;15000.0;True;15000.0;True;15578.0;True;15000.0;True;15000.0;True;False
122.984000;113.312000;15578.0;15578.000000;69.568929;True;15000.0;True;15000.0;True;15660.0;True;15000.0;True;15000.0;True;False
123.109000;113.437000;15660.0;15588.000000;69.142125;True;15000.0;True;15000.0;True;15670.0;True;15000.0;True;15000.0;True;False
123.234000;113.562000;15670.0;15650.000000;91.335894;True;15000.0;True;15000.0;True;15670.0;True;15000.0;True;15000.0;True;False
123.375000;113.703000;15670.0;15660.000000;99.194574;True;15000.0;True;15000.0;True;15721.0;True;15000.0;True;15000.0;True;False
123.500000;113.828000;15721.0;15670.000000;103.433658;True;15000.0;True;15000.0;True;15630.0;True;15000.0;True;15000.0;True;False
123.625000;113.953000;15630.0;15670.000000;60.618906;True;15000.0;True;15000.0;True;15630.0;True;15000.0;True;15000.0;True;False
123.750000;114.078000;15691.0;15670.000000;47.781570;True;15000.0;True;15000.0;True;15691.0;True;15000.0;True;15000.0;True;False
123.875000;114.203000;15691.0;15670.000000;47.157895;True;15000.0;True;15000.0;True;15660.0;True;15000.0;True;15000.0;True;False
124.000000;114.328000;15660.0;15670.000000;46.842325;True;15000.0;True;15000.0;True;15731.0;True;15000.0;True;15000.0;True;False
124.141000;114.469000;15660.0;15670.000000;42.376402;True;15000.0;True;15000.0;True;15650.0;True;15000.0;True;15000.0;True;False
124.250000;114.578000;15650.0;15670.000000;47.157895;True;15000.0;True;15000.0;True;15721.0;True;15000.0;True;15000.0;True;False
124.375000;114.703000;15721.0;15670.000000;60.210526;True;15000.0;True;15000.0;True;15618.0;True;15000.0;True;15000.0;True;False
124.484000;114.812000;15640.0;15660.000000;56.000000;True;15000.0;True;15000.0;True;15640.0;True;15000.0;True;15000.0;True;False
124.594000;114.922000;15640.0;15660.000000;43.220339;True;15000.0;True;15000.0;True;15751.0;True;15000.0;True;15000.0;True;False
124.719000;115.047000;15751.0;15660.000000;42.947368;True;15000.0;True;15000.0;True;15640.0;True;15000.0;True;15000.0;True;False
124.844000;115.172000;15640.0;15660.000000;51.789474;True;15000.0;True;15000.0;True;15721.0;True;15000.0;True;15000.0;True;False
124.984000;115.312000;15721.0;15660.000000;51.789474;True;15000.0;True;15000.0;True;15680.0;True;15000.0;True;15000.0;True;False
125.109000;115.437000;15680.0;15660.000000;42.947368;True;15000.0;True;15000.0;True;15660.0;True;15000.0;True;15000.0;True;False
125.234000;115.562000;15660.0;15660.000000;42.947368;True;15000.0;True;15000.0;True;15721.0;True;15000.0;True;15000.0;True;False
125.359000;115.687000;15721.0;15680.000000;42.947368;True;15000.0;True;15000.0;True;15691.0;True;15000.0;True;15000.0;True;False
125.469000;115.797000;15691.0;15680.000000;38.983051;True;15000.0;True;15000.0;True;15691.0;True;15000.0;True;15000.0;True;False
125.594000;115.922000;15691.0;15691.000000;17.372881;True;15000.0;True;15000.0;True;15731.0;True;15000.0;True;15000.0;True;False
125.703000;116.031000;15731.0;15691.000000;13.316151;True;15000.0;True;15000.0;True;15711.0;True;15000.0;True;15000.0;True;False
125.844000;116.172000;15711.0;15691.000000;8.959044;True;15000.0;True;15000.0;True;15843.0;True;15000.0;True;15000.0;True;False
125.953000;116.281000;15792.0;15711.000000;17.611684;True;15000.0;True;15000.0;True;15772.0;True;15000.0;True;15000.0;True;False
126.078000;116.406000;15772.0;15711.000000;17.611684;True;15000.0;True;15000.0;True;15751.0;True;15000.0;True;15000.0;True;False
126.188000;116.516000;15751.0;15721.000000;22.049287;True;15000.0;True;15000.0;True;15873.0;True;15000.0;True;15000.0;True;False
126.313000;116.641000;15873.0;15731.000000;26.372676;True;15000.0;True;15000.0;True;15812.0;True;15000.0;True;15000.0;True;False
126.438000;116.766000;15863.0;15751.000000;35.263387;True;15000.0;True;15000.0;True;15812.0;True;15000.0;True;15000.0;True;False
126.531000;116.859000;15863.0;15772.000000;44.717229;True;15000.0;True;15000.0;True;15895.0;True;15000.0;True;15000.0;True;False
126.656000;116.984000;15812.0;15792.000000;53.485313;True;15000.0;True;15000.0;True;15873.0;True;15000.0;True;15000.0;True;False
126.781000;117.109000;15873.0;15812.000000;66.173269;True;15000.0;True;15000.0;True;15853.0;True;15000.0;True;15000.0;True;False
126.906000;117.234000;15853.0;15853.000000;83.477509;True;15000.0;True;15000.0;True;15935.0;True;15000.0;True;15000.0;True;False
127.031000;117.359000;15935.0;15863.000000;87.802768;True;15000.0;True;15000.0;True;15955.0;True;15000.0;True;15000.0;True;False
127.172000;117.500000;15955.0;15863.000000;87.199313;True;15000.0;True;15000.0;True;15895.0;True;15000.0;True;15000.0;True;False
127.297000;117.625000;15895.0;15873.000000;92.088197;True;15000.0;True;15000.0;True;15873.0;True;15000.0;True;15000.0;True;False
127.422000;117.750000;15873.0;15873.000000;92.088197;True;15000.0;True;15000.0;True;15945.0;True;15000.0;True;15000.0;True;False
127.547000;117.875000;15945.0;15873.000000;92.088197;True;15000.0;True;15000.0;True;15905.0;True;15000.0;True;15000.0;True;False
127.656000;117.984000;15905.0;15895.000000;93.600348;True;15000.0;True;15000.0;True;15976.0;True;15000.0;True;15000.0;True;False
127.781000;118.109000;15976.0;15905.000000;97.318339;True;15000.0;True;15000.0;True;16016.0;True;15000.0;True;15000.0;True;False
127.922000;118.250000;16016.0;15935.000000;104.810997;True;15000.0;True;15000.0;True;15915.0;True;15000.0;True;15000.0;True;False
128.047000;118.375000;15915.0;15935.000000;104.095563;True;15000.0;True;15000.0;True;16016.0;True;15000.0;True;15000.0;True;False
128.172000;118.500000;16016.0;15945.000000;109.106529;True;15000.0;True;15000.0;True;15915.0;True;15000.0;True;15000.0;True;False
128.281000;118.609000;15915.0;15915.000000;87.628866;True;15000.0;True;15000.0;True;15945.0;True;15000.0;True;15000.0;True;False
128.391000;118.719000;16057.0;15945.000000;101.167315;True;15000.0;True;15000.0;True;16057.0;True;15000.0;True;15000.0;True;False
128.500000;118.828000;15996.0;15976.000000;110.294118;True;15000.0;True;15000.0;True;15996.0;True;15000.0;True;15000.0;True;False
128.609000;118.937000;15996.0;15996.000000;115.418118;True;15000.0;True;15000.0;True;15945.0;True;15000.0;True;15000.0;True;False
128.734000;119.062000;15945.0;15996.000000;106.707317;True;15000.0;True;15000.0;True;16037.0;True;15000.0;True;15000.0;True;False
128.859000;119.187000;16037.0;15996.000000;96.219931;True;15000.0;True;15000.0;True;15976.0;True;15000.0;True;15000.0;True;False
129.000000;119.328000;15976.0;15996.000000;87.030717;True;15000.0;True;15000.0;True;16047.0;True;15000.0;True;15000.0;True;False
129.125000;119.453000;16047.0;15996.000000;78.498294;True;15000.0;True;15000.0;True;16077.0;True;15000.0;True;15000.0;True;False
129.250000;119.578000;16077.0;15996.000000;61.006826;True;15000.0;True;15000.0;True;16067.0;True;15000.0;True;15000.0;True;False
129.375000;119.703000;16067.0;16037.000000;74.232082;True;15000.0;True;15000.0;True;16108.0;True;15000.0;True;15000.0;True;False
129.500000;119.828000;16108.0;16037.000000;74.742268;True;15000.0;True;15000.0;True;16087.0;True;15000.0;True;15000.0;True;False
129.641000;119.969000;16067.0;16047.000000;74.232082;True;14500.0;True;15000.0;True;16108.0;True;14850.0;True;15000.0;True;False
129.750000;120.078000;16067.0;16067.000000;83.333333;True;14500.0;True;15000.0;True;16026.0;True;14850.0;True;14850.0;True;False
129.859000;120.187000;16026.0;16067.000000;83.910035;True;14500.0;True;14850.0;True;16097.0;True;14700.0;True;14700.0;True;False
129.984000;120.312000;16097.0;16067.000000;73.883162;True;14500.0;True;14700.0;True;16170.0;True;14550.0;True;14550.0;True;False
130.109000;120.437000;16170.0;16067.000000;69.587629;True;14500.0;True;14550.0;True;16037.0;True;14500.0;True;14500.0;True;False
130.250000;120.578000;16037.0;16067.000000;56.701031;True;14500.0;True;14500.0;True;16190.0;True;14500.0;True;14500.0;True;False
130.375000;120.703000;16190.0;16067.000000;56.701031;True;14500.0;True;14500.0;True;16057.0;True;14500.0;True;14500.0;True;False
130.500000;120.828000;16057.0;16067.000000;52.405498;True;14500.0;True;14500.0;True;16087.0;True;14500.0;True;14500.0;True;False
130.625000;120.953000;16087.0;16067.000000;64.846416;True;14500.0;True;14500.0;True;16148.0;True;14500.0;True;14500.0;True;False
130.750000;121.078000;16200.0;16087.000000;60.194998;True;14500.0;True;14500.0;True;16077.0;True;14500.0;True;14500.0;True;False
130.875000;121.203000;16077.0;16087.000000;46.736842;True;14500.0;True;14500.0;True;16138.0;True;14500.0;True;14500.0;True;False
131.000000;121.328000;16138.0;16097.000000;42.241740;True;14500.0;True;14500.0;True;16230.0;True;14500.0;True;14500.0;True;False
131.109000;121.437000;16230.0;16138.000000;59.789474;True;14500.0;True;14500.0;True;16087.0;True;14500.0;True;14500.0;True;False
131.234000;121.562000;16087.0;16087.000000;38.315789;True;14500.0;True;14500.0;True;16077.0;True;14500.0;True;14500.0;True;False
131.359000;121.687000;16077.0;16087.000000;38.575668;True;14500.0;True;14500.0;True;16200.0;True;14500.0;True;14500.0;True;False
131.484000;121.812000;16200.0;16087.000000;38.575668;True;14500.0;True;14500.0;True;16190.0;True;14500.0;True;14500.0;True;False
131.609000;121.937000;16190.0;16138.000000;60.194998;True;14500.0;True;14500.0;True;16220.0;True;14500.0;True;14500.0;True;False
131.703000;122.031000;16220.0;16190.000000;65.721649;True;14500.0;True;14500.0;True;16251.0;True;14500.0;True;14500.0;True;False
131.828000;122.156000;16251.0;16190.000000;65.721649;True;14500.0;True;14500.0;True;16190.0;True;14500.0;True;14500.0;True;False
131.953000;122.281000;16251.0;16200.000000;66.176471;True;14500.0;True;14500.0;True;16261.0;True;14500.0;True;14500.0;True;False
132.063000;122.391000;16261.0;16220.000000;66.147860;True;14500.0;True;14500.0;True;16200.0;True;14500.0;True;14500.0;True;False
132.188000;122.516000;16200.0;16200.000000;57.106054;True;14500.0;True;14500.0;True;16271.0;True;14500.0;True;14500.0;True;False
132.313000;122.641000;16271.0;16220.000000;65.693431;True;14500.0;True;14500.0;True;16251.0;True;14500.0;True;14500.0;True;False
132.438000;122.766000;16210.0;16220.000000;65.693431;True;14500.0;True;14500.0;True;16261.0;True;14500.0;True;14500.0;True;False
132.547000;122.875000;16261.0;16251.000000;80.104484;True;14500.0;True;14500.0;True;16261.0;True;14500.0;True;14500.0;True;False
132.656000;122.984000;16261.0;16251.000000;80.666374;True;14500.0;True;14500.0;True;16261.0;True;14500.0;True;14500.0;True;False
132.766000;123.094000;16261.0;16261.000000;85.613416;True;14500.0;True;14500.0;True;16170.0;True;14500.0;True;14500.0;True;False
132.891000;123.219000;16170.0;16261.000000;85.613416;True;14500.0;True;14500.0;True;16291.0;True;14500.0;True;14500.0;True;False
133.031000;123.359000;16291.0;16261.000000;76.282332;True;14500.0;True;14500.0;True;16281.0;True;14500.0;True;14500.0;True;False
133.156000;123.484000;16281.0;16261.000000;76.282332;True;14500.0;True;14500.0;True;16271.0;True;14500.0;True;14500.0;True;False
133.281000;123.609000;16271.0;16261.000000;71.898290;True;14500.0;True;14500.0;True;16271.0;True;14500.0;True;14500.0;True;False
133.406000;123.734000;16271.0;16261.000000;53.548106;True;14500.0;True;14500.0;True;16281.0;True;14500.0;True;14500.0;True;False
133.531000;123.859000;16281.0;16271.000000;80.104484;True;14500.0;True;14500.0;True;16271.0;True;14500.0;True;14500.0;True;False
133.641000;123.969000;16271.0;16271.000000;80.631025;True;14000.0;True;14500.0;True;16301.0;True;14500.0;True;14500.0;True;False
133.750000;124.078000;16301.0;16271.000000;81.200353;True;14000.0;True;14500.0;True;16220.0;True;14350.0;True;14350.0;True;False
133.875000;124.203000;16220.0;16271.000000;58.693733;True;14000.0;True;14350.0;True;16301.0;True;14200.0;True;14200.0;True;False
133.984000;124.312000;16301.0;16281.000000;39.894783;True;14000.0;True;14200.0;True;16342.0;True;14050.0;True;14200.0;True;False
134.094000;124.422000;16261.0;16271.000000;35.745808;True;14500.0;True;14050.0;True;16261.0;True;14200.0;True;14050.0;True;False
134.203000;124.531000;16261.0;16271.000000;31.555556;True;14500.0;True;14050.0;True;16342.0;True;14200.0;True;14200.0;True;False
134.328000;124.656000;16342.0;16271.000000;22.516556;True;14500.0;True;14200.0;True;16281.0;True;14350.0;True;14350.0;True;False
134.469000;124.797000;16281.0;16281.000000;35.510741;True;14500.0;True;14350.0;True;16312.0;True;14500.0;True;14500.0;True;False
134.563000;124.891000;16312.0;16281.000000;27.111111;True;14500.0;True;14500.0;True;16332.0;True;14500.0;True;14500.0;True;False
134.703000;125.031000;16332.0;16301.000000;35.761589;True;14500.0;True;14500.0;True;16373.0;True;14500.0;True;14500.0;True;False
134.813000;125.141000;16373.0;16301.000000;22.065313;True;14500.0;True;14500.0;True;16220.0;True;14500.0;True;14500.0;True;False
134.922000;125.250000;16352.0;16312.000000;26.919682;True;14500.0;True;14500.0;True;16352.0;True;14500.0;True;14500.0;True;False
135.031000;125.359000;16362.0;16332.000000;31.346578;True;14500.0;True;14500.0;True;16241.0;True;14500.0;True;14500.0;True;False
135.156000;125.484000;16241.0;16332.000000;31.346578;True;14500.0;True;14500.0;True;16352.0;True;14500.0;True;14500.0;True;False
135.266000;125.594000;16241.0;16332.000000;31.767338;True;14500.0;True;14500.0;True;16342.0;True;14500.0;True;14500.0;True;False
135.375000;125.703000;16342.0;16332.000000;31.996395;True;14500.0;True;14500.0;True;16373.0;True;14500.0;True;14500.0;True;False
135.484000;125.812000;16373.0;16342.000000;36.768044;True;14500.0;True;14500.0;True;16322.0;True;14500.0;True;14500.0;True;False
135.609000;125.937000;16322.0;16342.000000;36.768044;True;14000.0;True;14500.0;True;16393.0;True;14500.0;True;14500.0;True;False
135.719000;126.047000;16393.0;16352.000000;37.020110;True;14000.0;True;14500.0;True;16403.0;True;14350.0;True;14350.0;True;False
135.828000;126.156000;16322.0;16342.000000;32.464563;True;14000.0;True;14350.0;True;16393.0;True;14200.0;True;14200.0;True;False
135.953000;126.281000;16393.0;16342.000000;32.228779;True;14000.0;True;14200.0;True;16352.0;True;14050.0;True;14050.0;True;False
136.063000;126.391000;16352.0;16342.000000;32.449726;True;14000.0;True;14050.0;True;16393.0;True;14000.0;True;14000.0;True;False
136.172000;126.500000;16393.0;16352.000000;32.449726;True;14500.0;True;14000.0;True;16485.0;True;14150.0;True;14150.0;True;False
136.281000;126.609000;16485.0;16373.000000;46.639232;True;14500.0;True;14150.0;True;16423.0;True;14300.0;True;14150.0;True;False
136.391000;126.719000;16465.0;16393.000000;55.758684;True;14500.0;True;14300.0;True;16465.0;True;14450.0;True;14300.0;True;False
136.500000;126.828000;16465.0;16393.000000;56.169429;True;14500.0;True;14300.0;True;16485.0;True;14450.0;True;14450.0;True;False
136.625000;126.953000;16536.0;16393.000000;51.948052;True;14500.0;True;14500.0;True;16383.0;True;14500.0;True;14500.0;True;False
136.750000;127.078000;16383.0;16393.000000;51.211706;True;14500.0;True;14500.0;True;16455.0;True;14500.0;True;14500.0;True;False
136.859000;127.187000;16383.0;16393.000000;42.671614;True;14500.0;True;14500.0;True;16556.0;True;14500.0;True;14500.0;True;False
136.984000;127.312000;16556.0;16465.000000;75.541225;True;14500.0;True;14500.0;True;16658.0;True;14500.0;True;14500.0;True;False
137.109000;127.437000;16658.0;16465.000000;69.958848;True;14000.0;True;14500.0;True;16485.0;True;14500.0;True;14500.0;True;False
137.234000;127.562000;16485.0;16485.000000;69.450749;True;14000.0;True;14500.0;True;16566.0;True;14350.0;True;14350.0;True;False
137.375000;127.703000;16566.0;16485.000000;68.949977;True;14000.0;True;14200.0;True;16678.0;True;14200.0;True;14200.0;True;False
137.500000;127.828000;16678.0;16536.000000;91.316025;True;14000.0;True;14200.0;True;16526.0;True;14050.0;True;14050.0;True;False
137.625000;127.953000;16526.0;16536.000000;90.666667;True;14000.0;True;14050.0;True;16597.0;True;14000.0;True;14000.0;True;False
137.750000;128.078000;16597.0;16556.000000;94.439541;True;14000.0;True;14000.0;True;16475.0;True;14000.0;True;14000.0;True;False
137.875000;128.203000;16475.0;16556.000000;94.439541;True;14000.0;True;14000.0;True;16577.0;True;14000.0;True;14000.0;True;False
138.000000;128.328000;16577.0;16566.000000;93.818501;True;14000.0;True;14000.0;True;16566.0;True;14000.0;True;14000.0;True;False
138.125000;128.453000;16566.0;16566.000000;97.518502;True;14000.0;True;14000.0;True;16577.0;True;14000.0;True;14000.0;True;False
138.266000;128.594000;16668.0;16566.000000;96.843926;True;14000.0;True;14000.0;True;16577.0;True;14000.0;True;14000.0;True;False
138.391000;128.719000;16577.0;16577.000000;100.945017;True;14000.0;True;14000.0;True;16678.0;True;14000.0;True;14000.0;True;False
138.516000;128.844000;16678.0;16577.000000;95.989761;True;14000.0;True;14000.0;True;16536.0;True;14000.0;True;14000.0;True;False
138.641000;128.969000;16536.0;16577.000000;86.440678;True;14000.0;True;14000.0;True;16546.0;True;14000.0;True;14000.0;True;False
138.766000;129.094000;16546.0;16577.000000;77.473684;True;14000.0;True;14000.0;True;16627.0;True;14000.0;True;14000.0;True;False
138.891000;129.219000;16627.0;16577.000000;76.955249;True;14000.0;True;14000.0;True;16627.0;True;14000.0;True;14000.0;True;False
139.031000;129.359000;16627.0;16577.000000;76.475478;True;14000.0;True;14000.0;True;16536.0;True;14000.0;True;14000.0;True;False
139.156000;129.484000;16648.0;16627.000000;97.256858;True;14000.0;True;14000.0;True;16627.0;True;14000.0;True;14000.0;True;False
139.281000;129.609000;16627.0;16627.000000;96.614368;True;14000.0;True;14000.0;True;16668.0;True;14000.0;True;14000.0;True;False
139.406000;129.734000;16668.0;16627.000000;66.886870;True;14000.0;True;14000.0;True;16587.0;True;14000.0;True;14000.0;True;False
139.531000;129.859000;16587.0;16627.000000;66.886870;True;14000.0;True;14000.0;True;16688.0;True;14000.0;True;14000.0;True;False
139.656000;129.984000;16688.0;16627.000000;58.629232;True;14000.0;True;14000.0;True;16617.0;True;14000.0;True;14000.0;True;False
139.797000;130.125000;16617.0;16627.000000;58.629232;True;14000.0;True;14000.0;True;16577.0;True;14000.0;True;14000.0;True;False
139.922000;130.250000;16577.0;16627.000000;37.572254;True;14000.0;True;14000.0;True;16720.0;True;14000.0;True;14000.0;True;False
140.047000;130.375000;16720.0;16627.000000;37.572254;True;14000.0;True;14000.0;True;16546.0;True;14000.0;True;14000.0;True;False
140.156000;130.484000;16546.0;16627.000000;29.509559;True;14000.0;True;14000.0;True;16556.0;True;14000.0;True;14000.0;True;False
140.266000;130.594000;16556.0;16617.000000;25.512338;True;14000.0;True;14000.0;True;16740.0;True;14000.0;True;14000.0;True;False
140.406000;130.734000;16566.0;16587.000000;8.728180;True;14000.0;True;14000.0;True;16566.0;True;14000.0;True;14000.0;True;False
140.516000;130.844000;16556.0;16577.000000;4.600586;True;14000.0;True;14000.0;True;16556.0;True;14000.0;True;14000.0;True;False
140.609000;130.937000;16760.0;16577.000000;4.694836;True;14000.0;True;14000.0;True;16760.0;True;14000.0;True;14000.0;True;False
140.734000;131.062000;16760.0;16577.000000;0.000000;True;14000.0;True;14000.0;True;16566.0;True;14000.0;True;14000.0;True;False
140.859000;131.187000;16678.0;16577.000000;0.000000;True;14000.0;True;14000.0;True;16597.0;True;14000.0;True;14000.0;True;False
140.984000;131.312000;16597.0;16597.000000;8.536065;True;14000.0;True;14000.0;True;16698.0;True;14000.0;True;14000.0;True;False
141.109000;131.437000;16698.0;16597.000000;8.536065;True;14000.0;True;14000.0;True;16566.0;True;14000.0;True;14000.0;True;False
141.234000;131.562000;16566.0;16597.000000;8.536065;True;14000.0;True;14000.0;True;16648.0;True;14000.0;True;14000.0;True;False
141.359000;131.687000;16648.0;16648.000000;30.498282;True;14000.0;True;14000.0;True;16617.0;True;14000.0;True;14000.0;True;False
141.484000;131.812000;16617.0;16648.000000;9.020619;True;14000.0;True;14000.0;True;16556.0;True;14000.0;True;14000.0;True;False
141.609000;131.937000;16556.0;16648.000000;9.020619;True;13800.0;True;14000.0;True;16637.0;True;14000.0;True;14000.0;True;False
141.734000;132.062000;16637.0;16637.000000;4.295533;True;13800.0;True;14000.0;True;16556.0;True;13850.0;True;13850.0;True;False
141.875000;132.203000;16556.0;16617.000000;0.000000;True;13800.0;True;13850.0;True;16607.0;True;13800.0;True;13800.0;True;False
142.000000;132.328000;16607.0;16607.000000;0.000000;True;13800.0;True;13800.0;True;16627.0;True;13800.0;True;13800.0;True;False
142.125000;132.453000;16627.0;16617.000000;0.000000;True;14000.0;True;13800.0;True;16566.0;True;13800.0;True;13800.0;True;False
142.250000;132.578000;16617.0;16617.000000;0.000000;True;14000.0;True;13800.0;True;16648.0;True;13950.0;True;13950.0;True;False
142.375000;132.703000;16648.0;16617.000000;0.000000;True;14000.0;True;13950.0;True;16658.0;True;14000.0;True;14000.0;True;False
142.516000;132.844000;16658.0;16617.000000;0.000000;True;14000.0;True;14000.0;True;16577.0;True;14000.0;True;14000.0;True;False
142.625000;132.953000;16577.0;16617.000000;0.000000;True;14000.0;True;14000.0;True;16617.0;True;14000.0;True;14000.0;True;False
142.734000;133.062000;16617.0;16617.000000;12.886598;True;14000.0;True;14000.0;True;16577.0;True;14000.0;True;14000.0;True;False
142.875000;133.203000;16577.0;16617.000000;16.956337;True;14000.0;True;14000.0;True;16587.0;True;14000.0;True;14000.0;True;False
142.984000;133.312000;16587.0;16617.000000;16.842105;True;14000.0;True;14000.0;True;16648.0;True;14000.0;True;14000.0;True;False
143.109000;133.437000;16648.0;16617.000000;16.842105;True;14000.0;True;14000.0;True;16637.0;True;14000.0;True;14000.0;True;False
143.234000;133.562000;16637.0;16617.000000;16.842105;True;14000.0;True;14000.0;True;16597.0;True;14000.0;True;14000.0;True;False
143.359000;133.687000;16597.0;16617.000000;8.421053;True;14000.0;True;14000.0;True;16597.0;True;14000.0;True;14000.0;True;False
143.500000;133.828000;16597.0;16597.000000;0.000000;True;14000.0;True;14000.0;True;16587.0;True;14000.0;True;14000.0;True;False
143.609000;133.937000;16587.0;16597.000000;0.000000;True;14000.0;True;14000.0;True;16587.0;True;14000.0;True;14000.0;True;False
143.734000;134.062000;16587.0;16597.000000;0.000000;True;14000.0;True;14000.0;True;16617.0;True;14000.0;True;14000.0;True;False
143.859000;134.187000;16617.0;16597.000000;0.000000;True;14000.0;True;14000.0;True;16587.0;True;14000.0;True;14000.0;True;False
143.984000;134.312000;16587.0;16597.000000;0.000000;True;14000.0;True;14000.0;True;16617.0;True;14000.0;True;14000.0;True;False
144.109000;134.437000;16617.0;16597.000000;0.000000;True;14000.0;True;14000.0;True;16607.0;True;14000.0;True;14000.0;True;False
144.250000;134.578000;16607.0;16597.000000;0.000000;True;14000.0;True;14000.0;True;16597.0;True;14000.0;True;14000.0;True;False
144.375000;134.703000;16597.0;16597.000000;0.000000;True;14000.0;True;14000.0;True;16597.0;True;14000.0;True;14000.0;True;False
144.500000;134.828000;16597.0;16597.000000;0.000000;True;14000.0;True;14000.0;True;16577.0;True;14000.0;True;14000.0;True;False
144.609000;134.937000;16577.0;16597.000000;0.000000;True;14000.0;True;14000.0;True;16556.0;True;14000.0;True;14000.0;True;False
144.734000;135.062000;16607.0;16597.000000;0.000000;True;14000.0;True;14000.0;True;16607.0;True;14000.0;True;14000.0;True;False
144.844000;135.172000;16607.0;16607.000000;0.000000;True;14000.0;True;14000.0;True;16566.0;True;14000.0;True;14000.0;True;False
144.953000;135.281000;16566.0;16597.000000;0.000000;True;14000.0;True;14000.0;True;16536.0;True;14000.0;True;14000.0;True;False
145.063000;135.391000;16566.0;16597.000000;0.000000;True;14000.0;True;14000.0;True;16587.0;True;14000.0;True;14000.0;True;False
145.172000;135.500000;16587.0;16597.000000;0.000000;True;14000.0;True;14000.0;True;16566.0;True;14000.0;True;14000.0;True;False
145.313000;135.641000;16566.0;16587.000000;0.000000;True;14000.0;True;14000.0;True;16566.0;True;14000.0;True;14000.0;True;False
145.438000;135.766000;16566.0;16577.000000;0.000000;True;14000.0;True;14000.0;True;16627.0;True;14000.0;True;14000.0;True;False
145.563000;135.891000;16627.0;16577.000000;0.000000;True;14000.0;True;14000.0;True;16546.0;True;14000.0;True;14000.0;True;False
145.672000;136.000000;16546.0;16566.000000;0.000000;True;14000.0;True;14000.0;True;16505.0;True;14000.0;True;14000.0;True;False
145.781000;136.109000;16505.0;16566.000000;0.000000;True;14000.0;True;14000.0;True;16617.0;True;14000.0;True;14000.0;True;False
145.891000;136.219000;16536.0;16566.000000;0.000000;True;14000.0;True;14000.0;True;16536.0;True;14000.0;True;14000.0;True;False
146.016000;136.344000;16536.0;16566.000000;0.000000;True;14000.0;True;14000.0;True;16546.0;True;14000.0;True;14000.0;True;False
146.141000;136.469000;16546.0;16546.000000;0.000000;True;14000.0;True;14000.0;True;16617.0;True;14000.0;True;14000.0;True;False
146.266000;136.594000;16617.0;16546.000000;0.000000;True;14000.0;True;14000.0;True;16566.0;True;14000.0;True;14000.0;True;False
146.391000;136.719000;16566.0;16546.000000;0.000000;True;14000.0;True;14000.0;True;16505.0;True;14000.0;True;14000.0;True;False
146.516000;136.844000;16505.0;16546.000000;0.000000;True;14000.0;True;14000.0;True;16648.0;True;14000.0;True;14000.0;True;False
146.641000;136.969000;16566.0;16546.000000;0.000000;True;14500.0;True;14000.0;True;16587.0;True;14000.0;True;14000.0;True;False
146.766000;137.094000;16587.0;16546.000000;0.000000;True;14500.0;True;14000.0;True;16526.0;True;14150.0;True;14150.0;True;False
146.891000;137.219000;16526.0;16546.000000;0.000000;True;14500.0;True;14150.0;True;16597.0;True;14300.0;True;14150.0;True;False
147.016000;137.344000;16485.0;16546.000000;0.000000;True;14500.0;True;14300.0;True;16485.0;True;14450.0;True;14300.0;True;False
147.125000;137.453000;16536.0;16546.000000;0.000000;True;14500.0;True;14450.0;True;16536.0;True;14500.0;True;14500.0;True;False
147.234000;137.562000;16627.0;16566.000000;0.000000;True;14500.0;True;14500.0;True;16556.0;True;14500.0;True;14500.0;True;False
147.344000;137.672000;16627.0;16566.000000;0.000000;True;14500.0;True;14500.0;True;16465.0;True;14500.0;True;14500.0;True;False
147.469000;137.797000;16556.0;16556.000000;0.000000;True;14500.0;True;14500.0;True;16536.0;True;14500.0;True;14500.0;True;False
147.594000;137.922000;16536.0;16556.000000;0.000000;True;14500.0;True;14500.0;True;16607.0;True;14500.0;True;14500.0;True;False
147.734000;138.062000;16516.0;16536.000000;0.000000;True;14500.0;True;14500.0;True;16516.0;True;14500.0;True;14500.0;True;False
147.859000;138.187000;16516.0;16536.000000;0.000000;True;14500.0;True;14500.0;True;16526.0;True;14500.0;True;14500.0;True;False
147.969000;138.297000;16526.0;16536.000000;0.000000;True;14500.0;True;14500.0;True;16566.0;True;14500.0;True;14500.0;True;False
148.094000;138.422000;16566.0;16536.000000;0.000000;True;14500.0;True;14500.0;True;16465.0;True;14500.0;True;14500.0;True;False
148.219000;138.547000;16465.0;16536.000000;0.000000;True;14500.0;True;14500.0;True;16526.0;True;14500.0;True;14500.0;True;False
148.344000;138.672000;16526.0;16526.000000;0.000000;True;14500.0;True;14500.0;True;16505.0;True;14500.0;True;14500.0;True;False
148.469000;138.797000;16505.0;16526.000000;0.000000;True;14500.0;True;14500.0;True;16546.0;True;14500.0;True;14500.0;True;False
148.609000;138.937000;16546.0;16526.000000;0.000000;True;14500.0;True;14500.0;True;16587.0;True;14500.0;True;14500.0;True;False
148.734000;139.062000;16587.0;16526.000000;0.000000;True;14500.0;True;14500.0;True;16495.0;True;14500.0;True;14500.0;True;False
148.859000;139.187000;16495.0;16526.000000;0.000000;True;14500.0;True;14500.0;True;16556.0;True;14500.0;True;14500.0;True;False
148.984000;139.312000;16556.0;16526.000000;0.000000;True;14500.0;True;14500.0;True;16658.0;True;14500.0;True;14500.0;True;False
149.125000;139.453000;16658.0;16546.000000;0.000000;True;14500.0;True;14500.0;True;16485.0;True;14500.0;True;14500.0;True;False
149.250000;139.578000;16485.0;16526.000000;0.000000;True;14500.0;True;14500.0;True;16597.0;True;14500.0;True;14500.0;True;False
149.375000;139.703000;16597.0;16546.000000;0.000000;True;14500.0;True;14500.0;True;16648.0;True;14500.0;True;14500.0;True;False
149.500000;139.828000;16648.0;16556.000000;4.210526;True;14500.0;True;14500.0;True;16505.0;True;14500.0;True;14500.0;True;False
149.625000;139.953000;16505.0;16556.000000;0.000000;True;14500.0;True;14500.0;True;16658.0;True;14500.0;True;14500.0;True;False
149.734000;140.062000;16577.0;16577.000000;4.602510;True;14500.0;True;14500.0;True;16495.0;True;14500.0;True;14500.0;True;False
149.875000;140.203000;16495.0;16556.000000;0.000000;True;14500.0;True;14500.0;True;16607.0;True;14500.0;True;14500.0;True;False
150.000000;140.328000;16607.0;16577.000000;8.728180;True;14500.0;True;14500.0;True;16587.0;True;14500.0;True;14500.0;True;False
150.125000;140.453000;16587.0;16587.000000;21.329987;True;14500.0;True;14500.0;True;16658.0;True;14500.0;True;14500.0;True;False
150.250000;140.578000;16658.0;16587.000000;21.329987;True;14500.0;True;14500.0;True;16617.0;True;14500.0;True;14500.0;True;False
150.375000;140.703000;16617.0;16597.000000;25.353283;True;14500.0;True;14500.0;True;16678.0;True;14500.0;True;14500.0;True;False
150.516000;140.844000;16678.0;16607.000000;29.314616;True;14500.0;True;14500.0;True;16526.0;True;14500.0;True;14500.0;True;False
150.641000;140.969000;16526.0;16587.000000;21.056978;True;14500.0;True;14500.0;True;16678.0;True;14500.0;True;14500.0;True;False
150.750000;141.078000;16678.0;16607.000000;33.665835;True;14500.0;True;14500.0;True;16668.0;True;14500.0;True;14500.0;True;False
150.875000;141.203000;16668.0;16617.000000;37.822111;True;14500.0;True;14500.0;True;16627.0;True;14500.0;True;14500.0;True;False
150.984000;141.312000;16627.0;16627.000000;42.526316;True;14500.0;True;14500.0;True;16637.0;True;14500.0;True;14500.0;True;False
151.094000;141.422000;16708.0;16658.000000;55.932203;True;14500.0;True;14500.0;True;16708.0;True;14500.0;True;14500.0;True;False
151.219000;141.547000;16607.0;16658.000000;55.932203;True;14500.0;True;14500.0;True;16607.0;True;14500.0;True;14500.0;True;False
151.328000;141.656000;16720.0;16668.000000;60.580205;True;14500.0;True;14500.0;True;16720.0;True;14500.0;True;14500.0;True;False
151.438000;141.766000;16720.0;16678.000000;57.068742;True;14500.0;True;14500.0;True;16698.0;True;14500.0;True;14500.0;True;False
151.563000;141.891000;16698.0;16678.000000;65.715521;True;14500.0;True;14500.0;True;16688.0;True;14500.0;True;14500.0;True;False
151.688000;142.016000;16688.0;16688.000000;61.392131;True;14500.0;True;14500.0;True;16698.0;True;14500.0;True;14500.0;True;False
151.813000;142.141000;16698.0;16698.000000;61.392131;True;14500.0;True;14500.0;True;16730.0;True;14500.0;True;14500.0;True;False
151.938000;142.266000;16730.0;16698.000000;61.392131;True;14500.0;True;14500.0;True;16730.0;True;14500.0;True;14500.0;True;False
152.063000;142.391000;16730.0;16708.000000;56.247316;True;14500.0;True;14500.0;True;16730.0;True;14500.0;True;14500.0;True;False
152.188000;142.516000;16730.0;16720.000000;70.903588;True;14500.0;True;14500.0;True;16688.0;True;14500.0;True;14500.0;True;False
152.297000;142.625000;16668.0;16720.000000;62.255115;True;14500.0;True;14500.0;True;16668.0;True;14500.0;True;14500.0;True;False
152.406000;142.734000;16760.0;16720.000000;58.307760;True;14500.0;True;14500.0;True;16760.0;True;14500.0;True;14500.0;True;False
152.531000;142.859000;16760.0;16730.000000;62.691802;True;14500.0;True;14500.0;True;16617.0;True;14500.0;True;14500.0;True;False
152.656000;142.984000;16708.0;16730.000000;58.307760;True;14500.0;True;14500.0;True;16637.0;True;14500.0;True;14500.0;True;False
152.781000;143.109000;16637.0;16730.000000;54.304636;True;14500.0;True;14500.0;True;16750.0;True;14500.0;True;14500.0;True;False
152.906000;143.234000;16750.0;16730.000000;63.134658;True;14500.0;True;14500.0;True;16668.0;True;14500.0;True;14500.0;True;False
153.031000;143.359000;16668.0;16730.000000;53.923718;True;14500.0;True;14500.0;True;16760.0;True;14500.0;True;14500.0;True;False
153.156000;143.484000;16760.0;16730.000000;49.539676;True;14500.0;True;14500.0;True;16750.0;True;14500.0;True;14500.0;True;False
153.297000;143.625000;16750.0;16750.000000;53.177691;True;14500.0;True;14500.0;True;16648.0;True;14500.0;True;14500.0;True;False
153.406000;143.734000;16648.0;16750.000000;39.792388;True;14500.0;True;14500.0;True;16637.0;True;14500.0;True;14500.0;True;False
153.531000;143.859000;16637.0;16708.000000;21.626298;True;14500.0;True;14500.0;True;16780.0;True;14500.0;True;14500.0;True;False
153.656000;143.984000;16780.0;16708.000000;17.182131;True;14500.0;True;14500.0;True;16688.0;True;14500.0;True;14500.0;True;False
153.797000;144.125000;16688.0;16688.000000;4.239084;True;14500.0;True;14500.0;True;16791.0;True;14500.0;True;14500.0;True;False
153.922000;144.250000;16791.0;16750.000000;30.521407;True;14500.0;True;14500.0;True;16780.0;True;14500.0;True;14500.0;True;False
154.047000;144.375000;16780.0;16750.000000;26.282323;True;14500.0;True;14500.0;True;16658.0;True;14500.0;True;14500.0;True;False
154.172000;144.500000;16658.0;16750.000000;22.043239;True;14000.0;True;14500.0;True;16791.0;True;14500.0;True;14500.0;True;False
154.297000;144.625000;16791.0;16750.000000;22.043239;True;14000.0;True;14500.0;True;16821.0;True;14350.0;True;14350.0;True;False
154.438000;144.766000;16821.0;16780.000000;30.315789;True;14000.0;True;14350.0;True;16811.0;True;14200.0;True;14200.0;True;False
154.563000;144.891000;16811.0;16780.000000;25.263158;True;14000.0;True;14200.0;True;16801.0;True;14050.0;True;14050.0;True;False
154.672000;145.000000;16801.0;16791.000000;29.894737;True;14000.0;True;14050.0;True;16841.0;True;14000.0;True;14000.0;True;False
154.797000;145.125000;16841.0;16791.000000;29.694688;True;14000.0;True;14000.0;True;16720.0;True;14000.0;True;14000.0;True;False
154.922000;145.250000;16720.0;16791.000000;25.512338;True;14000.0;True;14000.0;True;16852.0;True;14000.0;True;14000.0;True;False
155.047000;145.375000;16852.0;16801.000000;29.694688;True;14000.0;True;14000.0;True;16708.0;True;14000.0;True;14000.0;True;False
155.156000;145.484000;16708.0;16801.000000;29.894737;True;14000.0;True;14000.0;True;16821.0;True;14000.0;True;14000.0;True;False
155.266000;145.594000;16821.0;16811.000000;34.322034;True;14000.0;True;14000.0;True;16923.0;True;14000.0;True;14000.0;True;False
155.375000;145.703000;16821.0;16821.000000;38.822526;True;14000.0;True;14000.0;True;16852.0;True;14000.0;True;14000.0;True;False
155.500000;145.828000;16852.0;16821.000000;38.822526;True;14000.0;True;14000.0;True;16760.0;True;14000.0;True;14000.0;True;False
155.625000;145.953000;16760.0;16821.000000;30.498282;True;14000.0;True;14000.0;True;16862.0;True;14000.0;True;14000.0;True;False
155.766000;146.094000;16862.0;16821.000000;30.084746;True;14000.0;True;14000.0;True;16750.0;True;14000.0;True;14000.0;True;False
155.891000;146.219000;16750.0;16821.000000;47.881356;True;14000.0;True;14000.0;True;16821.0;True;14000.0;True;14000.0;True;False
156.016000;146.344000;16821.0;16821.000000;47.881356;True;14000.0;True;14000.0;True;16933.0;True;14000.0;True;14000.0;True;False
156.141000;146.469000;16933.0;16821.000000;56.740614;True;14000.0;True;14000.0;True;16770.0;True;14000.0;True;14000.0;True;False
156.266000;146.594000;16770.0;16821.000000;30.290102;True;14000.0;True;14000.0;True;16882.0;True;14000.0;True;14000.0;True;False
156.391000;146.719000;16882.0;16821.000000;30.290102;True;14000.0;True;14000.0;True;16862.0;True;14000.0;True;14000.0;True;False
156.500000;146.828000;16862.0;16852.000000;43.814433;True;14000.0;True;14000.0;True;16852.0;True;14000.0;True;14000.0;True;False
156.609000;146.937000;16831.0;16831.000000;35.034602;True;14000.0;True;14000.0;True;16831.0;True;14000.0;True;14000.0;True;False
156.719000;147.047000;16923.0;16862.000000;35.949145;True;14000.0;True;14000.0;True;16923.0;True;14000.0;True;14000.0;True;False
156.828000;147.156000;16923.0;16862.000000;36.203091;True;14000.0;True;14000.0;True;16983.0;True;14000.0;True;14000.0;True;False
156.953000;147.281000;16882.0;16882.000000;39.894783;True;14000.0;True;14000.0;True;16862.0;True;14000.0;True;14000.0;True;False
157.063000;147.391000;16862.0;16882.000000;40.158870;True;14000.0;True;14000.0;True;16882.0;True;14000.0;True;14000.0;True;False
157.203000;147.531000;16841.0;16862.000000;31.126699;True;13800.0;True;13850.0;True;16841.0;True;13800.0;True;13850.0;True;False
157.313000;147.641000;16841.0;16862.000000;26.919682;True;13800.0;True;13850.0;True;16963.0;True;13800.0;True;13800.0;True;False
157.422000;147.750000;16963.0;16862.000000;26.919682;True;13800.0;True;13800.0;True;16912.0;True;13800.0;True;13800.0;True;False
157.547000;147.875000;16882.0;16882.000000;31.126699;True;13800.0;True;13800.0;True;16995.0;True;13800.0;True;13800.0;True;False
157.688000;148.016000;16995.0;16882.000000;26.372676;True;13800.0;True;13800.0;True;16811.0;True;13800.0;True;13800.0;True;False
157.813000;148.141000;16811.0;16882.000000;26.372676;True;13800.0;True;13800.0;True;16943.0;True;13800.0;True;13800.0;True;False
157.953000;148.281000;16943.0;16882.000000;26.202749;True;13800.0;True;13800.0;True;16953.0;True;13800.0;True;13800.0;True;False
158.078000;148.406000;16953.0;16882.000000;26.384083;True;13800.0;True;13800.0;True;16892.0;True;13800.0;True;13800.0;True;False
158.203000;148.531000;16892.0;16892.000000;30.709343;True;13800.0;True;13800.0;True;16791.0;True;13800.0;True;13800.0;True;False
158.328000;148.656000;16791.0;16892.000000;30.709343;True;13800.0;True;13800.0;True;16821.0;True;13800.0;True;13800.0;True;False
158.453000;148.781000;16821.0;16892.000000;30.709343;True;13800.0;True;13800.0;True;16933.0;True;13800.0;True;13800.0;True;False
158.578000;148.906000;16933.0;16892.000000;30.709343;True;13800.0;True;13800.0;True;16811.0;True;13800.0;True;13800.0;True;False
158.703000;149.031000;16811.0;16892.000000;30.709343;True;13800.0;True;13800.0;True;16983.0;True;13800.0;True;13800.0;True;False
158.813000;149.141000;16983.0;16892.000000;17.293558;True;13800.0;True;13800.0;True;16801.0;True;13800.0;True;13800.0;True;False
158.953000;149.281000;16801.0;16892.000000;26.023891;True;13800.0;True;13800.0;True;17005.0;True;13800.0;True;13800.0;True;False
159.078000;149.406000;17005.0;16892.000000;12.717253;True;13800.0;True;13800.0;True;16973.0;True;13800.0;True;13800.0;True;False
159.188000;149.516000;16973.0;16892.000000;12.711864;True;13800.0;True;13800.0;True;16791.0;True;13800.0;True;13800.0;True;False
159.313000;149.641000;16791.0;16821.000000;0.000000;True;13800.0;True;13800.0;True;16831.0;True;13800.0;True;13800.0;True;False
159.438000;149.766000;16983.0;16933.000000;21.473684;True;13800.0;True;13800.0;True;16801.0;True;13800.0;True;13800.0;True;False
159.563000;149.891000;16801.0;16933.000000;30.084746;True;13800.0;True;13800.0;True;16801.0;True;13800.0;True;13800.0;True;False
159.688000;150.016000;16801.0;16811.000000;0.000000;True;13500.0;True;13800.0;True;17005.0;True;13650.0;True;13650.0;True;False
159.828000;150.156000;17005.0;16973.000000;46.134663;True;13500.0;True;13650.0;True;16760.0;True;13500.0;True;13500.0;True;False
159.953000;150.281000;16943.0;16943.000000;25.353283;True;13500.0;True;13500.0;True;16821.0;True;13500.0;True;13500.0;True;False
160.078000;150.406000;16821.0;16943.000000;25.523013;True;13500.0;True;13500.0;True;16995.0;True;13500.0;True;13500.0;True;False
160.203000;150.531000;16995.0;16943.000000;25.523013;True;13500.0;True;13500.0;True;16801.0;True;13500.0;True;13500.0;True;False
160.344000;150.672000;16801.0;16821.000000;0.000000;True;13500.0;True;13500.0;True;16892.0;True;13500.0;True;13500.0;True;False
160.469000;150.797000;16892.0;16892.000000;4.182350;True;13500.0;True;13500.0;True;16882.0;True;13500.0;True;13500.0;True;False
160.594000;150.922000;16882.0;16882.000000;0.000000;True;13500.0;True;13500.0;True;16780.0;True;13500.0;True;13500.0;True;False
160.719000;151.047000;16780.0;16882.000000;0.000000;True;13500.0;True;13500.0;True;16831.0;True;13500.0;True;13500.0;True;False
160.828000;151.156000;16831.0;16882.000000;0.000000;True;13500.0;True;13500.0;True;16791.0;True;13500.0;True;13500.0;True;False
160.953000;151.281000;16791.0;16831.000000;0.000000;True;13500.0;True;13500.0;True;16791.0;True;13500.0;True;13500.0;True;False
161.063000;151.391000;16791.0;16821.000000;0.000000;True;13500.0;True;13500.0;True;16862.0;True;13500.0;True;13500.0;True;False
161.172000;151.500000;16841.0;16831.000000;0.000000;True;13500.0;True;13500.0;True;16841.0;True;13500.0;True;13500.0;True;False
161.297000;151.625000;16791.0;16801.000000;0.000000;True;13500.0;True;13500.0;True;16791.0;True;13500.0;True;13500.0;True;False
161.406000;151.734000;16791.0;16791.000000;0.000000;True;13500.0;True;13500.0;True;16770.0;True;13500.0;True;13500.0;True;False
161.516000;151.844000;16770.0;16791.000000;0.000000;True;13500.0;True;13500.0;True;16801.0;True;13500.0;True;13500.0;True;False
161.641000;151.969000;16852.0;16791.000000;0.000000;True;13500.0;True;13500.0;True;16791.0;True;13500.0;True;13500.0;True;False
161.766000;152.094000;16791.0;16791.000000;0.000000;True;13500.0;True;13500.0;True;16770.0;True;13500.0;True;13500.0;True;False
161.891000;152.219000;16770.0;16791.000000;0.000000;True;13500.0;True;13500.0;True;16791.0;True;13500.0;True;13500.0;True;False
162.031000;152.359000;16791.0;16791.000000;0.000000;True;13500.0;True;13500.0;True;16780.0;True;13500.0;True;13500.0;True;False
162.156000;152.484000;16780.0;16791.000000;0.000000;True;14000.0;True;13500.0;True;16780.0;True;13500.0;True;13500.0;True;False
162.281000;152.609000;16780.0;16791.000000;0.000000;True;14000.0;True;13500.0;True;16801.0;True;13650.0;True;13650.0;True;False
162.406000;152.734000;16801.0;16791.000000;0.000000;True;14000.0;True;13650.0;True;16770.0;True;13800.0;True;13800.0;True;False
162.531000;152.859000;16770.0;16780.000000;0.000000;True;14000.0;True;13800.0;True;16770.0;True;13950.0;True;13950.0;True;False
162.672000;153.000000;16770.0;16780.000000;0.000000;True;14000.0;True;13950.0;True;16760.0;True;14000.0;True;14000.0;True;False
162.797000;153.125000;16760.0;16780.000000;0.000000;True;14000.0;True;14000.0;True;16730.0;True;14000.0;True;14000.0;True;False
162.922000;153.250000;16730.0;16770.000000;0.000000;True;14000.0;True;14000.0;True;16720.0;True;14000.0;True;14000.0;True;False
163.047000;153.375000;16720.0;16770.000000;0.000000;True;14000.0;True;14000.0;True;16730.0;True;14000.0;True;14000.0;True;False
163.172000;153.500000;16730.0;16770.000000;0.000000;True;14000.0;True;14000.0;True;16668.0;True;14000.0;True;14000.0;True;False
163.313000;153.641000;16668.0;16760.000000;0.000000;True;14000.0;True;14000.0;True;16698.0;True;14000.0;True;14000.0;True;False
163.438000;153.766000;16698.0;16730.000000;0.000000;True;14000.0;True;14000.0;True;16730.0;True;14000.0;True;14000.0;True;False
163.547000;153.875000;16730.0;16730.000000;0.000000;True;14000.0;True;14000.0;True;16708.0;True;14000.0;True;14000.0;True;False
163.656000;153.984000;16708.0;16730.000000;0.000000;True;14000.0;True;14000.0;True;16730.0;True;14000.0;True;14000.0;True;False
163.766000;154.094000;16730.0;16730.000000;0.000000;True;14000.0;True;14000.0;True;16708.0;True;14000.0;True;14000.0;True;False
163.875000;154.203000;16708.0;16720.000000;0.000000;True;14000.0;True;14000.0;True;16708.0;True;14000.0;True;14000.0;True;False
163.984000;154.312000;16678.0;16708.000000;0.000000;True;14000.0;True;14000.0;True;16678.0;True;14000.0;True;14000.0;True;False
164.109000;154.437000;16678.0;16708.000000;0.000000;True;14000.0;True;14000.0;True;16668.0;True;14000.0;True;14000.0;True;False
164.234000;154.562000;16668.0;16698.000000;0.000000;True;14000.0;True;14000.0;True;16720.0;True;14000.0;True;14000.0;True;False
164.359000;154.687000;16720.0;16708.000000;0.000000;True;14000.0;True;14000.0;True;16720.0;True;14000.0;True;14000.0;True;False
164.484000;154.812000;16720.0;16708.000000;0.000000;True;14000.0;True;14000.0;True;16708.0;True;14000.0;True;14000.0;True;False
164.609000;154.937000;16708.0;16708.000000;0.000000;True;14000.0;True;14000.0;True;16688.0;True;14000.0;True;14000.0;True;False
164.734000;155.062000;16688.0;16708.000000;0.000000;True;14000.0;True;14000.0;True;16730.0;True;14000.0;True;14000.0;True;False
164.859000;155.187000;16730.0;16708.000000;0.000000;True;14000.0;True;14000.0;True;16740.0;True;14000.0;True;14000.0;True;False
164.984000;155.312000;16740.0;16708.000000;0.000000;True;14000.0;True;14000.0;True;16708.0;True;14000.0;True;14000.0;True;False
165.109000;155.437000;16708.0;16708.000000;0.000000;True;14500.0;True;14000.0;True;16831.0;True;14000.0;True;14000.0;True;False
165.234000;155.562000;16831.0;16720.000000;0.000000;True;14500.0;True;14000.0;True;16730.0;True;14150.0;True;14150.0;True;False
165.359000;155.687000;16730.0;16720.000000;0.000000;True;14500.0;True;14150.0;True;16770.0;True;14300.0;True;14300.0;True;False
165.500000;155.828000;16770.0;16730.000000;0.000000;True;14500.0;True;14300.0;True;16841.0;True;14450.0;True;14450.0;True;False
165.609000;155.937000;16841.0;16730.000000;0.000000;True;14500.0;True;14450.0;True;16760.0;True;14500.0;True;14500.0;True;False
165.734000;156.062000;16760.0;16740.000000;4.355401;True;14500.0;True;14500.0;True;16750.0;True;14500.0;True;14500.0;True;False
165.859000;156.187000;16750.0;16750.000000;8.650519;True;14500.0;True;14500.0;True;16688.0;True;14500.0;True;14500.0;True;False
165.984000;156.312000;16688.0;16750.000000;8.591065;True;14500.0;True;14500.0;True;16801.0;True;14500.0;True;14500.0;True;False
166.109000;156.437000;16801.0;16760.000000;12.804097;True;14500.0;True;14500.0;True;16720.0;True;14500.0;True;14500.0;True;False
166.234000;156.562000;16720.0;16760.000000;16.956337;True;14500.0;True;14500.0;True;16678.0;True;14500.0;True;14500.0;True;False
166.359000;156.687000;16678.0;16750.000000;17.684211;True;14500.0;True;14500.0;True;16760.0;True;14500.0;True;14500.0;True;False
166.500000;156.828000;16760.0;16760.000000;21.748223;True;14500.0;True;14500.0;True;16668.0;True;14500.0;True;14500.0;True;False
166.625000;156.953000;16668.0;16750.000000;21.748223;True;14500.0;True;14500.0;True;16688.0;True;14500.0;True;14500.0;True;False
166.734000;157.062000;16688.0;16720.000000;5.052632;True;14500.0;True;14500.0;True;16730.0;True;14500.0;True;14500.0;True;False
166.859000;157.187000;16730.0;16720.000000;5.052632;True;14500.0;True;14500.0;True;16658.0;True;14500.0;True;14500.0;True;False
166.984000;157.312000;16658.0;16688.000000;0.000000;True;14500.0;True;14500.0;True;16708.0;True;14500.0;True;14500.0;True;False
167.109000;157.437000;16750.0;16720.000000;5.052632;True;14500.0;True;14500.0;True;16750.0;True;14500.0;True;14500.0;True;False
167.250000;157.578000;16740.0;16720.000000;5.018821;True;14500.0;True;14500.0;True;16730.0;True;14500.0;True;14500.0;True;False
167.359000;157.687000;16740.0;16730.000000;9.263158;True;14500.0;True;14500.0;True;16708.0;True;14500.0;True;14500.0;True;False
167.469000;157.797000;16708.0;16730.000000;9.322034;True;14500.0;True;14500.0;True;16770.0;True;14500.0;True;14500.0;True;False
167.594000;157.922000;16770.0;16730.000000;4.237288;True;14500.0;True;14500.0;True;16730.0;True;14500.0;True;14500.0;True;False
167.719000;158.047000;16730.0;16730.000000;4.237288;True;14500.0;True;14500.0;True;16678.0;True;14500.0;True;14500.0;True;False
167.844000;158.172000;16730.0;16730.000000;0.000000;True;14500.0;True;14500.0;True;16740.0;True;14500.0;True;14500.0;True;False
167.984000;158.312000;16740.0;16740.000000;4.210526;True;14500.0;True;14500.0;True;16740.0;True;14500.0;True;14500.0;True;False
168.109000;158.437000;16740.0;16740.000000;0.000000;True;14500.0;True;14500.0;True;16821.0;True;14500.0;True;14500.0;True;False
168.234000;158.562000;16821.0;16740.000000;0.000000;True;14500.0;True;14500.0;True;16750.0;True;14500.0;True;14500.0;True;False
168.359000;158.687000;16750.0;16740.000000;0.000000;True;14500.0;True;14500.0;True;16811.0;True;14500.0;True;14500.0;True;False
168.484000;158.812000;16811.0;16740.000000;0.000000;True;14500.0;True;14500.0;True;16637.0;True;14500.0;True;14500.0;True;False
168.609000;158.937000;16637.0;16740.000000;0.000000;True;14500.0;True;14500.0;True;16648.0;True;14500.0;True;14500.0;True;False
168.719000;159.047000;16730.0;16740.000000;0.000000;True;14500.0;True;14500.0;True;16730.0;True;14500.0;True;14500.0;True;False
168.828000;159.156000;16811.0;16740.000000;0.000000;True;14500.0;True;14500.0;True;16648.0;True;14500.0;True;14500.0;True;False
168.953000;159.281000;16648.0;16740.000000;0.000000;True;14500.0;True;14500.0;True;16750.0;True;14500.0;True;14500.0;True;False
169.063000;159.391000;16750.0;16750.000000;12.881065;True;14500.0;True;14500.0;True;16801.0;True;14500.0;True;14500.0;True;False
169.172000;159.500000;16750.0;16750.000000;12.970169;True;14500.0;True;14500.0;True;16688.0;True;14500.0;True;14500.0;True;False
169.281000;159.609000;16688.0;16750.000000;26.991728;True;14500.0;True;14500.0;True;16658.0;True;14500.0;True;14500.0;True;False
169.406000;159.734000;16658.0;16730.000000;4.353505;True;14500.0;True;14500.0;True;16740.0;True;14500.0;True;14500.0;True;False
169.547000;159.875000;16740.0;16730.000000;4.353505;True;14500.0;True;14500.0;True;16678.0;True;14500.0;True;14500.0;True;False
169.672000;160.000000;16678.0;16730.000000;0.000000;True;14500.0;True;14500.0;True;16791.0;True;14500.0;True;14500.0;True;False
169.797000;160.125000;16791.0;16740.000000;4.295533;True;14500.0;True;14500.0;True;16791.0;True;14500.0;True;14500.0;True;False
169.922000;160.250000;16791.0;16740.000000;4.295533;True;14500.0;True;14500.0;True;16841.0;True;14500.0;True;14500.0;True;False
170.031000;160.359000;16831.0;16750.000000;8.650519;True;14500.0;True;14500.0;True;16791.0;True;14500.0;True;14500.0;True;False
170.156000;160.484000;16791.0;16750.000000;8.650519;True;14500.0;True;14500.0;True;16821.0;True;14500.0;True;14500.0;True;False
170.281000;160.609000;16821.0;16791.000000;22.202873;True;14500.0;True;14500.0;True;16811.0;True;14500.0;True;14500.0;True;False
170.422000;160.750000;16811.0;16791.000000;22.049287;True;14500.0;True;14500.0;True;16831.0;True;14500.0;True;14500.0;True;False
170.547000;160.875000;16831.0;16791.000000;22.049287;True;14500.0;True;14500.0;True;16831.0;True;14500.0;True;14500.0;True;False
170.672000;161.000000;16831.0;16811.000000;30.696066;True;14500.0;True;14500.0;True;16831.0;True;14500.0;True;14500.0;True;False
170.797000;161.125000;16831.0;16821.000000;35.019455;True;14500.0;True;14500.0;True;16831.0;True;14500.0;True;14500.0;True;False
170.922000;161.250000;16831.0;16831.000000;39.342845;True;14500.0;True;14500.0;True;16780.0;True;14500.0;True;14500.0;True;False
171.063000;161.391000;16780.0;16831.000000;38.822526;True;14500.0;True;14500.0;True;16852.0;True;14500.0;True;14500.0;True;False
171.188000;161.516000;16852.0;16831.000000;38.559322;True;14500.0;True;14500.0;True;16841.0;True;14500.0;True;14500.0;True;False
171.313000;161.641000;16841.0;16831.000000;38.559322;True;14500.0;True;14500.0;True;16841.0;True;14500.0;True;14500.0;True;False
171.438000;161.766000;16841.0;16831.000000;34.105263;True;14500.0;True;14500.0;True;16852.0;True;14500.0;True;14500.0;True;False
171.563000;161.891000;16852.0;16831.000000;33.877039;True;14500.0;True;14500.0;True;16862.0;True;14500.0;True;14500.0;True;False
171.703000;162.031000;16862.0;16841.000000;37.572254;True;14500.0;True;14500.0;True;16811.0;True;14500.0;True;14500.0;True;False
171.828000;162.156000;16811.0;16841.000000;45.829893;True;14500.0;True;14500.0;True;16791.0;True;14500.0;True;14500.0;True;False
171.953000;162.281000;16791.0;16841.000000;46.134663;True;14500.0;True;14500.0;True;16862.0;True;14500.0;True;14500.0;True;False
172.078000;162.406000;16862.0;16841.000000;46.134663;True;14500.0;True;14500.0;True;16811.0;True;14500.0;True;14500.0;True;False
172.188000;162.516000;16811.0;16841.000000;42.241740;True;14500.0;True;14500.0;True;16831.0;True;14500.0;True;14500.0;True;False
172.313000;162.641000;16831.0;16841.000000;42.241740;True;14500.0;True;14500.0;True;16852.0;True;14500.0;True;14500.0;True;False
172.438000;162.766000;16852.0;16841.000000;37.806398;True;14500.0;True;14500.0;True;16872.0;True;14500.0;True;14500.0;True;False
172.563000;162.891000;16872.0;16852.000000;42.376402;True;14500.0;True;14500.0;True;16831.0;True;14500.0;True;14500.0;True;False
172.672000;163.000000;16831.0;16831.000000;16.729402;True;14500.0;True;14500.0;True;16862.0;True;14500.0;True;14500.0;True;False
172.797000;163.125000;16862.0;16831.000000;16.842105;True;14500.0;True;14500.0;True;16892.0;True;14500.0;True;14500.0;True;False
172.922000;163.250000;16862.0;16852.000000;25.684211;True;14500.0;True;14500.0;True;16862.0;True;14500.0;True;14500.0;True;False
173.031000;163.359000;16811.0;16852.000000;17.380246;True;14500.0;True;14500.0;True;16882.0;True;14500.0;True;14500.0;True;False
173.156000;163.484000;16882.0;16852.000000;13.141162;True;14500.0;True;14500.0;True;16892.0;True;14500.0;True;14500.0;True;False
173.266000;163.594000;16882.0;16862.000000;13.225256;True;14500.0;True;14500.0;True;16862.0;True;14500.0;True;14500.0;True;False
173.375000;163.703000;16862.0;16862.000000;13.408304;True;14500.0;True;14500.0;True;16892.0;True;14500.0;True;14500.0;True;False
173.500000;163.828000;16892.0;16862.000000;13.408304;True;14500.0;True;14500.0;True;16831.0;True;14500.0;True;14500.0;True;False
173.625000;163.953000;16831.0;16862.000000;13.408304;True;14500.0;True;14500.0;True;16882.0;True;14500.0;True;14500.0;True;False
173.750000;164.078000;16882.0;16862.000000;13.408304;True;14500.0;True;14500.0;True;16902.0;True;14500.0;True;14500.0;True;False
173.859000;164.187000;16902.0;16882.000000;22.212544;True;14500.0;True;14500.0;True;16841.0;True;14500.0;True;14500.0;True;False
173.984000;164.312000;16841.0;16882.000000;17.974573;True;14500.0;True;14500.0;True;16912.0;True;14500.0;True;14500.0;True;False
174.109000;164.437000;16912.0;16882.000000;17.974573;True;14500.0;True;14500.0;True;16912.0;True;14500.0;True;14500.0;True;False
174.219000;164.547000;16912.0;16882.000000;18.093557;True;14500.0;True;14500.0;True;16862.0;True;14500.0;True;14500.0;True;False
174.344000;164.672000;16862.0;16882.000000;18.093557;True;14500.0;True;14500.0;True;16892.0;True;14500.0;True;14500.0;True;False
174.484000;164.812000;16892.0;16892.000000;22.212544;True;14500.0;True;14500.0;True;16923.0;True;14500.0;True;14500.0;True;False
174.609000;164.937000;16923.0;16892.000000;22.212544;True;14500.0;True;14500.0;True;16862.0;True;14500.0;True;14500.0;True;False
174.719000;165.047000;16862.0;16892.000000;22.358615;True;14500.0;True;14500.0;True;16902.0;True;14500.0;True;14500.0;True;False
174.844000;165.172000;16902.0;16902.000000;21.920210;True;14500.0;True;14500.0;True;16943.0;True;14500.0;True;14500.0;True;False
174.969000;165.297000;16943.0;16902.000000;30.909882;True;14500.0;True;14500.0;True;16995.0;True;14500.0;True;14500.0;True;False
175.094000;165.422000;16995.0;16912.000000;35.263387;True;14500.0;True;14500.0;True;16912.0;True;14500.0;True;14500.0;True;False
175.203000;165.531000;16912.0;16912.000000;26.304253;True;14500.0;True;14500.0;True;16933.0;True;14500.0;True;14500.0;True;False
175.328000;165.656000;16983.0;16912.000000;26.121027;True;14500.0;True;14500.0;True;16963.0;True;14500.0;True;14500.0;True;False
175.453000;165.781000;16963.0;16923.000000;30.909882;True;14500.0;True;14500.0;True;16953.0;True;14500.0;True;14500.0;True;False
175.578000;165.906000;16953.0;16943.000000;35.034602;True;14500.0;True;14500.0;True;17035.0;True;14500.0;True;14500.0;True;False
175.688000;166.016000;16963.0;16953.000000;39.342845;True;14500.0;True;14500.0;True;16963.0;True;14500.0;True;14500.0;True;False
175.797000;166.125000;16963.0;16963.000000;43.970396;True;14500.0;True;14500.0;True;16963.0;True;14500.0;True;14500.0;True;False
175.906000;166.234000;16963.0;16963.000000;44.278825;True;14500.0;True;14500.0;True;17056.0;True;14500.0;True;14500.0;True;False
176.031000;166.359000;17056.0;16963.000000;44.278825;True;14500.0;True;14500.0;True;16943.0;True;14500.0;True;14500.0;True;False
176.156000;166.484000;16943.0;16963.000000;35.263387;True;14000.0;True;14500.0;True;16973.0;True;14500.0;True;14500.0;True;False
176.281000;166.609000;16973.0;16963.000000;35.263387;True;14000.0;True;14500.0;True;17056.0;True;14350.0;True;14350.0;True;False
176.406000;166.734000;17056.0;16963.000000;35.263387;True;14000.0;True;14350.0;True;16963.0;True;14200.0;True;14350.0;True;False
176.516000;166.844000;17056.0;16963.000000;35.263387;True;14000.0;True;14200.0;True;17056.0;True;14050.0;True;14200.0;True;False
176.625000;166.953000;16995.0;16973.000000;39.894783;True;14000.0;True;14050.0;True;17045.0;True;14000.0;True;14000.0;True;False
176.750000;167.078000;17045.0;16995.000000;45.454545;True;14000.0;True;14000.0;True;16983.0;True;14000.0;True;14000.0;True;False
176.859000;167.187000;17045.0;17045.000000;68.000000;True;14000.0;True;14000.0;True;17066.0;True;14000.0;True;14000.0;True;False
177.000000;167.328000;16963.0;17045.000000;67.075844;True;14000.0;True;14000.0;True;16963.0;True;14000.0;True;14000.0;True;False
177.109000;167.437000;16963.0;16995.000000;41.059603;True;14000.0;True;14000.0;True;16943.0;True;14000.0;True;14000.0;True;False
177.219000;167.547000;16943.0;16995.000000;41.333333;True;14000.0;True;14000.0;True;17086.0;True;14000.0;True;14000.0;True;False
177.344000;167.672000;17086.0;17045.000000;59.111111;True;14000.0;True;14000.0;True;16973.0;True;14000.0;True;14000.0;True;False
177.453000;167.781000;16973.0;16995.000000;36.888889;True;14000.0;True;14000.0;True;16953.0;True;14000.0;True;14000.0;True;False
177.563000;167.891000;16953.0;16973.000000;27.293065;True;14000.0;True;14000.0;True;17086.0;True;14000.0;True;14000.0;True;False
177.688000;168.016000;17086.0;16973.000000;22.371365;True;13800.0;True;14000.0;True;17015.0;True;13850.0;True;14000.0;True;False
177.797000;168.125000;17025.0;16973.000000;13.519603;True;13800.0;True;13850.0;True;17025.0;True;13800.0;True;13850.0;True;False
177.906000;168.234000;17086.0;16973.000000;9.017133;True;13800.0;True;13800.0;True;17086.0;True;13800.0;True;13800.0;True;False
178.016000;168.344000;17086.0;17025.000000;27.940514;True;13800.0;True;13800.0;True;17096.0;True;13800.0;True;13800.0;True;False
178.125000;168.453000;17096.0;17086.000000;55.430374;True;13800.0;True;13800.0;True;17015.0;True;13800.0;True;13800.0;True;False
178.250000;168.578000;17015.0;17086.000000;55.430374;True;13800.0;True;13800.0;True;17096.0;True;13800.0;True;13800.0;True;False
178.391000;168.719000;17005.0;17025.000000;27.740492;True;13800.0;True;13800.0;True;17005.0;True;13800.0;True;13800.0;True;False
178.516000;168.844000;17096.0;17086.000000;55.033557;True;13800.0;True;13800.0;True;17096.0;True;13800.0;True;13800.0;True;False
178.625000;168.953000;17005.0;17086.000000;55.430374;True;13800.0;True;13800.0;True;17005.0;True;13800.0;True;13800.0;True;False
178.734000;169.062000;17005.0;17025.000000;27.953111;True;13800.0;True;13800.0;True;16995.0;True;13800.0;True;13800.0;True;False
178.859000;169.187000;16963.0;17015.000000;18.800358;True;13800.0;True;13800.0;True;17106.0;True;13800.0;True;13800.0;True;False
179.000000;169.328000;17106.0;17015.000000;8.888889;True;13800.0;True;13800.0;True;16973.0;True;13800.0;True;13800.0;True;False
179.125000;169.453000;16973.0;17005.000000;0.000000;True;13500.0;True;13800.0;True;16973.0;True;13800.0;True;13800.0;True;False
179.250000;169.578000;16973.0;17005.000000;0.000000;True;13500.0;True;13800.0;True;16973.0;True;13650.0;True;13650.0;True;False
179.375000;169.703000;16973.0;17005.000000;4.413063;True;13500.0;True;13650.0;True;17035.0;True;13500.0;True;13500.0;True;False
179.484000;169.812000;17035.0;17005.000000;4.415011;True;13500.0;True;13500.0;True;17015.0;True;13500.0;True;13500.0;True;False
179.594000;169.922000;16953.0;16973.000000;0.000000;True;13500.0;True;13500.0;True;16953.0;True;13500.0;True;13500.0;True;False
179.703000;170.031000;16995.0;16973.000000;0.000000;True;13500.0;True;13500.0;True;16995.0;True;13500.0;True;13500.0;True;False
179.813000;170.141000;16995.0;16973.000000;0.000000;True;13500.0;True;13500.0;True;17045.0;True;13500.0;True;13500.0;True;False
179.938000;170.266000;17045.0;16995.000000;9.777778;True;13500.0;True;13500.0;True;16963.0;True;13500.0;True;13500.0;True;False
180.078000;170.406000;16963.0;16973.000000;0.000000;True;13500.0;True;13500.0;True;16995.0;True;13500.0;True;13500.0;True;False
180.203000;170.531000;16995.0;16995.000000;9.577710;True;13500.0;True;13500.0;True;17005.0;True;13500.0;True;13500.0;True;False
180.328000;170.656000;17005.0;16995.000000;0.000000;True;13500.0;True;13500.0;True;16995.0;True;13500.0;True;13500.0;True;False
180.453000;170.781000;17056.0;16995.000000;0.000000;True;13500.0;True;13500.0;True;16995.0;True;13500.0;True;13500.0;True;False
180.563000;170.891000;16995.0;16995.000000;0.000000;True;13500.0;True;13500.0;True;16973.0;True;13500.0;True;13500.0;True;False
180.688000;171.016000;16973.0;16995.000000;0.000000;True;13500.0;True;13500.0;True;17066.0;True;13500.0;True;13500.0;True;False
180.813000;171.141000;17066.0;16995.000000;0.000000;True;13500.0;True;13500.0;True;17035.0;True;13500.0;True;13500.0;True;False
180.938000;171.266000;17035.0;17005.000000;0.000000;True;13500.0;True;13500.0;True;16963.0;True;13500.0;True;13500.0;True;False
181.063000;171.391000;16963.0;16995.000000;0.000000;True;13500.0;True;13500.0;True;16963.0;True;13500.0;True;13500.0;True;False
181.188000;171.516000;16963.0;16995.000000;0.000000;True;13500.0;True;13500.0;True;17025.0;True;13500.0;True;13500.0;True;False
181.313000;171.641000;17025.0;17005.000000;0.000000;True;13500.0;True;13500.0;True;16995.0;True;13500.0;True;13500.0;True;False
181.453000;171.781000;16995.0;16995.000000;0.000000;True;13500.0;True;13500.0;True;16902.0;True;13500.0;True;13500.0;True;False
181.563000;171.891000;16963.0;16995.000000;0.000000;True;13500.0;True;13500.0;True;16943.0;True;13500.0;True;13500.0;True;False
181.672000;172.000000;16943.0;16973.000000;0.000000;True;13500.0;True;13500.0;True;16933.0;True;13500.0;True;13500.0;True;False
181.797000;172.125000;16933.0;16963.000000;0.000000;True;13500.0;True;13500.0;True;16995.0;True;13500.0;True;13500.0;True;False
181.922000;172.250000;16995.0;16963.000000;0.000000;True;13500.0;True;13500.0;True;16912.0;True;13500.0;True;13500.0;True;False
182.047000;172.375000;16902.0;16963.000000;0.000000;True;13500.0;True;13500.0;True;16995.0;True;13500.0;True;13500.0;True;False
182.156000;172.484000;16995.0;16963.000000;0.000000;True;13500.0;True;13500.0;True;17045.0;True;13500.0;True;13500.0;True;False
182.297000;172.625000;17045.0;16995.000000;0.000000;True;13500.0;True;13500.0;True;16995.0;True;13500.0;True;13500.0;True;False
182.422000;172.750000;16995.0;16995.000000;9.385666;True;13500.0;True;13500.0;True;16912.0;True;13500.0;True;13500.0;True;False
182.547000;172.875000;16912.0;16963.000000;0.000000;True;13500.0;True;13500.0;True;16933.0;True;13500.0;True;13500.0;True;False
182.656000;172.984000;16933.0;16943.000000;0.000000;True;13500.0;True;13500.0;True;17025.0;True;13500.0;True;13500.0;True;False
182.766000;173.094000;17025.0;16995.000000;0.000000;True;13500.0;True;13500.0;True;16923.0;True;13500.0;True;13500.0;True;False
182.875000;173.203000;16902.0;16995.000000;0.000000;True;13500.0;True;13500.0;True;16902.0;True;13500.0;True;13500.0;True;False
183.000000;173.328000;16902.0;16933.000000;0.000000;True;13500.0;True;13500.0;True;16943.0;True;13500.0;True;13500.0;True;False
183.109000;173.437000;16943.0;16943.000000;0.000000;True;13500.0;True;13500.0;True;17045.0;True;13500.0;True;13500.0;True;False
183.234000;173.562000;17045.0;16943.000000;0.000000;True;13500.0;True;13500.0;True;16912.0;True;13500.0;True;13500.0;True;False
183.359000;173.687000;16912.0;16933.000000;0.000000;True;13500.0;True;13500.0;True;16923.0;True;13500.0;True;13500.0;True;False
183.469000;173.797000;16923.0;16923.000000;0.000000;True;13500.0;True;13500.0;True;17025.0;True;13500.0;True;13500.0;True;False
183.594000;173.922000;17025.0;16933.000000;0.000000;True;13800.0;True;13500.0;True;17015.0;True;13500.0;True;13500.0;True;False
183.734000;174.062000;17015.0;16943.000000;0.000000;True;13800.0;True;13500.0;True;16862.0;True;13650.0;True;13650.0;True;False
183.859000;174.187000;16862.0;16923.000000;0.000000;True;13800.0;True;13650.0;True;16912.0;True;13800.0;True;13800.0;True;False
183.984000;174.312000;16912.0;16923.000000;0.000000;True;13800.0;True;13800.0;True;16943.0;True;13800.0;True;13800.0;True;False
184.109000;174.437000;16943.0;16943.000000;0.000000;True;13800.0;True;13800.0;True;16841.0;True;13800.0;True;13800.0;True;False
184.219000;174.547000;16872.0;16923.000000;0.000000;True;13800.0;True;13800.0;True;16831.0;True;13800.0;True;13800.0;True;False
184.359000;174.687000;16831.0;16912.000000;0.000000;True;13800.0;True;13800.0;True;16750.0;True;13800.0;True;13800.0;True;False
184.484000;174.812000;16750.0;16912.000000;0.000000;True;13800.0;True;13800.0;True;16892.0;True;13800.0;True;13800.0;True;False
184.594000;174.922000;16892.0;16892.000000;0.000000;True;13800.0;True;13800.0;True;16872.0;True;13800.0;True;13800.0;True;False
184.703000;175.031000;16750.0;16872.000000;0.000000;True;13800.0;True;13800.0;True;16750.0;True;13800.0;True;13800.0;True;False
184.813000;175.141000;16750.0;16862.000000;0.000000;True;13800.0;True;13800.0;True;16688.0;True;13800.0;True;13800.0;True;False
184.953000;175.281000;16688.0;16831.000000;0.000000;True;13800.0;True;13800.0;True;16678.0;True;13800.0;True;13800.0;True;False
185.078000;175.406000;16678.0;16750.000000;0.000000;True;13800.0;True;13800.0;True;16791.0;True;13800.0;True;13800.0;True;False
185.203000;175.531000;16791.0;16750.000000;0.000000;True;14000.0;True;13800.0;True;16720.0;True;13950.0;True;13950.0;True;False
185.328000;175.656000;16720.0;16750.000000;0.000000;True;14000.0;True;13950.0;True;16730.0;True;14000.0;True;14000.0;True;False
185.453000;175.781000;16730.0;16750.000000;0.000000;True;14000.0;True;14000.0;True;16902.0;True;14000.0;True;14000.0;True;False
185.594000;175.922000;16902.0;16750.000000;0.000000;True;14000.0;True;14000.0;True;16770.0;True;14000.0;True;14000.0;True;False
185.703000;176.031000;16770.0;16750.000000;0.000000;True;14000.0;True;14000.0;True;16720.0;True;14000.0;True;14000.0;True;False
185.828000;176.156000;16720.0;16730.000000;0.000000;True;14000.0;True;14000.0;True;16658.0;True;14000.0;True;14000.0;True;False
185.953000;176.281000;16658.0;16720.000000;0.000000;True;14000.0;True;14000.0;True;16720.0;True;14000.0;True;14000.0;True;False
186.063000;176.391000;16720.0;16720.000000;0.000000;True;14000.0;True;14000.0;True;16730.0;True;14000.0;True;14000.0;True;False
186.172000;176.500000;16730.0;16730.000000;0.000000;True;14000.0;True;14000.0;True;16627.0;True;14000.0;True;14000.0;True;False
186.281000;176.609000;16627.0;16720.000000;0.000000;True;14000.0;True;14000.0;True;16637.0;True;14000.0;True;14000.0;True;False
186.406000;176.734000;16627.0;16720.000000;0.000000;True;14000.0;True;14000.0;True;16658.0;True;14000.0;True;14000.0;True;False
186.516000;176.844000;16658.0;16720.000000;0.000000;True;14000.0;True;14000.0;True;16780.0;True;14000.0;True;14000.0;True;False
186.641000;176.969000;16780.0;16720.000000;0.000000;True;14500.0;True;14000.0;True;16688.0;True;14000.0;True;14000.0;True;False
186.766000;177.094000;16688.0;16688.000000;0.000000;True;14500.0;True;14000.0;True;16627.0;True;14150.0;True;14150.0;True;False
186.891000;177.219000;16627.0;16658.000000;0.000000;True;14500.0;True;14150.0;True;16720.0;True;14300.0;True;14300.0;True;False
187.016000;177.344000;16720.0;16688.000000;0.000000;True;14500.0;True;14300.0;True;16780.0;True;14450.0;True;14450.0;True;False
187.141000;177.469000;16780.0;16688.000000;0.000000;True;14500.0;True;14450.0;True;16708.0;True;14500.0;True;14500.0;True;False
187.266000;177.594000;16708.0;16688.000000;0.000000;True;14500.0;True;14500.0;True;16750.0;True;14500.0;True;14500.0;True;False
187.375000;177.703000;16750.0;16708.000000;0.000000;True;14500.0;True;14500.0;True;16811.0;True;14500.0;True;14500.0;True;False
187.484000;177.812000;16811.0;16720.000000;0.000000;True;14500.0;True;14500.0;True;16831.0;True;14500.0;True;14500.0;True;False
187.609000;177.937000;16770.0;16750.000000;0.000000;True;14500.0;True;14500.0;True;16770.0;True;14500.0;True;14500.0;True;False
187.734000;178.062000;16770.0;16750.000000;0.000000;True;14500.0;True;14500.0;True;16740.0;True;14500.0;True;14500.0;True;False
187.844000;178.172000;16933.0;16770.000000;8.888889;True;14500.0;True;14500.0;True;16801.0;True;14500.0;True;14500.0;True;False
187.969000;178.297000;16801.0;16770.000000;8.826125;True;14500.0;True;14500.0;True;16963.0;True;14500.0;True;14500.0;True;False
188.094000;178.422000;16963.0;16780.000000;22.065313;True;14500.0;True;14500.0;True;16791.0;True;14500.0;True;14500.0;True;False
188.219000;178.547000;16791.0;16791.000000;31.332745;True;14500.0;True;14500.0;True;16698.0;True;14500.0;True;14500.0;True;False
188.328000;178.656000;16892.0;16801.000000;35.761589;True;14500.0;True;14500.0;True;16892.0;True;14500.0;True;14500.0;True;False
188.453000;178.781000;16892.0;16811.000000;35.510741;True;14500.0;True;14500.0;True;16862.0;True;14500.0;True;14500.0;True;False
188.578000;178.906000;16862.0;16862.000000;61.819765;True;14500.0;True;14500.0;True;16933.0;True;14500.0;True;14500.0;True;False
188.688000;179.016000;16720.0;16862.000000;62.226117;True;14500.0;True;14500.0;True;16720.0;True;14500.0;True;14500.0;True;False
188.797000;179.125000;16760.0;16862.000000;62.253398;True;14500.0;True;14500.0;True;16760.0;True;14500.0;True;14500.0;True;False
188.906000;179.234000;16852.0;16852.000000;58.278146;True;14500.0;True;14500.0;True;16852.0;True;14500.0;True;14500.0;True;False
189.016000;179.344000;16852.0;16852.000000;72.888889;True;14500.0;True;14500.0;True;16933.0;True;14500.0;True;14500.0;True;False
189.141000;179.469000;16933.0;16852.000000;86.222222;True;14500.0;True;14500.0;True;16943.0;True;14500.0;True;14500.0;True;False
189.281000;179.609000;16943.0;16862.000000;76.821192;True;14500.0;True;14500.0;True;16720.0;True;14500.0;True;14500.0;True;False
189.406000;179.734000;16720.0;16852.000000;72.406181;True;14500.0;True;14500.0;True;16791.0;True;14500.0;True;14500.0;True;False
189.516000;179.844000;16791.0;16852.000000;72.888889;True;14500.0;True;14500.0;True;16811.0;True;14500.0;True;14500.0;True;False
189.641000;179.969000;16811.0;16811.000000;45.454545;True;14500.0;True;14500.0;True;16933.0;True;14500.0;True;14500.0;True;False
