elapsed_s;phase;point_index;target_dac;local_baseline_raw;nivel_raw;median9_raw;delta_median9_raw;positive_median_rate_raw_per_s;signed_stability_slope_raw_per_s;enable;dac;applied_enable;applied_dac;watchdog_healthy;watchdog_tripped
0.140;INITIAL_REBASELINE;0;0;;267.000;267.000;;0.000;0.000;False;0.000;False;0.000;True;False
0.265;INITIAL_REBASELINE;0;0;;278.000;272.500;;44.000;44.000;False;0.000;False;0.000;True;False
0.390;INITIAL_REBASELINE;0;0;;257.000;267.000;;0.000;0.000;False;0.000;False;0.000;True;False
0.515;INITIAL_REBASELINE;0;0;;278.000;272.500;;8.800;8.800;False;0.000;False;0.000;True;False
0.640;INITIAL_REBASELINE;0;0;;267.000;267.000;;0.000;0.000;False;0.000;False;0.000;True;False
0.765;INITIAL_REBASELINE;0;0;;288.000;272.500;;3.771;3.771;False;0.000;False;0.000;True;False
0.890;INITIAL_REBASELINE;0;0;;267.000;267.000;;0.000;0.000;False;0.000;False;0.000;True;False
1.031;INITIAL_REBASELINE;0;0;;278.000;272.500;;2.116;2.116;False;0.000;False;0.000;True;False
1.172;INITIAL_REBASELINE;0;0;;267.000;267.000;;0.000;-0.030;False;0.000;False;0.000;True;False
1.297;INITIAL_REBASELINE;0;0;;267.000;267.000;;0.000;-1.072;False;0.000;False;0.000;True;False
1.422;INITIAL_REBASELINE;0;0;;267.000;267.000;;0.000;-1.581;False;0.000;False;0.000;True;False
1.562;INITIAL_REBASELINE;0;0;;278.000;267.000;;0.000;-1.809;False;0.000;False;0.000;True;False
1.687;INITIAL_REBASELINE;0;0;;267.000;267.000;;0.000;-1.887;False;0.000;False;0.000;True;False
1.812;INITIAL_REBASELINE;0;0;;267.000;267.000;;0.000;-1.883;False;0.000;False;0.000;True;False
1.937;INITIAL_REBASELINE;0;0;;278.000;267.000;;0.000;-1.835;False;0.000;False;0.000;True;False
2.047;INITIAL_REBASELINE;0;0;;267.000;267.000;;0.000;-1.769;False;0.000;False;0.000;True;False
2.172;INITIAL_REBASELINE;0;0;;267.000;267.000;;0.000;-1.691;False;0.000;False;0.000;True;False
2.312;INITIAL_REBASELINE;0;0;;267.000;267.000;;0.000;-1.602;False;0.000;False;0.000;True;False
2.437;INITIAL_REBASELINE;0;0;;267.000;267.000;;0.000;-1.514;False;0.000;False;0.000;True;False
2.562;INITIAL_REBASELINE;0;0;;267.000;267.000;;0.000;-1.429;False;0.000;False;0.000;True;False
2.687;INITIAL_REBASELINE;0;0;;267.000;267.000;;0.000;-1.347;False;0.000;False;0.000;True;False
2.812;INITIAL_REBASELINE;0;0;;267.000;267.000;;0.000;-1.271;False;0.000;False;0.000;True;False
2.937;INITIAL_REBASELINE;0;0;;257.000;267.000;;0.000;-1.199;False;0.000;False;0.000;True;False
3.062;INITIAL_REBASELINE;0;0;;278.000;267.000;;0.000;-1.132;False;0.000;False;0.000;True;False
3.203;INITIAL_REBASELINE;0;0;;278.000;267.000;;0.000;-1.067;False;0.000;False;0.000;True;False
3.328;INITIAL_REBASELINE;0;0;;278.000;267.000;;0.000;-1.008;False;0.000;False;0.000;True;False
3.469;INITIAL_REBASELINE;0;0;;267.000;267.000;;0.000;-0.951;False;0.000;False;0.000;True;False
3.609;INITIAL_REBASELINE;0;0;;278.000;267.000;;0.000;-0.898;False;0.000;False;0.000;True;False
3.750;INITIAL_REBASELINE;0;0;;267.000;267.000;;0.000;-0.848;False;0.000;False;0.000;True;False
3.875;INITIAL_REBASELINE;0;0;;267.000;267.000;;0.000;-0.803;False;0.000;False;0.000;True;False
4.000;INITIAL_REBASELINE;0;0;;267.000;267.000;;0.000;-0.761;False;0.000;False;0.000;True;False
4.125;INITIAL_REBASELINE;0;0;;257.000;267.000;;0.000;-0.723;False;0.000;False;0.000;True;False
4.250;INITIAL_REBASELINE;0;0;;267.000;267.000;;0.000;-0.687;False;0.000;False;0.000;True;False
4.375;INITIAL_REBASELINE;0;0;;267.000;267.000;;0.000;-0.654;False;0.000;False;0.000;True;False
4.500;INITIAL_REBASELINE;0;0;;267.000;267.000;;0.000;-0.624;False;0.000;False;0.000;True;False
4.625;INITIAL_REBASELINE;0;0;;257.000;267.000;;0.000;-0.595;False;0.000;False;0.000;True;False
4.750;INITIAL_REBASELINE;0;0;;267.000;267.000;;0.000;-0.569;False;0.000;False;0.000;True;False
4.890;INITIAL_REBASELINE;0;0;;267.000;267.000;;0.000;-0.544;False;0.000;False;0.000;True;False
5.015;INITIAL_REBASELINE;0;0;;257.000;267.000;;0.000;-0.520;False;0.000;False;0.000;True;False
5.140;INITIAL_REBASELINE;0;0;;257.000;267.000;;0.000;-0.498;False;0.000;False;0.000;True;False
5.265;INITIAL_REBASELINE;0;0;;267.000;267.000;;0.000;-0.478;False;0.000;False;0.000;True;False
5.390;INITIAL_REBASELINE;0;0;;257.000;267.000;;0.000;-0.458;False;0.000;False;0.000;True;False
5.500;INITIAL_REBASELINE;0;0;;257.000;257.000;;0.000;-0.685;False;0.000;False;0.000;True;False
5.625;INITIAL_REBASELINE;0;0;;267.000;257.000;;0.000;-0.881;False;0.000;False;0.000;True;False
5.765;INITIAL_REBASELINE;0;0;;267.000;267.000;;0.000;-0.825;False;0.000;False;0.000;True;False
5.890;INITIAL_REBASELINE;0;0;;278.000;267.000;;0.000;-0.774;False;0.000;False;0.000;True;False
6.015;INITIAL_REBASELINE;0;0;;278.000;267.000;;0.000;-0.727;False;0.000;False;0.000;True;False
6.140;INITIAL_REBASELINE;0;0;;267.000;267.000;;1.575;-0.684;False;0.000;False;0.000;True;False
6.265;INITIAL_REBASELINE;0;0;;278.000;267.000;;4.197;-0.644;False;0.000;False;0.000;True;False
6.390;INITIAL_REBASELINE;0;0;;278.000;267.000;;6.777;-0.607;False;0.000;False;0.000;True;False
6.531;INITIAL_REBASELINE;0;0;;267.000;267.000;;6.619;-0.573;False;0.000;False;0.000;True;False
6.656;INITIAL_REBASELINE;0;0;;278.000;278.000;;7.265;-0.355;False;0.000;False;0.000;True;False
6.781;INITIAL_REBASELINE;0;0;;267.000;278.000;;12.334;-0.160;False;0.000;False;0.000;True;False
6.906;INITIAL_REBASELINE;0;0;;278.000;278.000;;15.356;0.015;False;0.000;False;0.000;True;False
7.031;INITIAL_REBASELINE;0;0;;267.000;278.000;;16.402;0.171;False;0.000;False;0.000;True;False
7.156;INITIAL_REBASELINE;0;0;;267.000;267.000;;8.339;0.150;False;0.000;False;0.000;True;False
7.312;INITIAL_REBASELINE;0;0;;267.000;267.000;;0.000;0.130;False;0.000;False;0.000;True;False
7.437;INITIAL_REBASELINE;0;0;;278.000;267.000;;0.000;0.113;False;0.000;False;0.000;True;False
7.562;INITIAL_REBASELINE;0;0;;278.000;267.000;;0.000;0.096;False;0.000;False;0.000;True;False
7.703;INITIAL_REBASELINE;0;0;;267.000;267.000;;0.000;0.082;False;0.000;False;0.000;True;False
7.828;INITIAL_REBASELINE;0;0;;278.000;267.000;;0.000;0.068;False;0.000;False;0.000;True;False
7.969;INITIAL_REBASELINE;0;0;;278.000;278.000;;0.007;0.189;False;0.000;False;0.000;True;False
8.078;INITIAL_REBASELINE;0;0;;267.000;267.000;;5.114;0.169;False;0.000;False;0.000;True;False
8.203;INITIAL_REBASELINE;0;0;;267.000;267.000;;3.293;0.151;False;0.000;False;0.000;True;False
8.328;INITIAL_REBASELINE;0;0;;278.000;278.000;;8.375;0.255;False;0.000;False;0.000;True;False
8.453;INITIAL_REBASELINE;0;0;;278.000;278.000;;11.571;0.349;False;0.000;False;0.000;True;False
8.578;INITIAL_REBASELINE;0;0;;278.000;278.000;;12.818;0.434;False;0.000;False;0.000;True;False
8.719;INITIAL_REBASELINE;0;0;;278.000;278.000;;11.647;0.512;False;0.000;False;0.000;True;False
8.844;INITIAL_REBASELINE;0;0;;267.000;278.000;;8.447;0.582;False;0.000;False;0.000;True;False
8.969;INITIAL_REBASELINE;0;0;;267.000;278.000;;7.339;0.646;False;0.000;False;0.000;True;False
9.078;INITIAL_REBASELINE;0;0;;267.000;267.000;;4.471;0.603;False;0.000;False;0.000;True;False
9.203;INITIAL_REBASELINE;0;0;;257.000;267.000;;0.000;0.563;False;0.000;False;0.000;True;False
9.344;INITIAL_REBASELINE;0;0;;278.000;278.000;;0.000;0.621;False;0.000;False;0.000;True;False
9.469;INITIAL_REBASELINE;0;0;;278.000;278.000;;0.000;0.674;False;0.000;False;0.000;True;False
9.594;INITIAL_REBASELINE;0;0;;278.000;278.000;;0.402;0.721;False;0.000;False;0.000;True;False
9.719;INITIAL_REBASELINE;0;0;;278.000;278.000;;1.750;0.765;False;0.000;False;0.000;True;False
9.844;INITIAL_REBASELINE;0;0;;278.000;278.000;;4.631;0.804;False;0.000;False;0.000;True;False
9.984;INITIAL_REBASELINE;0;0;;267.000;278.000;;12.326;0.840;False;0.000;False;0.000;True;False
10.109;INITIAL_REBASELINE;0;0;;267.000;278.000;;7.222;0.872;False;0.000;False;0.000;True;False
10.234;INITIAL_REBASELINE;0;0;;267.000;278.000;;0.000;0.901;False;0.000;False;0.000;True;False
10.359;INITIAL_REBASELINE;0;0;;278.000;278.000;;0.000;0.927;False;0.000;False;0.000;True;False
10.484;INITIAL_REBASELINE;0;0;;267.000;278.000;;0.000;0.951;False;0.000;False;0.000;True;False
10.609;INITIAL_REBASELINE;0;0;;267.000;267.000;;0.000;0.898;False;0.000;False;0.000;True;False
10.734;INITIAL_REBASELINE;0;0;;267.000;267.000;;0.000;0.848;False;0.000;False;0.000;True;False
10.875;INITIAL_REBASELINE;0;0;;267.000;267.000;;0.000;0.800;False;0.000;False;0.000;True;False
11.000;INITIAL_REBASELINE;0;0;;278.000;267.000;;0.000;0.756;False;0.000;False;0.000;True;False
11.125;INITIAL_REBASELINE;0;0;;267.000;267.000;;0.000;0.713;False;0.000;False;0.000;True;False
11.250;INITIAL_REBASELINE;0;0;;267.000;267.000;;0.000;0.673;False;0.000;False;0.000;True;False
11.390;INITIAL_REBASELINE;0;0;;257.000;267.000;;0.000;0.636;False;0.000;False;0.000;True;False
11.515;INITIAL_REBASELINE;0;0;;267.000;267.000;;0.000;0.600;False;0.000;False;0.000;True;False
11.640;INITIAL_REBASELINE;0;0;;257.000;267.000;;0.000;0.566;False;0.000;False;0.000;True;False
11.765;INITIAL_REBASELINE;0;0;;257.000;267.000;;0.000;0.533;False;0.000;False;0.000;True;False
11.890;INITIAL_REBASELINE;0;0;;267.000;267.000;;0.000;0.503;False;0.000;False;0.000;True;False
12.015;INITIAL_REBASELINE;0;0;;257.000;267.000;;0.000;0.474;False;0.000;False;0.000;True;False
12.140;INITIAL_REBASELINE;0;0;;267.000;267.000;;0.000;0.446;False;0.000;False;0.000;True;False
12.281;INITIAL_REBASELINE;0;0;;257.000;257.000;;0.000;0.370;False;0.000;False;0.000;True;False
12.406;INITIAL_REBASELINE;0;0;;257.000;257.000;;0.000;0.298;False;0.000;False;0.000;True;False
12.531;INITIAL_REBASELINE;0;0;;267.000;257.000;;0.000;0.230;False;0.000;False;0.000;True;False
12.640;INITIAL_REBASELINE;0;0;;267.000;257.000;;0.000;0.166;False;0.000;False;0.000;True;False
12.765;INITIAL_REBASELINE;0;0;;267.000;267.000;;0.000;0.152;False;0.000;False;0.000;True;False
12.906;INITIAL_REBASELINE;0;0;;267.000;267.000;;0.000;0.138;False;0.000;False;0.000;True;False
13.031;INITIAL_REBASELINE;0;0;;257.000;267.000;;7.424;0.126;False;0.000;False;0.000;True;False
13.156;INITIAL_REBASELINE;0;0;;267.000;267.000;;15.229;0.114;False;0.000;False;0.000;True;False
13.281;INITIAL_REBASELINE;0;0;;257.000;267.000;;13.290;0.103;False;0.000;False;0.000;True;False
13.406;INITIAL_REBASELINE;0;0;;267.000;267.000;;11.900;0.092;False;0.000;False;0.000;True;False
13.515;INITIAL_REBASELINE;0;0;;278.000;267.000;;9.345;0.082;False;0.000;False;0.000;True;False
13.640;INITIAL_REBASELINE;0;0;;257.000;267.000;;5.425;0.072;False;0.000;False;0.000;True;False
13.765;INITIAL_REBASELINE;0;0;;267.000;267.000;;0.000;0.063;False;0.000;False;0.000;True;False
13.890;INITIAL_REBASELINE;0;0;;267.000;267.000;;0.000;0.055;False;0.000;False;0.000;True;False
14.015;INITIAL_REBASELINE;0;0;;257.000;267.000;;0.000;0.046;False;0.000;False;0.000;True;False
14.140;INITIAL_REBASELINE;0;0;;267.000;267.000;;0.000;0.038;False;0.000;False;0.000;True;False
14.281;INITIAL_REBASELINE;0;0;;267.000;267.000;;0.000;0.031;False;0.000;False;0.000;True;False
14.406;INITIAL_REBASELINE;0;0;;267.000;267.000;;0.000;0.024;False;0.000;False;0.000;True;False
14.531;INITIAL_REBASELINE;0;0;;267.000;267.000;;0.000;0.017;False;0.000;False;0.000;True;False
14.672;INITIAL_REBASELINE;0;0;;257.000;267.000;;0.000;0.011;False;0.000;False;0.000;True;False
14.797;INITIAL_REBASELINE;0;0;;257.000;267.000;;0.000;0.005;False;0.000;False;0.000;True;False
14.922;INITIAL_REBASELINE;0;0;;257.000;267.000;;0.000;-0.001;False;0.000;False;0.000;True;False
15.047;INITIAL_REBASELINE;0;0;;267.000;267.000;;0.000;-0.007;False;0.000;False;0.000;True;False
15.172;INITIAL_REBASELINE;0;0;;267.000;267.000;;0.000;-0.012;False;0.000;False;0.000;True;False
15.312;INITIAL_REBASELINE;0;0;;257.000;267.000;;0.000;-0.017;False;0.000;False;0.000;True;False
15.422;INITIAL_REBASELINE;0;0;;267.000;267.000;;0.000;-0.021;False;0.000;False;0.000;True;False
15.562;INITIAL_REBASELINE;0;0;;267.000;267.000;;0.000;-0.026;False;0.000;False;0.000;True;False
15.687;INITIAL_REBASELINE;0;0;;267.000;267.000;;0.000;-0.030;False;0.000;False;0.000;True;False
15.812;INITIAL_REBASELINE;0;0;;267.000;267.000;;0.000;-0.034;False;0.000;False;0.000;True;False
15.937;INITIAL_REBASELINE;0;0;;267.000;267.000;;0.000;-0.038;False;0.000;False;0.000;True;False
16.078;INITIAL_REBASELINE;0;0;;257.000;267.000;;0.000;-0.042;False;0.000;False;0.000;True;False
16.203;INITIAL_REBASELINE;0;0;;267.000;267.000;;0.000;-0.045;False;0.000;False;0.000;True;False
16.328;INITIAL_REBASELINE;0;0;;267.000;267.000;;0.000;-0.048;False;0.000;False;0.000;True;False
16.453;INITIAL_REBASELINE;0;0;;267.000;267.000;;0.000;-0.051;False;0.000;False;0.000;True;False
16.562;INITIAL_REBASELINE;0;0;;278.000;267.000;;0.000;-0.054;False;0.000;False;0.000;True;False
16.703;INITIAL_REBASELINE;0;0;;278.000;267.000;;0.000;-0.057;False;0.000;False;0.000;True;False
16.828;INITIAL_REBASELINE;0;0;;257.000;267.000;;0.000;-0.060;False;0.000;False;0.000;True;False
16.953;INITIAL_REBASELINE;0;0;;267.000;267.000;;0.000;-0.062;False;0.000;False;0.000;True;False
17.078;INITIAL_REBASELINE;0;0;;267.000;267.000;;0.000;-0.065;False;0.000;False;0.000;True;False
17.203;INITIAL_REBASELINE;0;0;;267.000;267.000;;0.000;-0.067;False;0.000;False;0.000;True;False
17.344;INITIAL_REBASELINE;0;0;;278.000;267.000;;0.000;-0.069;False;0.000;False;0.000;True;False
17.453;INITIAL_REBASELINE;0;0;;267.000;267.000;;0.000;-0.071;False;0.000;False;0.000;True;False
17.594;INITIAL_REBASELINE;0;0;;267.000;267.000;;0.000;-0.073;False;0.000;False;0.000;True;False
17.719;INITIAL_REBASELINE;0;0;;288.000;267.000;;0.000;-0.075;False;0.000;False;0.000;True;False
17.844;INITIAL_REBASELINE;0;0;;267.000;267.000;;0.000;-0.077;False;0.000;False;0.000;True;False
17.969;INITIAL_REBASELINE;0;0;;278.000;267.000;;0.000;-0.078;False;0.000;False;0.000;True;False
18.109;INITIAL_REBASELINE;0;0;;278.000;267.000;;0.000;-0.080;False;0.000;False;0.000;True;False
18.234;INITIAL_REBASELINE;0;0;;267.000;267.000;;0.000;-0.081;False;0.000;False;0.000;True;False
18.359;INITIAL_REBASELINE;0;0;;267.000;267.000;;0.000;-0.083;False;0.000;False;0.000;True;False
18.484;INITIAL_REBASELINE;0;0;;278.000;267.000;;0.000;-0.084;False;0.000;False;0.000;True;False
18.594;INITIAL_REBASELINE;0;0;;278.000;278.000;;5.650;-0.061;False;0.000;False;0.000;True;False
18.719;INITIAL_REBASELINE;0;0;;278.000;278.000;;10.025;-0.039;False;0.000;False;0.000;True;False
18.859;INITIAL_REBASELINE;0;0;;278.000;278.000;;15.529;-0.018;False;0.000;False;0.000;True;False
18.984;INITIAL_REBASELINE;0;0;;278.000;278.000;;16.693;0.002;False;0.000;False;0.000;True;False
19.109;INITIAL_REBASELINE;0;0;;278.000;278.000;;14.563;0.022;False;0.000;False;0.000;True;False
19.234;INITIAL_REBASELINE;0;0;;278.000;278.000;;13.026;0.041;False;0.000;False;0.000;True;False
19.359;INITIAL_REBASELINE;0;0;;278.000;278.000;;10.064;0.058;False;0.000;False;0.000;True;False
19.500;INITIAL_REBASELINE;0;0;;288.000;278.000;;0.000;0.076;False;0.000;False;0.000;True;False
19.625;INITIAL_REBASELINE;0;0;;267.000;278.000;;0.000;0.092;False;0.000;False;0.000;True;False
19.750;INITIAL_REBASELINE;0;0;;288.000;278.000;;0.000;0.108;False;0.000;False;0.000;True;False
19.875;INITIAL_REBASELINE;0;0;;278.000;278.000;;0.000;0.124;False;0.000;False;0.000;True;False
20.000;INITIAL_REBASELINE;0;0;;267.000;278.000;;0.000;0.138;False;0.000;False;0.000;True;False
20.125;INITIAL_REBASELINE;0;0;;278.000;278.000;;0.000;0.153;False;0.000;False;0.000;True;False
20.265;INITIAL_REBASELINE;0;0;;267.000;278.000;;0.000;0.165;False;0.000;False;0.000;True;False
20.390;INITIAL_REBASELINE;0;0;;278.000;278.000;;0.000;0.188;False;0.000;False;0.000;True;False
20.515;INITIAL_REBASELINE;0;0;;267.000;278.000;;0.000;0.200;False;0.000;False;0.000;True;False
20.640;INITIAL_REBASELINE;0;0;;278.000;278.000;;0.000;0.223;False;0.000;False;0.000;True;False
20.765;INITIAL_REBASELINE;0;0;;278.000;278.000;;0.000;0.234;False;0.000;False;0.000;True;False
20.890;INITIAL_REBASELINE;0;0;;267.000;278.000;;0.000;0.257;False;0.000;False;0.000;True;False
21.031;INITIAL_REBASELINE;0;0;;278.000;278.000;;0.000;0.268;False;0.000;False;0.000;True;False
21.156;INITIAL_REBASELINE;0;0;;267.000;278.000;;0.000;0.290;False;0.000;False;0.000;True;False
21.281;INITIAL_REBASELINE;0;0;;278.000;278.000;;0.000;0.301;False;0.000;False;0.000;True;False
21.406;INITIAL_REBASELINE;0;0;;288.000;278.000;;0.000;0.312;False;0.000;False;0.000;True;False
21.547;INITIAL_REBASELINE;0;0;;267.000;278.000;;0.000;0.322;False;0.000;False;0.000;True;False
21.672;INITIAL_REBASELINE;0;0;;278.000;278.000;;0.000;0.332;False;0.000;False;0.000;True;False
21.797;INITIAL_REBASELINE;0;0;;267.000;278.000;;0.000;0.342;False;0.000;False;0.000;True;False
21.937;INITIAL_REBASELINE;0;0;;267.000;267.000;;0.000;0.331;False;0.000;False;0.000;True;False
22.062;INITIAL_REBASELINE;0;0;;278.000;278.000;;0.000;0.342;False;0.000;False;0.000;True;False
22.187;INITIAL_REBASELINE;0;0;;278.000;278.000;;0.000;0.352;False;0.000;False;0.000;True;False
22.312;INITIAL_REBASELINE;0;0;;267.000;278.000;;0.000;0.360;False;0.000;False;0.000;True;False
22.437;INITIAL_REBASELINE;0;0;;278.000;278.000;;0.914;0.369;False;0.000;False;0.000;True;False
22.594;INITIAL_REBASELINE;0;0;;278.000;278.000;;2.916;0.378;False;0.000;False;0.000;True;False
22.719;INITIAL_REBASELINE;0;0;;278.000;278.000;;4.872;0.387;False;0.000;False;0.000;True;False
22.828;INITIAL_REBASELINE;0;0;;267.000;278.000;;6.995;0.395;False;0.000;False;0.000;True;False
22.937;INITIAL_REBASELINE;0;0;;267.000;278.000;;5.741;0.402;False;0.000;False;0.000;True;False
23.062;INITIAL_REBASELINE;0;0;;278.000;278.000;;0.000;0.410;False;0.000;False;0.000;True;False
23.187;INITIAL_REBASELINE;0;0;;267.000;278.000;;0.000;0.417;False;0.000;False;0.000;True;False
23.312;INITIAL_REBASELINE;0;0;;267.000;267.000;;0.000;0.404;False;0.000;False;0.000;True;False
23.453;INITIAL_REBASELINE;0;0;;267.000;267.000;;0.000;0.390;False;0.000;False;0.000;True;False
23.578;INITIAL_REBASELINE;0;0;;267.000;267.000;;0.000;0.376;False;0.000;False;0.000;True;False
23.703;INITIAL_REBASELINE;0;0;;257.000;267.000;;0.000;0.363;False;0.000;False;0.000;True;False
23.828;INITIAL_REBASELINE;0;0;;267.000;267.000;;0.000;0.349;False;0.000;False;0.000;True;False
23.969;INITIAL_REBASELINE;0;0;;257.000;267.000;;0.000;0.336;False;0.000;False;0.000;True;False
24.094;INITIAL_REBASELINE;0;0;;267.000;267.000;;0.000;0.322;False;0.000;False;0.000;True;False
24.219;INITIAL_REBASELINE;0;0;;267.000;267.000;;0.000;0.308;False;0.000;False;0.000;True;False
24.344;INITIAL_REBASELINE;0;0;;267.000;267.000;;0.000;0.295;False;0.000;False;0.000;True;False
24.469;INITIAL_REBASELINE;0;0;;267.000;267.000;;0.000;0.281;False;0.000;False;0.000;True;False
24.594;INITIAL_REBASELINE;0;0;;267.000;267.000;;0.000;0.268;False;0.000;False;0.000;True;False
24.703;INITIAL_REBASELINE;0;0;;278.000;267.000;;0.000;0.254;False;0.000;False;0.000;True;False
24.844;INITIAL_REBASELINE;0;0;;267.000;267.000;;0.000;0.241;False;0.000;False;0.000;True;False
24.969;INITIAL_REBASELINE;0;0;;267.000;267.000;;0.000;0.227;False;0.000;False;0.000;True;False
25.094;INITIAL_REBASELINE;0;0;;267.000;267.000;;0.000;0.213;False;0.000;False;0.000;True;False
25.219;INITIAL_REBASELINE;0;0;;267.000;267.000;;0.000;0.200;False;0.000;False;0.000;True;False
25.344;INITIAL_REBASELINE;0;0;;267.000;267.000;;0.000;0.186;False;0.000;False;0.000;True;False
25.469;INITIAL_REBASELINE;0;0;;267.000;267.000;;0.000;0.173;False;0.000;False;0.000;True;False
25.609;INITIAL_REBASELINE;0;0;;267.000;267.000;;0.000;0.140;False;0.000;False;0.000;True;False
25.734;INITIAL_REBASELINE;0;0;;267.000;267.000;;0.000;0.107;False;0.000;False;0.000;True;False
25.875;INITIAL_REBASELINE;0;0;;267.000;267.000;;0.000;0.093;False;0.000;False;0.000;True;False
26.000;INITIAL_REBASELINE;0;0;;278.000;267.000;;0.000;0.079;False;0.000;False;0.000;True;False
26.156;INITIAL_REBASELINE;0;0;;267.000;267.000;;0.000;0.059;False;0.000;False;0.000;True;False
26.281;INITIAL_REBASELINE;0;0;;267.000;267.000;;0.000;0.045;False;0.000;False;0.000;True;False
26.406;INITIAL_REBASELINE;0;0;;278.000;267.000;;0.000;0.030;False;0.000;False;0.000;True;False
26.531;INITIAL_REBASELINE;0;0;;267.000;267.000;;0.000;0.023;False;0.000;False;0.000;True;False
26.656;INITIAL_REBASELINE;0;0;;267.000;267.000;;0.000;0.009;False;0.000;False;0.000;True;False
26.781;INITIAL_REBASELINE;0;0;;278.000;267.000;;0.000;0.015;False;0.000;False;0.000;True;False
26.922;INITIAL_REBASELINE;0;0;;267.000;267.000;;0.000;0.037;False;0.000;False;0.000;True;False
27.047;INITIAL_REBASELINE;0;0;;267.000;267.000;;0.000;0.045;False;0.000;False;0.000;True;False
27.156;INITIAL_REBASELINE;0;0;;257.000;267.000;;0.000;0.038;False;0.000;False;0.000;True;False
27.281;INITIAL_REBASELINE;0;0;;257.000;267.000;;0.000;0.025;False;0.000;False;0.000;True;False
27.406;INITIAL_REBASELINE;0;0;;278.000;267.000;;0.000;0.012;False;0.000;False;0.000;True;False
27.531;INITIAL_REBASELINE;0;0;;267.000;267.000;;0.000;-0.001;False;0.000;False;0.000;True;False
27.656;INITIAL_REBASELINE;0;0;;257.000;267.000;;0.000;-0.014;False;0.000;False;0.000;True;False
27.781;INITIAL_REBASELINE;0;0;;267.000;267.000;;0.000;-0.027;False;0.000;False;0.000;True;False
27.906;INITIAL_REBASELINE;0;0;;257.000;267.000;;0.000;-0.040;False;0.000;False;0.000;True;False
28.031;INITIAL_REBASELINE;0;0;;267.000;267.000;;0.000;-0.032;False;0.000;False;0.000;True;False
28.156;INITIAL_REBASELINE;0;0;;267.000;267.000;;0.000;-0.045;False;0.000;False;0.000;True;False
28.297;INITIAL_REBASELINE;0;0;;267.000;267.000;;0.000;-0.058;False;0.000;False;0.000;True;False
28.422;INITIAL_REBASELINE;0;0;;267.000;267.000;;0.000;-0.050;False;0.000;False;0.000;True;False
28.547;INITIAL_REBASELINE;0;0;;267.000;267.000;;0.000;-0.041;False;0.000;False;0.000;True;False
28.672;INITIAL_REBASELINE;0;0;;267.000;267.000;;0.000;-0.033;False;0.000;False;0.000;True;False
28.797;INITIAL_REBASELINE;0;0;;257.000;267.000;;0.000;-0.024;False;0.000;False;0.000;True;False
28.953;INITIAL_REBASELINE;0;0;;267.000;267.000;;0.000;-0.014;False;0.000;False;0.000;True;False
29.078;INITIAL_REBASELINE;0;0;;267.000;267.000;;0.000;-0.005;False;0.000;False;0.000;True;False
29.203;INITIAL_REBASELINE;0;0;;267.000;267.000;;0.000;-0.016;False;0.000;False;0.000;True;False
29.328;INITIAL_REBASELINE;0;0;;267.000;267.000;;0.000;-0.027;False;0.000;False;0.000;True;False
29.453;INITIAL_REBASELINE;0;0;;278.000;267.000;;0.000;-0.017;False;0.000;False;0.000;True;False
29.578;INITIAL_REBASELINE;0;0;;267.000;267.000;;0.000;-0.007;False;0.000;False;0.000;True;False
29.719;INITIAL_REBASELINE;0;0;;267.000;267.000;;0.000;0.003;False;0.000;False;0.000;True;False
29.844;INITIAL_REBASELINE;0;0;;267.000;267.000;;0.000;0.013;False;0.000;False;0.000;True;False
29.969;INITIAL_REBASELINE;0;0;;267.000;267.000;;0.000;0.024;False;0.000;False;0.000;True;False
30.094;INITIAL_REBASELINE;0;0;;267.000;267.000;;0.000;0.035;False;0.000;False;0.000;True;False
30.219;INITIAL_REBASELINE;0;0;;267.000;267.000;;0.000;0.046;False;0.000;False;0.000;True;False
48.234;ACQUIRE;1;11650;267.000;278.000;267.000;0.000;0.000;;False;0.000;False;0.000;True;False
48.359;ACQUIRE;1;11650;267.000;267.000;267.000;0.000;0.000;;True;150.000;False;0.000;True;False
48.484;ACQUIRE;1;11650;267.000;247.000;267.000;0.000;0.000;;True;150.000;True;150.000;True;False
48.625;ACQUIRE;1;11650;267.000;278.000;267.000;0.000;0.000;;True;300.000;True;300.000;True;False
48.750;ACQUIRE;1;11650;267.000;247.000;267.000;0.000;0.000;;True;450.000;True;450.000;True;False
48.875;ACQUIRE;1;11650;267.000;217.000;267.000;0.000;0.000;;True;600.000;True;600.000;True;False
49.000;ACQUIRE;1;11650;267.000;217.000;267.000;0.000;0.000;;True;750.000;True;750.000;True;False
49.125;ACQUIRE;1;11650;267.000;196.000;247.000;-20.000;0.000;;True;900.000;True;750.000;True;False
49.234;ACQUIRE;1;11650;267.000;227.000;247.000;-20.000;0.000;;True;1050.000;True;900.000;True;False
49.375;ACQUIRE;1;11650;267.000;237.000;237.000;-30.000;0.000;;True;1050.000;True;1050.000;True;False
49.515;ACQUIRE;1;11650;267.000;196.000;227.000;-40.000;0.000;;True;1350.000;True;1200.000;True;False
49.640;ACQUIRE;1;11650;267.000;227.000;227.000;-40.000;0.000;;True;1350.000;True;1350.000;True;False
49.765;ACQUIRE;1;11650;267.000;227.000;227.000;-40.000;0.000;;True;1500.000;True;1500.000;True;False
49.890;ACQUIRE;1;11650;267.000;257.000;227.000;-40.000;0.000;;True;1650.000;True;1650.000;True;False
50.031;ACQUIRE;1;11650;267.000;125.000;227.000;-40.000;0.000;;True;1800.000;True;1800.000;True;False
50.156;ACQUIRE;1;11650;267.000;227.000;227.000;-40.000;0.000;;True;1950.000;True;1950.000;True;False
50.281;ACQUIRE;1;11650;267.000;196.000;227.000;-40.000;0.000;;True;2100.000;True;2100.000;True;False
50.406;ACQUIRE;1;11650;267.000;227.000;227.000;-40.000;0.000;;True;2250.000;True;2250.000;True;False
50.531;ACQUIRE;1;11650;267.000;247.000;227.000;-40.000;0.000;;True;2400.000;True;2250.000;True;False
50.656;ACQUIRE;1;11650;267.000;207.000;227.000;-40.000;0.000;;True;2550.000;True;2400.000;True;False
50.797;ACQUIRE;1;11650;267.000;247.000;227.000;-40.000;0.000;;True;2700.000;True;2700.000;True;False
50.906;ACQUIRE;1;11650;267.000;207.000;227.000;-40.000;0.000;;True;2850.000;True;2700.000;True;False
51.031;ACQUIRE;1;11650;267.000;136.000;207.000;-60.000;0.000;;True;2850.000;True;2850.000;True;False
51.156;ACQUIRE;1;11650;267.000;278.000;227.000;-40.000;0.000;;True;3000.000;True;3000.000;True;False
51.265;ACQUIRE;1;11650;267.000;186.000;207.000;-60.000;0.000;;True;3150.000;True;3150.000;True;False
51.390;ACQUIRE;1;11650;267.000;156.000;207.000;-60.000;0.000;;True;3300.000;True;3300.000;True;False
51.531;ACQUIRE;1;11650;267.000;288.000;207.000;-60.000;0.000;;True;3450.000;True;3300.000;True;False
51.656;ACQUIRE;1;11650;267.000;207.000;207.000;-60.000;0.000;;True;3600.000;True;3450.000;True;False
51.781;ACQUIRE;1;11650;267.000;156.000;207.000;-60.000;0.000;;True;3750.000;True;3750.000;True;False
51.906;ACQUIRE;1;11650;267.000;207.000;207.000;-60.000;0.000;;True;3900.000;True;3750.000;True;False
52.031;ACQUIRE;1;11650;267.000;237.000;207.000;-60.000;0.000;;True;3900.000;True;3900.000;True;False
52.172;ACQUIRE;1;11650;267.000;217.000;207.000;-60.000;0.000;;True;4050.000;True;4050.000;True;False
52.281;ACQUIRE;1;11650;267.000;328.000;207.000;-60.000;0.000;;True;4200.000;True;4200.000;True;False
52.406;ACQUIRE;1;11650;267.000;166.000;207.000;-60.000;0.000;;True;4350.000;True;4350.000;True;False
52.531;ACQUIRE;1;11650;267.000;340.000;217.000;-50.000;5.291;;True;4500.000;True;4350.000;True;False
52.672;ACQUIRE;1;11650;267.000;237.000;217.000;-50.000;11.337;;True;4650.000;True;4650.000;True;False
52.812;ACQUIRE;1;11650;267.000;156.000;217.000;-50.000;13.959;;True;4800.000;True;4650.000;True;False
52.937;ACQUIRE;1;11650;267.000;328.000;237.000;-30.000;27.775;;True;4950.000;True;4800.000;True;False
53.062;ACQUIRE;1;11650;267.000;227.000;237.000;-30.000;35.945;;True;4950.000;True;4950.000;True;False
53.187;ACQUIRE;1;11650;267.000;318.000;237.000;-30.000;38.181;;True;5100.000;True;5100.000;True;False
53.344;ACQUIRE;1;11650;267.000;186.000;237.000;-30.000;34.788;;True;5250.000;True;5250.000;True;False
53.469;ACQUIRE;1;11650;267.000;217.000;227.000;-40.000;20.341;;True;5400.000;True;5400.000;True;False
53.609;ACQUIRE;1;11650;267.000;328.000;237.000;-30.000;16.700;;True;5550.000;True;5550.000;True;False
53.734;ACQUIRE;1;11650;267.000;217.000;227.000;-40.000;3.351;;True;5700.000;True;5700.000;True;False
53.859;ACQUIRE;1;11650;267.000;207.000;217.000;-50.000;0.000;;True;5850.000;True;5700.000;True;False
53.984;ACQUIRE;1;11650;267.000;217.000;217.000;-50.000;0.000;;True;6000.000;True;6000.000;True;False
54.109;ACQUIRE;1;11650;267.000;237.000;217.000;-50.000;0.000;;True;6150.000;True;6150.000;True;False
54.250;ACQUIRE;1;11650;267.000;95.000;217.000;-50.000;0.000;;True;6300.000;True;6150.000;True;False
54.375;ACQUIRE;1;11650;267.000;288.000;217.000;-50.000;0.000;;True;6450.000;True;6450.000;True;False
54.500;ACQUIRE;1;11650;267.000;136.000;217.000;-50.000;0.000;;True;6600.000;True;6450.000;True;False
54.625;ACQUIRE;1;11650;267.000;298.000;217.000;-50.000;0.000;;True;6600.000;True;6600.000;True;False
54.750;ACQUIRE;1;11650;267.000;257.000;217.000;-50.000;0.000;;True;6750.000;True;6750.000;True;False
54.890;ACQUIRE;1;11650;267.000;217.000;217.000;-50.000;0.000;;True;6900.000;True;6900.000;True;False
55.015;ACQUIRE;1;11650;267.000;298.000;237.000;-30.000;13.001;;True;7050.000;True;7050.000;True;False
55.140;ACQUIRE;1;11650;267.000;237.000;237.000;-30.000;22.452;;True;7200.000;True;7200.000;True;False
55.265;ACQUIRE;1;11650;267.000;115.000;237.000;-30.000;27.960;;True;7350.000;True;7350.000;True;False
55.390;ACQUIRE;1;11650;267.000;207.000;237.000;-30.000;29.863;;True;7500.000;True;7500.000;True;False
55.531;ACQUIRE;1;11650;267.000;196.000;217.000;-50.000;14.623;;True;7650.000;True;7500.000;True;False
55.656;ACQUIRE;1;11650;267.000;227.000;227.000;-40.000;6.258;;True;7800.000;True;7650.000;True;False
55.781;ACQUIRE;1;11650;267.000;217.000;217.000;-50.000;0.000;;True;7950.000;True;7800.000;True;False
55.906;ACQUIRE;1;11650;267.000;227.000;217.000;-50.000;0.000;;True;7950.000;True;7950.000;True;False
56.031;ACQUIRE;1;11650;267.000;217.000;217.000;-50.000;0.000;;True;8100.000;True;8100.000;True;False
56.156;ACQUIRE;1;11650;267.000;186.000;217.000;-50.000;0.000;;True;8250.000;True;8250.000;True;False
56.297;ACQUIRE;1;11650;267.000;237.000;217.000;-50.000;0.000;;True;8400.000;True;8400.000;True;False
56.422;ACQUIRE;1;11650;267.000;247.000;217.000;-50.000;0.000;;True;8550.000;True;8550.000;True;False
56.547;ACQUIRE;1;11650;267.000;176.000;217.000;-50.000;0.000;;True;8700.000;True;8550.000;True;False
56.672;ACQUIRE;1;11650;267.000;257.000;227.000;-40.000;6.468;;True;8850.000;True;8850.000;True;False
56.812;ACQUIRE;1;11650;267.000;207.000;217.000;-50.000;4.522;;True;9000.000;True;8850.000;True;False
56.937;ACQUIRE;1;11650;267.000;217.000;217.000;-50.000;2.668;;True;9150.000;True;9000.000;True;False
57.078;ACQUIRE;1;11650;267.000;207.000;217.000;-50.000;0.797;;True;9300.000;True;9300.000;True;False
57.203;ACQUIRE;1;11650;267.000;146.000;207.000;-60.000;0.000;;True;9450.000;True;9300.000;True;False
57.328;ACQUIRE;1;11650;267.000;227.000;217.000;-50.000;0.000;;True;9600.000;True;9450.000;True;False
57.453;ACQUIRE;1;11650;267.000;217.000;217.000;-50.000;0.000;;True;9600.000;True;9600.000;True;False
57.578;ACQUIRE;1;11650;267.000;237.000;217.000;-50.000;0.000;;True;9750.000;True;9750.000;True;False
57.734;ACQUIRE;1;11650;267.000;267.000;217.000;-50.000;0.880;;True;9900.000;True;9900.000;True;False
57.875;ACQUIRE;1;11650;267.000;257.000;217.000;-50.000;2.661;;True;10050.000;True;10050.000;True;False
58.000;ACQUIRE;1;11650;267.000;257.000;227.000;-40.000;10.744;;True;10200.000;True;10200.000;True;False
58.125;ACQUIRE;1;11650;267.000;257.000;237.000;-30.000;22.908;;True;10350.000;True;10350.000;True;False
58.250;ACQUIRE;1;11650;267.000;237.000;237.000;-30.000;23.803;;True;10500.000;True;10350.000;True;False
58.375;ACQUIRE;1;11650;267.000;247.000;247.000;-20.000;33.768;;True;10650.000;True;10650.000;True;False
58.515;ACQUIRE;1;11650;267.000;257.000;257.000;-10.000;45.055;;True;10800.000;True;10650.000;True;False
58.640;ACQUIRE;1;11650;267.000;227.000;257.000;-10.000;49.998;;True;10950.000;True;10800.000;True;False
58.765;ACQUIRE;1;11650;267.000;267.000;257.000;-10.000;46.620;;True;10950.000;True;10950.000;True;False
58.890;ACQUIRE;1;11650;267.000;298.000;257.000;-10.000;35.459;;True;11100.000;True;11100.000;True;False
59.015;ACQUIRE;1;11650;267.000;257.000;257.000;-10.000;25.327;;True;11250.000;True;11250.000;True;False
59.172;ACQUIRE;1;11650;267.000;298.000;257.000;-10.000;17.413;;True;11400.000;True;11400.000;True;False
59.297;ACQUIRE;1;11650;267.000;217.000;257.000;-10.000;6.376;;True;11550.000;True;11550.000;True;False
59.422;ACQUIRE;1;11650;267.000;278.000;257.000;-10.000;0.000;;True;11650.000;True;11650.000;True;False
59.547;ACQUIRE;1;11650;267.000;288.000;267.000;0.000;6.279;;True;11650.000;True;11650.000;True;False
59.672;ACQUIRE;1;11650;267.000;318.000;278.000;11.000;17.662;;True;11650.000;True;11650.000;True;False
59.812;ACQUIRE;1;11650;267.000;298.000;288.000;21.000;31.758;;True;11650.000;True;11650.000;True;False
59.937;ACQUIRE;1;11650;267.000;308.000;298.000;31.000;47.010;;True;11650.000;True;11650.000;True;False
59.953;HOLD;1;11650;267.000;308.000;298.000;31.000;49.818;;True;11650.000;True;11650.000;True;False
60.078;HOLD;1;11650;267.000;411.000;298.000;31.000;56.741;;True;11650.000;True;11650.000;True;False
60.203;HOLD;1;11650;267.000;267.000;298.000;31.000;55.987;;True;11650.000;True;11650.000;True;False
60.328;HOLD;1;11650;267.000;318.000;308.000;41.000;53.724;;True;11650.000;True;11650.000;True;False
60.453;HOLD;1;11650;267.000;380.000;308.000;41.000;42.297;;True;11650.000;True;11650.000;True;False
60.594;HOLD;1;11650;267.000;298.000;308.000;41.000;29.819;;True;11650.000;True;11650.000;True;False
60.719;HOLD;1;11650;267.000;360.000;308.000;41.000;20.070;;True;11650.000;True;11650.000;True;False
60.844;HOLD;1;11650;267.000;257.000;308.000;41.000;13.847;;True;11650.000;True;11650.000;True;False
60.969;HOLD;1;11650;267.000;278.000;308.000;41.000;11.121;;True;11650.000;True;11650.000;True;False
61.078;HOLD;1;11650;267.000;288.000;298.000;31.000;4.120;;True;11650.000;True;11650.000;True;False
61.187;HOLD;1;11650;267.000;340.000;298.000;31.000;0.000;;True;11650.000;True;11650.000;True;False
61.312;HOLD;1;11650;267.000;237.000;298.000;31.000;0.000;;True;11650.000;True;11650.000;True;False
61.437;HOLD;1;11650;267.000;247.000;288.000;21.000;0.000;;True;11650.000;True;11650.000;True;False
61.562;HOLD;1;11650;267.000;288.000;288.000;21.000;0.000;;True;11650.000;True;11650.000;True;False
61.687;HOLD;1;11650;267.000;267.000;278.000;11.000;0.000;;True;11650.000;True;11650.000;True;False
61.812;HOLD;1;11650;267.000;176.000;267.000;0.000;0.000;;True;11650.000;True;11650.000;True;False
61.937;HOLD;1;11650;267.000;340.000;278.000;11.000;0.000;;True;11650.000;True;11650.000;True;False
62.062;HOLD;1;11650;267.000;186.000;267.000;0.000;0.000;;True;11650.000;True;11650.000;True;False
62.187;HOLD;1;11650;267.000;298.000;267.000;0.000;0.000;;True;11650.000;True;11650.000;True;False
62.312;HOLD;1;11650;267.000;207.000;247.000;-20.000;0.000;;True;11650.000;True;11650.000;True;False
62.437;HOLD;1;11650;267.000;278.000;267.000;0.000;0.000;;True;11650.000;True;11650.000;True;False
62.547;HOLD;1;11650;267.000;237.000;267.000;0.000;0.000;;True;11650.000;True;11650.000;True;False
62.687;HOLD;1;11650;267.000;350.000;267.000;0.000;0.000;;True;11650.000;True;11650.000;True;False
62.812;HOLD;1;11650;267.000;247.000;247.000;-20.000;0.000;;True;11650.000;True;11650.000;True;False
62.937;HOLD;1;11650;267.000;328.000;278.000;11.000;0.000;;True;11650.000;True;11650.000;True;False
63.062;HOLD;1;11650;267.000;207.000;247.000;-20.000;0.000;;True;11650.000;True;11650.000;True;False
63.187;HOLD;1;11650;267.000;318.000;278.000;11.000;6.040;;True;11650.000;True;11650.000;True;False
63.328;HOLD;1;11650;267.000;298.000;278.000;11.000;9.726;;True;11650.000;True;11650.000;True;False
63.453;HOLD;1;11650;267.000;257.000;278.000;11.000;17.964;;True;11650.000;True;11650.000;True;False
63.578;HOLD;1;11650;267.000;267.000;267.000;0.000;17.406;;True;11650.000;True;11650.000;True;False
63.703;HOLD;1;11650;267.000;298.000;298.000;31.000;36.668;;True;11650.000;True;11650.000;True;False
63.844;HOLD;1;11650;267.000;328.000;298.000;31.000;33.421;;True;11650.000;True;11650.000;True;False
63.984;HOLD;1;11650;267.000;257.000;298.000;31.000;45.930;;True;11650.000;True;11650.000;True;False
64.109;HOLD;1;11650;267.000;400.000;298.000;31.000;29.961;;True;11650.000;True;11650.000;True;False
64.234;HOLD;1;11650;267.000;298.000;298.000;31.000;30.333;;True;11650.000;True;11650.000;True;False
64.359;HOLD;1;11650;267.000;278.000;298.000;31.000;26.926;;True;11650.000;True;11650.000;True;False
64.484;HOLD;1;11650;267.000;288.000;288.000;21.000;13.742;;True;11650.000;True;11650.000;True;False
64.625;HOLD;1;11650;267.000;257.000;288.000;21.000;0.000;;True;11650.000;True;11650.000;True;False
64.734;HOLD;1;11650;267.000;278.000;288.000;21.000;0.000;;True;11650.000;True;11650.000;True;False
64.875;HOLD;1;11650;267.000;257.000;278.000;11.000;0.000;;True;11650.000;True;11650.000;True;False
65.000;HOLD;1;11650;267.000;340.000;278.000;11.000;0.000;;True;11650.000;True;11650.000;True;False
65.109;HOLD;1;11650;267.000;237.000;278.000;11.000;0.000;;True;11650.000;True;11650.000;True;False
65.234;HOLD;1;11650;267.000;298.000;278.000;11.000;0.000;;True;11650.000;True;11650.000;True;False
65.359;HOLD;1;11650;267.000;328.000;278.000;11.000;0.000;;True;11650.000;True;11650.000;True;False
65.500;HOLD;1;11650;267.000;308.000;288.000;21.000;0.000;;True;11650.000;True;11650.000;True;False
65.625;HOLD;1;11650;267.000;298.000;298.000;31.000;5.539;;True;11650.000;True;11650.000;True;False
65.750;HOLD;1;11650;267.000;227.000;298.000;31.000;25.916;;True;11650.000;True;11650.000;True;False
65.859;HOLD;1;11650;267.000;267.000;298.000;31.000;25.617;;True;11650.000;True;11650.000;True;False
65.984;HOLD;1;11650;267.000;237.000;298.000;31.000;26.936;;True;11650.000;True;11650.000;True;False
66.125;HOLD;1;11650;267.000;267.000;267.000;0.000;4.971;;True;11650.000;True;11650.000;True;False
66.250;HOLD;1;11650;267.000;237.000;267.000;0.000;0.000;;True;11650.000;True;11650.000;True;False
66.375;HOLD;1;11650;267.000;227.000;267.000;0.000;0.000;;True;11650.000;True;11650.000;True;False
66.500;HOLD;1;11650;267.000;227.000;237.000;-30.000;0.000;;True;11650.000;True;11650.000;True;False
66.625;HOLD;1;11650;267.000;207.000;237.000;-30.000;0.000;;True;11650.000;True;11650.000;True;False
66.750;HOLD;1;11650;267.000;257.000;237.000;-30.000;0.000;;True;11650.000;True;11650.000;True;False
66.890;HOLD;1;11650;267.000;217.000;237.000;-30.000;0.000;;True;11650.000;True;11650.000;True;False
67.015;HOLD;1;11650;267.000;257.000;237.000;-30.000;0.000;;True;11650.000;True;11650.000;True;False
67.140;HOLD;1;11650;267.000;257.000;237.000;-30.000;0.000;;True;11650.000;True;11650.000;True;False
67.265;HOLD;1;11650;267.000;247.000;237.000;-30.000;0.000;;True;11650.000;True;11650.000;True;False
67.390;HOLD;1;11650;267.000;237.000;237.000;-30.000;0.000;;True;11650.000;True;11650.000;True;False
67.515;HOLD;1;11650;267.000;257.000;247.000;-20.000;6.498;;True;11650.000;True;11650.000;True;False
67.656;HOLD;1;11650;267.000;237.000;247.000;-20.000;11.198;;True;11650.000;True;11650.000;True;False
67.765;HOLD;1;11650;267.000;237.000;247.000;-20.000;14.217;;True;11650.000;True;11650.000;True;False
67.906;HOLD;1;11650;267.000;227.000;237.000;-30.000;8.372;;True;11650.000;True;11650.000;True;False
68.031;HOLD;1;11650;267.000;227.000;237.000;-30.000;2.717;;True;11650.000;True;11650.000;True;False
68.156;HOLD;1;11650;267.000;298.000;237.000;-30.000;0.000;;True;11650.000;True;11650.000;True;False
68.312;HOLD;1;11650;267.000;217.000;237.000;-30.000;0.000;;True;11650.000;True;11650.000;True;False
68.437;HOLD;1;11650;267.000;257.000;237.000;-30.000;0.000;;True;11650.000;True;11650.000;True;False
68.562;HOLD;1;11650;267.000;186.000;237.000;-30.000;0.000;;True;11650.000;True;11650.000;True;False
68.703;HOLD;1;11650;267.000;267.000;237.000;-30.000;0.000;;True;11650.000;True;11650.000;True;False
68.828;HOLD;1;11650;267.000;186.000;227.000;-40.000;0.000;;True;11650.000;True;11650.000;True;False
68.969;HOLD;1;11650;267.000;217.000;227.000;-40.000;0.000;;True;11650.000;True;11650.000;True;False
69.094;HOLD;1;11650;267.000;227.000;227.000;-40.000;0.000;;True;11650.000;True;11650.000;True;False
69.219;HOLD;1;11650;267.000;227.000;227.000;-40.000;0.000;;True;11650.000;True;11650.000;True;False
69.344;HOLD;1;11650;267.000;156.000;217.000;-50.000;0.000;;True;11650.000;True;11650.000;True;False
69.469;HOLD;1;11650;267.000;237.000;227.000;-40.000;0.000;;True;11650.000;True;11650.000;True;False
69.609;HOLD;1;11650;267.000;156.000;217.000;-50.000;0.000;;True;11650.000;True;11650.000;True;False
69.750;HOLD;1;11650;267.000;237.000;227.000;-40.000;0.000;;True;11650.000;True;11650.000;True;False
69.890;HOLD;1;11650;267.000;318.000;227.000;-40.000;0.000;;True;11650.000;True;11650.000;True;False
70.015;HOLD;1;11650;267.000;156.000;227.000;-40.000;1.948;;True;11650.000;True;11650.000;True;False
70.140;HOLD;1;11650;267.000;186.000;227.000;-40.000;5.429;;True;11650.000;True;11650.000;True;False
70.265;HOLD;1;11650;267.000;318.000;227.000;-40.000;8.999;;True;11650.000;True;11650.000;True;False
70.406;HOLD;1;11650;267.000;176.000;186.000;-81.000;0.000;;True;11650.000;True;11650.000;True;False
70.531;HOLD;1;11650;267.000;298.000;237.000;-30.000;0.000;;True;11650.000;True;11650.000;True;False
70.656;HOLD;1;11650;267.000;247.000;237.000;-30.000;0.000;;True;11650.000;True;11650.000;True;False
70.781;HOLD;1;11650;267.000;196.000;237.000;-30.000;9.763;;True;11650.000;True;11650.000;True;False
70.906;HOLD;1;11650;267.000;95.000;196.000;-71.000;0.000;;True;11650.000;True;11650.000;True;False
71.047;HOLD;1;11650;267.000;166.000;186.000;-81.000;0.000;;True;11650.000;True;11650.000;True;False
71.172;HOLD;1;11650;267.000;176.000;186.000;-81.000;0.000;;True;11650.000;True;11650.000;True;False
71.297;HOLD;1;11650;267.000;186.000;186.000;-81.000;0.000;;True;11650.000;True;11650.000;True;False
71.422;HOLD;1;11650;267.000;176.000;176.000;-91.000;0.000;;True;11650.000;True;11650.000;True;False
71.547;HOLD;1;11650;267.000;156.000;176.000;-91.000;0.000;;True;11650.000;True;11650.000;True;False
71.687;HOLD;1;11650;267.000;136.000;176.000;-91.000;0.000;;True;11650.000;True;11650.000;True;False
71.797;HOLD;1;11650;267.000;166.000;166.000;-101.000;0.000;;True;11650.000;True;11650.000;True;False
71.937;HOLD;1;11650;267.000;136.000;166.000;-101.000;0.000;;True;11650.000;True;11650.000;True;False
72.062;HOLD;1;11650;267.000;237.000;166.000;-101.000;0.000;;True;11650.000;True;11650.000;True;False
72.187;HOLD;1;11650;267.000;115.000;166.000;-101.000;0.000;;True;11650.000;True;11650.000;True;False
72.312;HOLD;1;11650;267.000;176.000;166.000;-101.000;0.000;;True;11650.000;True;11650.000;True;False
72.437;HOLD;1;11650;267.000;105.000;156.000;-111.000;0.000;;True;11650.000;True;11650.000;True;False
72.578;HOLD;1;11650;267.000;298.000;156.000;-111.000;0.000;;True;11650.000;True;11650.000;True;False
72.719;HOLD;1;11650;267.000;125.000;136.000;-131.000;0.000;;True;11650.000;True;11650.000;True;False
72.844;HOLD;1;11650;267.000;288.000;166.000;-101.000;0.000;;True;11650.000;True;11650.000;True;False
72.969;HOLD;1;11650;267.000;196.000;176.000;-91.000;0.000;;True;11650.000;True;11650.000;True;False
73.109;HOLD;1;11650;267.000;136.000;176.000;-91.000;11.436;;True;11650.000;True;11650.000;True;False
73.250;HOLD;1;11650;267.000;298.000;176.000;-91.000;22.804;;True;11650.000;True;11650.000;True;False
73.375;HOLD;1;11650;267.000;298.000;196.000;-71.000;44.963;;True;11650.000;True;11650.000;True;False
73.500;HOLD;1;11650;267.000;298.000;288.000;21.000;112.038;;True;11650.000;True;11650.000;True;False
73.625;HOLD;1;11650;267.000;278.000;288.000;21.000;156.774;;True;11650.000;True;11650.000;True;False
73.750;HOLD;1;11650;267.000;115.000;278.000;11.000;154.662;;True;11650.000;True;11650.000;True;False
73.906;HOLD;1;11650;267.000;166.000;278.000;11.000;148.493;;True;11650.000;True;11650.000;True;False
74.031;HOLD;1;11650;267.000;298.000;278.000;11.000;132.241;;True;11650.000;True;11650.000;True;False
74.156;HOLD;1;11650;267.000;237.000;278.000;11.000;97.262;;True;11650.000;True;11650.000;True;False
74.281;HOLD;1;11650;267.000;328.000;298.000;31.000;56.786;;True;11650.000;True;11650.000;True;False
74.406;HOLD;1;11650;267.000;278.000;278.000;11.000;0.000;;True;11650.000;True;11650.000;True;False
74.547;HOLD;1;11650;267.000;156.000;278.000;11.000;0.000;;True;11650.000;True;11650.000;True;False
74.672;HOLD;1;11650;267.000;328.000;278.000;11.000;1.760;;True;11650.000;True;11650.000;True;False
74.797;HOLD;1;11650;267.000;328.000;278.000;11.000;0.000;;True;11650.000;True;11650.000;True;False
74.937;HOLD;1;11650;267.000;328.000;298.000;31.000;7.440;;True;11650.000;True;11650.000;True;False
75.062;HOLD;1;11650;267.000;288.000;298.000;31.000;12.910;;True;11650.000;True;11650.000;True;False
75.187;HOLD;1;11650;267.000;298.000;298.000;31.000;14.728;;True;11650.000;True;11650.000;True;False
75.328;HOLD;1;11650;267.000;328.000;328.000;61.000;48.554;;True;11650.000;True;11650.000;True;False
75.453;HOLD;1;11650;267.000;318.000;318.000;51.000;54.343;;True;11650.000;True;11650.000;True;False
75.578;HOLD;1;11650;267.000;308.000;318.000;51.000;52.509;;True;11650.000;True;11650.000;True;False
75.719;HOLD;1;11650;267.000;328.000;328.000;61.000;49.493;;True;11650.000;True;11650.000;True;False
75.844;HOLD;1;11650;267.000;298.000;318.000;51.000;31.328;;True;11650.000;True;11650.000;True;False
75.969;HOLD;1;11650;267.000;308.000;308.000;41.000;15.917;;True;11650.000;True;11650.000;True;False
76.094;HOLD;1;11650;267.000;298.000;308.000;41.000;0.000;;True;11650.000;True;11650.000;True;False
76.234;HOLD;1;11650;267.000;298.000;308.000;41.000;0.000;;True;11650.000;True;11650.000;True;False
76.359;HOLD;1;11650;267.000;267.000;308.000;41.000;0.000;;True;11650.000;True;11650.000;True;False
76.484;HOLD;1;11650;267.000;278.000;298.000;31.000;0.000;;True;11650.000;True;11650.000;True;False
76.609;HOLD;1;11650;267.000;257.000;298.000;31.000;0.000;;True;11650.000;True;11650.000;True;False
76.734;HOLD;1;11650;267.000;288.000;298.000;31.000;0.000;;True;11650.000;True;11650.000;True;False
76.859;HOLD;1;11650;267.000;298.000;298.000;31.000;0.000;;True;11650.000;True;11650.000;True;False
77.000;HOLD;1;11650;267.000;308.000;298.000;31.000;0.000;;True;11650.000;True;11650.000;True;False
77.125;HOLD;1;11650;267.000;288.000;288.000;21.000;0.000;;True;11650.000;True;11650.000;True;False
77.250;HOLD;1;11650;267.000;288.000;288.000;21.000;0.000;;True;11650.000;True;11650.000;True;False
77.375;HOLD;1;11650;267.000;288.000;288.000;21.000;0.000;;True;11650.000;True;11650.000;True;False
77.500;HOLD;1;11650;267.000;308.000;288.000;21.000;0.000;;True;11650.000;True;11650.000;True;False
77.640;HOLD;1;11650;267.000;288.000;288.000;21.000;0.000;;True;11650.000;True;11650.000;True;False
77.765;HOLD;1;11650;267.000;267.000;288.000;21.000;0.000;;True;11650.000;True;11650.000;True;False
77.890;HOLD;1;11650;267.000;318.000;288.000;21.000;0.000;;True;11650.000;True;11650.000;True;False
78.015;HOLD;1;11650;267.000;288.000;288.000;21.000;0.000;;True;11650.000;True;11650.000;True;False
78.140;HOLD;1;11650;267.000;298.000;288.000;21.000;0.000;;True;11650.000;True;11650.000;True;False
78.265;HOLD;1;11650;267.000;257.000;288.000;21.000;0.000;;True;11650.000;True;11650.000;True;False
78.390;HOLD;1;11650;267.000;308.000;288.000;21.000;0.000;;True;11650.000;True;11650.000;True;False
78.515;HOLD;1;11650;267.000;278.000;288.000;21.000;0.000;;True;11650.000;True;11650.000;True;False
78.640;HOLD;1;11650;267.000;298.000;288.000;21.000;0.000;;True;11650.000;True;11650.000;True;False
78.765;HOLD;1;11650;267.000;308.000;298.000;31.000;5.333;;True;11650.000;True;11650.000;True;False
78.890;HOLD;1;11650;267.000;247.000;298.000;31.000;9.333;;True;11650.000;True;11650.000;True;False
79.015;HOLD;1;11650;267.000;267.000;288.000;21.000;6.667;;True;11650.000;True;11650.000;True;False
79.156;HOLD;1;11650;267.000;308.000;298.000;31.000;10.403;;True;11650.000;True;11650.000;True;False
79.281;HOLD;1;11650;267.000;298.000;298.000;31.000;11.254;;True;11650.000;True;11650.000;True;False
79.390;HOLD;1;11650;267.000;298.000;298.000;31.000;10.588;;True;11650.000;True;11650.000;True;False
79.531;HOLD;1;11650;267.000;298.000;298.000;31.000;7.544;;True;11650.000;True;11650.000;True;False
79.656;HOLD;1;11650;267.000;350.000;298.000;31.000;2.872;;True;11650.000;True;11650.000;True;False
79.781;HOLD;1;11650;267.000;288.000;298.000;31.000;4.752;;True;11650.000;True;11650.000;True;False
79.922;HOLD;1;11650;267.000;278.000;298.000;31.000;6.572;;True;11650.000;True;11650.000;True;False
80.047;HOLD;1;11650;267.000;298.000;298.000;31.000;0.000;;True;11650.000;True;11650.000;True;False
80.172;HOLD;1;11650;267.000;328.000;298.000;31.000;0.000;;True;11650.000;True;11650.000;True;False
80.297;HOLD;1;11650;267.000;308.000;298.000;31.000;0.000;;True;11650.000;True;11650.000;True;False
80.406;HOLD;1;11650;267.000;278.000;298.000;31.000;0.000;;True;11650.000;True;11650.000;True;False
80.547;HOLD;1;11650;267.000;390.000;298.000;31.000;0.000;;True;11650.000;True;11650.000;True;False
80.687;HOLD;1;11650;267.000;267.000;298.000;31.000;0.000;;True;11650.000;True;11650.000;True;False
80.812;HOLD;1;11650;267.000;308.000;298.000;31.000;0.000;;True;11650.000;True;11650.000;True;False
80.953;HOLD;1;11650;267.000;308.000;308.000;41.000;6.596;;True;11650.000;True;11650.000;True;False
81.094;HOLD;1;11650;267.000;257.000;308.000;41.000;10.981;;True;11650.000;True;11650.000;True;False
81.250;HOLD;1;11650;267.000;278.000;308.000;41.000;13.171;;True;11650.000;True;11650.000;True;False
81.375;HOLD;1;11650;267.000;390.000;308.000;41.000;13.710;;True;11650.000;True;11650.000;True;False
81.500;HOLD;1;11650;267.000;288.000;288.000;21.000;1.133;;True;11650.000;True;11650.000;True;False
81.625;HOLD;1;11650;267.000;390.000;308.000;41.000;1.915;;True;11650.000;True;11650.000;True;False
81.750;HOLD;1;11650;267.000;308.000;308.000;41.000;0.959;;True;11650.000;True;11650.000;True;False
81.875;HOLD;1;11650;267.000;400.000;308.000;41.000;0.000;;True;11650.000;True;11650.000;True;False
82.015;HOLD;1;11650;267.000;298.000;308.000;41.000;1.734;;True;11650.000;True;11650.000;True;False
82.140;HOLD;1;11650;267.000;390.000;308.000;41.000;5.633;;True;11650.000;True;11650.000;True;False
82.265;HOLD;1;11650;267.000;350.000;350.000;83.000;36.699;;True;11650.000;True;11650.000;True;False
82.390;HOLD;1;11650;267.000;380.000;380.000;113.000;79.190;;True;11650.000;True;11650.000;True;False
82.515;HOLD;1;11650;267.000;400.000;380.000;113.000;91.883;;True;11650.000;True;11650.000;True;False
82.656;HOLD;1;11650;267.000;400.000;390.000;123.000;110.005;;True;11650.000;True;11650.000;True;False
82.781;HOLD;1;11650;267.000;328.000;380.000;113.000;106.965;;True;11650.000;True;11650.000;True;False
82.922;HOLD;1;11650;267.000;400.000;390.000;123.000;96.377;;True;11650.000;True;11650.000;True;False
83.047;HOLD;1;11650;267.000;390.000;390.000;123.000;70.992;;True;11650.000;True;11650.000;True;False
83.172;HOLD;1;11650;267.000;298.000;390.000;123.000;31.813;;True;11650.000;True;11650.000;True;False
83.312;HOLD;1;11650;267.000;411.000;390.000;123.000;11.853;;True;11650.000;True;11650.000;True;False
83.422;HOLD;1;11650;267.000;298.000;390.000;123.000;9.292;;True;11650.000;True;11650.000;True;False
83.547;HOLD;1;11650;267.000;400.000;400.000;133.000;11.157;;True;11650.000;True;11650.000;True;False
83.672;HOLD;1;11650;267.000;278.000;390.000;123.000;11.389;;True;11650.000;True;11650.000;True;False
83.797;HOLD;1;11650;267.000;288.000;328.000;61.000;0.000;;True;11650.000;True;11650.000;True;False
83.937;HOLD;1;11650;267.000;278.000;298.000;31.000;0.000;;True;11650.000;True;11650.000;True;False
84.078;HOLD;1;11650;267.000;328.000;298.000;31.000;0.000;;True;11650.000;True;11650.000;True;False
84.203;HOLD;1;11650;267.000;340.000;298.000;31.000;0.000;;True;11650.000;True;11650.000;True;False
84.344;HOLD;1;11650;267.000;318.000;318.000;51.000;0.000;;True;11650.000;True;11650.000;True;False
84.469;HOLD;1;11650;267.000;288.000;298.000;31.000;0.000;;True;11650.000;True;11650.000;True;False
84.594;HOLD;1;11650;267.000;278.000;288.000;21.000;0.000;;True;11650.000;True;11650.000;True;False
84.734;HOLD;1;11650;267.000;328.000;288.000;21.000;0.000;;True;11650.000;True;11650.000;True;False
84.859;HOLD;1;11650;267.000;328.000;318.000;51.000;3.775;;True;11650.000;True;11650.000;True;False
85.000;HOLD;1;11650;267.000;318.000;318.000;51.000;12.945;;True;11650.000;True;11650.000;True;False
85.125;HOLD;1;11650;267.000;298.000;318.000;51.000;18.343;;True;11650.000;True;11650.000;True;False
85.250;HOLD;1;11650;267.000;278.000;318.000;51.000;20.298;;True;11650.000;True;11650.000;True;False
85.375;HOLD;1;11650;267.000;340.000;318.000;51.000;34.884;;True;11650.000;True;11650.000;True;False
85.515;HOLD;1;11650;267.000;318.000;318.000;51.000;32.987;;True;11650.000;True;11650.000;True;False
85.640;HOLD;1;11650;267.000;278.000;318.000;51.000;19.323;;True;11650.000;True;11650.000;True;False
85.765;HOLD;1;11650;267.000;278.000;318.000;51.000;0.000;;True;11650.000;True;11650.000;True;False
85.906;HOLD;1;11650;267.000;267.000;298.000;31.000;0.000;;True;11650.000;True;11650.000;True;False
86.031;HOLD;1;11650;267.000;318.000;298.000;31.000;0.000;;True;11650.000;True;11650.000;True;False
86.172;HOLD;1;11650;267.000;278.000;278.000;11.000;0.000;;True;11650.000;True;11650.000;True;False
86.297;HOLD;1;11650;267.000;298.000;278.000;11.000;0.000;;True;11650.000;True;11650.000;True;False
86.422;HOLD;1;11650;267.000;267.000;278.000;11.000;0.000;;True;11650.000;True;11650.000;True;False
86.547;HOLD;1;11650;267.000;288.000;278.000;11.000;0.000;;True;11650.000;True;11650.000;True;False
86.687;HOLD;1;11650;267.000;267.000;278.000;11.000;0.000;;True;11650.000;True;11650.000;True;False
86.812;HOLD;1;11650;267.000;267.000;278.000;11.000;0.000;;True;11650.000;True;11650.000;True;False
86.937;HOLD;1;11650;267.000;257.000;267.000;0.000;0.000;;True;11650.000;True;11650.000;True;False
87.062;HOLD;1;11650;267.000;328.000;278.000;11.000;0.000;;True;11650.000;True;11650.000;True;False
87.187;HOLD;1;11650;267.000;247.000;267.000;0.000;0.000;;True;11650.000;True;11650.000;True;False
87.312;HOLD;1;11650;267.000;267.000;267.000;0.000;0.000;;True;11650.000;True;11650.000;True;False
87.453;HOLD;1;11650;267.000;247.000;267.000;0.000;0.000;;True;11650.000;True;11650.000;True;False
87.594;HOLD;1;11650;267.000;247.000;267.000;0.000;0.000;;True;11650.000;True;11650.000;True;False
87.719;HOLD;1;11650;267.000;318.000;267.000;0.000;0.000;;True;11650.000;True;11650.000;True;False
87.844;HOLD;1;11650;267.000;298.000;267.000;0.000;0.000;;True;11650.000;True;11650.000;True;False
87.969;HOLD;1;11650;267.000;247.000;257.000;-10.000;0.000;;True;11650.000;True;11650.000;True;False
88.094;HOLD;1;11650;267.000;257.000;257.000;-10.000;0.000;;True;11650.000;True;11650.000;True;False
88.219;HOLD;1;11650;267.000;308.000;257.000;-10.000;0.000;;True;11650.000;True;11650.000;True;False
88.359;HOLD;1;11650;267.000;227.000;257.000;-10.000;0.000;;True;11650.000;True;11650.000;True;False
88.484;HOLD;1;11650;267.000;257.000;257.000;-10.000;0.000;;True;11650.000;True;11650.000;True;False
88.609;HOLD;1;11650;267.000;247.000;257.000;-10.000;0.000;;True;11650.000;True;11650.000;True;False
88.734;HOLD;1;11650;267.000;217.000;257.000;-10.000;0.000;;True;11650.000;True;11650.000;True;False
88.859;HOLD;1;11650;267.000;257.000;257.000;-10.000;0.000;;True;11650.000;True;11650.000;True;False
89.015;HOLD;1;11650;267.000;267.000;257.000;-10.000;0.000;;True;11650.000;True;11650.000;True;False
89.140;HOLD;1;11650;267.000;267.000;257.000;-10.000;0.000;;True;11650.000;True;11650.000;True;False
89.265;HOLD;1;11650;267.000;217.000;257.000;-10.000;0.000;;True;11650.000;True;11650.000;True;False
89.390;HOLD;1;11650;267.000;298.000;257.000;-10.000;0.000;;True;11650.000;True;11650.000;True;False
89.515;HOLD;1;11650;267.000;217.000;257.000;-10.000;0.000;;True;11650.000;True;11650.000;True;False
89.656;HOLD;1;11650;267.000;227.000;247.000;-20.000;0.000;;True;11650.000;True;11650.000;True;False
89.781;HOLD;1;11650;267.000;288.000;257.000;-10.000;0.000;;True;11650.000;True;11650.000;True;False
89.906;HOLD;1;11650;267.000;308.000;267.000;0.000;3.640;;True;11650.000;True;11650.000;True;False
90.031;HOLD;1;11650;267.000;217.000;267.000;0.000;10.098;;True;11650.000;True;11650.000;True;False
90.156;HOLD;1;11650;267.000;257.000;257.000;-10.000;8.278;;True;11650.000;True;11650.000;True;False
90.297;HOLD;1;11650;267.000;237.000;237.000;-30.000;0.000;;True;11650.000;True;11650.000;True;False
90.422;HOLD;1;11650;267.000;217.000;237.000;-30.000;0.000;;True;11650.000;True;11650.000;True;False
90.547;HOLD;1;11650;267.000;166.000;227.000;-40.000;0.000;;True;11650.000;True;11650.000;True;False
90.672;HOLD;1;11650;267.000;288.000;237.000;-30.000;0.000;;True;11650.000;True;11650.000;True;False
90.797;HOLD;1;11650;267.000;247.000;247.000;-20.000;0.000;;True;11650.000;True;11650.000;True;False
90.922;HOLD;1;11650;267.000;227.000;237.000;-30.000;0.000;;True;11650.000;True;11650.000;True;False
91.031;HOLD;1;11650;267.000;166.000;227.000;-40.000;0.000;;True;11650.000;True;11650.000;True;False
91.172;HOLD;1;11650;267.000;298.000;237.000;-30.000;0.000;;True;11650.000;True;11650.000;True;False
91.297;HOLD;1;11650;267.000;247.000;237.000;-30.000;0.153;;True;11650.000;True;11650.000;True;False
91.422;HOLD;1;11650;267.000;237.000;237.000;-30.000;1.491;;True;11650.000;True;11650.000;True;False
91.547;HOLD;1;11650;267.000;237.000;237.000;-30.000;2.818;;True;11650.000;True;11650.000;True;False
91.672;HOLD;1;11650;267.000;237.000;237.000;-30.000;0.000;;True;11650.000;True;11650.000;True;False
91.812;HOLD;1;11650;267.000;278.000;237.000;-30.000;4.830;;True;11650.000;True;11650.000;True;False
91.922;HOLD;1;11650;267.000;207.000;237.000;-30.000;4.067;;True;11650.000;True;11650.000;True;False
92.062;HOLD;1;11650;267.000;318.000;237.000;-30.000;0.000;;True;11650.000;True;11650.000;True;False
92.187;HOLD;1;11650;267.000;176.000;237.000;-30.000;0.000;;True;11650.000;True;11650.000;True;False
92.312;HOLD;1;11650;267.000;298.000;237.000;-30.000;0.000;;True;11650.000;True;11650.000;True;False
92.437;HOLD;1;11650;267.000;318.000;237.000;-30.000;0.000;;True;11650.000;True;11650.000;True;False
92.562;HOLD;1;11650;267.000;267.000;267.000;0.000;19.601;;True;11650.000;True;11650.000;True;False
92.687;HOLD;1;11650;267.000;186.000;267.000;0.000;33.962;;True;11650.000;True;11650.000;True;False
92.812;HOLD;1;11650;267.000;278.000;278.000;11.000;41.539;;True;11650.000;True;11650.000;True;False
92.937;HOLD;1;11650;267.000;308.000;278.000;11.000;58.286;;True;11650.000;True;11650.000;True;False
93.062;HOLD;1;11650;267.000;257.000;278.000;11.000;53.200;;True;11650.000;True;11650.000;True;False
93.203;HOLD;1;11650;267.000;328.000;278.000;11.000;50.275;;True;11650.000;True;11650.000;True;False
93.328;HOLD;1;11650;267.000;267.000;278.000;11.000;34.805;;True;11650.000;True;11650.000;True;False
93.437;HOLD;1;11650;267.000;207.000;267.000;0.000;23.111;;True;11650.000;True;11650.000;True;False
93.562;HOLD;1;11650;267.000;370.000;267.000;0.000;0.165;;True;11650.000;True;11650.000;True;False
93.687;HOLD;1;11650;267.000;380.000;278.000;11.000;0.000;;True;11650.000;True;11650.000;True;False
93.812;HOLD;1;11650;267.000;308.000;308.000;41.000;11.614;;True;11650.000;True;11650.000;True;False
93.937;HOLD;1;11650;267.000;380.000;308.000;41.000;26.720;;True;11650.000;True;11650.000;True;False
94.078;HOLD;1;11650;267.000;380.000;328.000;61.000;61.690;;True;11650.000;True;11650.000;True;False
94.203;HOLD;1;11650;267.000;360.000;360.000;93.000;81.047;;True;11650.000;True;11650.000;True;False
94.344;HOLD;1;11650;267.000;298.000;360.000;93.000;116.709;;True;11650.000;True;11650.000;True;False
94.469;HOLD;1;11650;267.000;380.000;370.000;103.000;119.255;;True;11650.000;True;11650.000;True;False
94.609;HOLD;1;11650;267.000;370.000;370.000;103.000;102.780;;True;11650.000;True;11650.000;True;False
94.734;HOLD;1;11650;267.000;360.000;370.000;103.000;78.187;;True;11650.000;True;11650.000;True;False
94.859;HOLD;1;11650;267.000;390.000;370.000;103.000;61.970;;True;11650.000;True;11650.000;True;False
94.984;HOLD;1;11650;267.000;380.000;380.000;113.000;40.634;;True;11650.000;True;11650.000;True;False
95.109;HOLD;1;11650;267.000;380.000;380.000;113.000;22.107;;True;11650.000;True;11650.000;True;False
95.234;HOLD;1;11650;267.000;340.000;370.000;103.000;14.081;;True;11650.000;True;11650.000;True;False
95.359;HOLD;1;11650;267.000;370.000;370.000;103.000;3.790;;True;11650.000;True;11650.000;True;False
95.484;HOLD;1;11650;267.000;350.000;370.000;103.000;0.000;;True;11650.000;True;11650.000;True;False
95.625;HOLD;1;11650;267.000;380.000;370.000;103.000;0.000;;True;11650.000;True;11650.000;True;False
95.750;HOLD;1;11650;267.000;370.000;370.000;103.000;0.000;;True;11650.000;True;11650.000;True;False
95.875;HOLD;1;11650;267.000;380.000;380.000;113.000;0.000;;True;11650.000;True;11650.000;True;False
96.000;HOLD;1;11650;267.000;390.000;380.000;113.000;4.653;;True;11650.000;True;11650.000;True;False
96.125;HOLD;1;11650;267.000;350.000;370.000;103.000;7.456;;True;11650.000;True;11650.000;True;False
96.250;HOLD;1;11650;267.000;370.000;370.000;103.000;3.791;;True;11650.000;True;11650.000;True;False
96.375;HOLD;1;11650;267.000;441.000;370.000;103.000;0.060;;True;11650.000;True;11650.000;True;False
96.500;HOLD;1;11650;267.000;451.000;380.000;113.000;2.857;;True;11650.000;True;11650.000;True;False
96.640;HOLD;1;11650;267.000;370.000;380.000;113.000;3.846;;True;11650.000;True;11650.000;True;False
96.781;HOLD;1;11650;267.000;461.000;380.000;113.000;2.952;;True;11650.000;True;11650.000;True;False
96.906;HOLD;1;11650;267.000;431.000;390.000;123.000;14.797;;True;11650.000;True;11650.000;True;False
97.047;HOLD;1;11650;267.000;441.000;431.000;164.000;50.552;;True;11650.000;True;11650.000;True;False
97.172;HOLD;1;11650;267.000;471.000;441.000;174.000;74.526;;True;11650.000;True;11650.000;True;False
97.297;HOLD;1;11650;267.000;461.000;441.000;174.000;86.355;;True;11650.000;True;11650.000;True;False
97.422;HOLD;1;11650;267.000;451.000;451.000;184.000;92.759;;True;11650.000;True;11650.000;True;False
97.547;HOLD;1;11650;267.000;411.000;451.000;184.000;93.940;;True;11650.000;True;11650.000;True;False
97.687;HOLD;1;11650;267.000;471.000;451.000;184.000;80.137;;True;11650.000;True;11650.000;True;False
97.812;HOLD;1;11650;267.000;380.000;451.000;184.000;52.767;;True;11650.000;True;11650.000;True;False
97.937;HOLD;1;11650;267.000;482.000;451.000;184.000;20.408;;True;11650.000;True;11650.000;True;False
98.062;HOLD;1;11650;267.000;441.000;451.000;184.000;11.140;;True;11650.000;True;11650.000;True;False
98.187;HOLD;1;11650;267.000;471.000;461.000;194.000;12.997;;True;11650.000;True;11650.000;True;False
98.312;HOLD;1;11650;267.000;400.000;451.000;184.000;4.657;;True;11650.000;True;11650.000;True;False
98.453;HOLD;1;11650;267.000;482.000;451.000;184.000;2.740;;True;11650.000;True;11650.000;True;False
98.578;HOLD;1;11650;267.000;471.000;471.000;204.000;14.068;;True;11650.000;True;11650.000;True;False
98.703;HOLD;1;11650;267.000;461.000;471.000;204.000;21.428;;True;11650.000;True;11650.000;True;False
98.828;HOLD;1;11650;267.000;492.000;471.000;204.000;25.081;;True;11650.000;True;11650.000;True;False
98.953;HOLD;1;11650;267.000;502.000;471.000;204.000;25.126;;True;11650.000;True;11650.000;True;False
99.094;HOLD;1;11650;267.000;461.000;471.000;204.000;21.231;;True;11650.000;True;11650.000;True;False
99.219;HOLD;1;11650;267.000;411.000;471.000;204.000;22.159;;True;11650.000;True;11650.000;True;False
99.344;HOLD;1;11650;267.000;471.000;471.000;204.000;12.916;;True;11650.000;True;11650.000;True;False
99.469;HOLD;1;11650;267.000;451.000;471.000;204.000;0.000;;True;11650.000;True;11650.000;True;False
99.609;HOLD;1;11650;267.000;461.000;461.000;194.000;0.000;;True;11650.000;True;11650.000;True;False
99.734;HOLD;1;11650;267.000;451.000;461.000;194.000;0.000;;True;11650.000;True;11650.000;True;False
99.890;HOLD;1;11650;267.000;553.000;461.000;194.000;0.000;;True;11650.000;True;11650.000;True;False
100.015;HOLD;1;11650;267.000;482.000;461.000;194.000;0.000;;True;11650.000;True;11650.000;True;False
100.156;HOLD;1;11650;267.000;492.000;461.000;194.000;0.000;;True;11650.000;True;11650.000;True;False
100.297;HOLD;1;11650;267.000;553.000;471.000;204.000;0.000;;True;11650.000;True;11650.000;True;False
100.422;HOLD;1;11650;267.000;583.000;482.000;215.000;10.934;;True;11650.000;True;11650.000;True;False
100.562;HOLD;1;11650;267.000;451.000;482.000;215.000;24.473;;True;11650.000;True;11650.000;True;False
100.687;HOLD;1;11650;267.000;471.000;482.000;215.000;28.426;;True;11650.000;True;11650.000;True;False
100.812;HOLD;1;11650;267.000;563.000;492.000;225.000;35.483;;True;11650.000;True;11650.000;True;False
100.937;HOLD;1;11650;267.000;482.000;492.000;225.000;36.715;;True;11650.000;True;11650.000;True;False
101.062;HOLD;1;11650;267.000;522.000;492.000;225.000;32.604;;True;11650.000;True;11650.000;True;False
101.187;HOLD;1;11650;267.000;563.000;522.000;255.000;41.709;;True;11650.000;True;11650.000;True;False
101.312;HOLD;1;11650;267.000;625.000;553.000;286.000;68.255;;True;11650.000;True;11650.000;True;False
101.422;HOLD;1;11650;267.000;522.000;522.000;255.000;60.381;;True;11650.000;True;11650.000;True;False
101.578;HOLD;1;11650;267.000;615.000;522.000;255.000;60.784;;True;11650.000;True;11650.000;True;False
101.703;HOLD;1;11650;267.000;696.000;563.000;296.000;72.105;;True;11650.000;True;11650.000;True;False
101.828;HOLD;1;11650;267.000;625.000;563.000;296.000;76.479;;True;11650.000;True;11650.000;True;False
101.953;HOLD;1;11650;267.000;625.000;615.000;348.000;101.613;;True;11650.000;True;11650.000;True;False
102.094;HOLD;1;11650;267.000;665.000;625.000;358.000;109.786;;True;11650.000;True;11650.000;True;False
102.203;HOLD;1;11650;267.000;787.000;625.000;358.000;119.652;;True;11650.000;True;11650.000;True;False
102.328;HOLD;1;11650;267.000;665.000;625.000;358.000;137.106;;True;11650.000;True;11650.000;True;False
102.453;HOLD;1;11650;267.000;726.000;665.000;398.000;143.637;;True;11650.000;True;11650.000;True;False
102.594;HOLD;1;11650;267.000;757.000;665.000;398.000;118.497;;True;11650.000;True;11650.000;True;False
102.719;HOLD;1;11650;267.000;625.000;665.000;398.000;101.881;;True;11650.000;True;11650.000;True;False
102.844;HOLD;1;11650;267.000;625.000;665.000;398.000;66.633;;True;11650.000;True;11650.000;True;False
102.969;HOLD;1;11650;267.000;747.000;665.000;398.000;56.408;;True;11650.000;True;11650.000;True;False
103.109;HOLD;1;11650;267.000;747.000;726.000;459.000;83.978;;True;11650.000;True;11650.000;True;False
103.234;HOLD;1;11650;267.000;625.000;726.000;459.000;93.420;;True;11650.000;True;11650.000;True;False
103.375;HOLD;1;11650;267.000;665.000;665.000;398.000;44.332;;True;11650.000;True;11650.000;True;False
103.500;HOLD;1;11650;267.000;716.000;716.000;449.000;54.786;;True;11650.000;True;11650.000;True;False
103.625;HOLD;1;11650;267.000;655.000;665.000;398.000;23.314;;True;11650.000;True;11650.000;True;False
103.750;HOLD;1;11650;267.000;625.000;655.000;388.000;0.000;;True;11650.000;True;11650.000;True;False
103.890;HOLD;1;11650;267.000;645.000;655.000;388.000;0.000;;True;11650.000;True;11650.000;True;False
104.015;HOLD;1;11650;267.000;716.000;665.000;398.000;0.000;;True;11650.000;True;11650.000;True;False
104.140;HOLD;1;11650;267.000;645.000;655.000;388.000;0.000;;True;11650.000;True;11650.000;True;False
104.265;HOLD;1;11650;267.000;696.000;655.000;388.000;0.000;;True;11650.000;True;11650.000;True;False
104.390;HOLD;1;11650;267.000;665.000;665.000;398.000;0.000;;True;11650.000;True;11650.000;True;False
104.515;HOLD;1;11650;267.000;665.000;665.000;398.000;3.681;;True;11650.000;True;11650.000;True;False
104.640;HOLD;1;11650;267.000;603.000;655.000;388.000;4.751;;True;11650.000;True;11650.000;True;False
104.781;HOLD;1;11650;267.000;645.000;645.000;378.000;0.000;;True;11650.000;True;11650.000;True;False
104.906;HOLD;1;11650;267.000;665.000;665.000;398.000;0.000;;True;11650.000;True;11650.000;True;False
123.078;RECOVERY_REBASELINE;1;0;;482.000;665.000;;0.000;0.000;False;0.000;False;0.000;True;False
123.203;RECOVERY_REBASELINE;1;0;;492.000;645.000;;0.000;-160.000;False;0.000;False;0.000;True;False
123.344;RECOVERY_REBASELINE;1;0;;482.000;645.000;;0.000;-73.592;False;0.000;False;0.000;True;False
123.469;RECOVERY_REBASELINE;1;0;;492.000;603.000;;0.000;-140.320;False;0.000;False;0.000;True;False
123.594;RECOVERY_REBASELINE;1;0;;482.000;492.000;;0.000;-296.279;False;0.000;False;0.000;True;False
123.719;RECOVERY_REBASELINE;1;0;;492.000;492.000;;0.000;-301.762;False;0.000;False;0.000;True;False
123.844;RECOVERY_REBASELINE;1;0;;482.000;492.000;;0.000;-272.501;False;0.000;False;0.000;True;False
123.969;RECOVERY_REBASELINE;1;0;;471.000;482.000;;0.000;-244.472;False;0.000;False;0.000;True;False
124.109;RECOVERY_REBASELINE;1;0;;482.000;482.000;;0.000;-213.044;False;0.000;False;0.000;True;False
124.250;RECOVERY_REBASELINE;1;0;;492.000;482.000;;0.000;-184.178;False;0.000;False;0.000;True;False
124.375;RECOVERY_REBASELINE;1;0;;492.000;482.000;;0.000;-160.745;False;0.000;False;0.000;True;False
124.500;RECOVERY_REBASELINE;1;0;;482.000;482.000;;0.000;-141.423;False;0.000;False;0.000;True;False
124.625;RECOVERY_REBASELINE;1;0;;482.000;482.000;;0.000;-125.300;False;0.000;False;0.000;True;False
124.750;RECOVERY_REBASELINE;1;0;;492.000;482.000;;0.000;-111.713;False;0.000;False;0.000;True;False
124.875;RECOVERY_REBASELINE;1;0;;482.000;482.000;;0.000;-100.164;False;0.000;False;0.000;True;False
125.015;RECOVERY_REBASELINE;1;0;;492.000;482.000;;0.000;-89.921;False;0.000;False;0.000;True;False
125.140;RECOVERY_REBASELINE;1;0;;492.000;492.000;;6.608;-79.698;False;0.000;False;0.000;True;False
125.265;RECOVERY_REBASELINE;1;0;;482.000;492.000;;11.226;-71.186;False;0.000;False;0.000;True;False
125.375;RECOVERY_REBASELINE;1;0;;482.000;482.000;;6.716;-65.408;False;0.000;False;0.000;True;False
125.500;RECOVERY_REBASELINE;1;0;;482.000;482.000;;4.161;-60.262;False;0.000;False;0.000;True;False
125.625;RECOVERY_REBASELINE;1;0;;482.000;482.000;;1.546;-55.667;False;0.000;False;0.000;True;False
125.765;RECOVERY_REBASELINE;1;0;;482.000;482.000;;0.000;-51.444;False;0.000;False;0.000;True;False
125.890;RECOVERY_REBASELINE;1;0;;482.000;482.000;;0.000;-47.685;False;0.000;False;0.000;True;False
126.015;RECOVERY_REBASELINE;1;0;;482.000;482.000;;0.000;-44.323;False;0.000;False;0.000;True;False
126.140;RECOVERY_REBASELINE;1;0;;492.000;482.000;;0.000;-41.303;False;0.000;False;0.000;True;False
126.265;RECOVERY_REBASELINE;1;0;;492.000;482.000;;0.000;-38.581;False;0.000;False;0.000;True;False
126.390;RECOVERY_REBASELINE;1;0;;482.000;482.000;;0.000;-36.117;False;0.000;False;0.000;True;False
126.515;RECOVERY_REBASELINE;1;0;;482.000;482.000;;0.000;-33.880;False;0.000;False;0.000;True;False
126.640;RECOVERY_REBASELINE;1;0;;482.000;482.000;;0.000;-31.844;False;0.000;False;0.000;True;False
126.765;RECOVERY_REBASELINE;1;0;;482.000;482.000;;0.000;-29.984;False;0.000;False;0.000;True;False
126.890;RECOVERY_REBASELINE;1;0;;482.000;482.000;;0.000;-28.282;False;0.000;False;0.000;True;False
127.015;RECOVERY_REBASELINE;1;0;;492.000;482.000;;0.000;-26.719;False;0.000;False;0.000;True;False
127.125;RECOVERY_REBASELINE;1;0;;482.000;482.000;;0.000;-25.307;False;0.000;False;0.000;True;False
127.265;RECOVERY_REBASELINE;1;0;;482.000;482.000;;0.000;-23.977;False;0.000;False;0.000;True;False
127.390;RECOVERY_REBASELINE;1;0;;492.000;482.000;;0.000;-22.748;False;0.000;False;0.000;True;False
127.515;RECOVERY_REBASELINE;1;0;;492.000;482.000;;0.000;-21.611;False;0.000;False;0.000;True;False
127.640;RECOVERY_REBASELINE;1;0;;502.000;482.000;;0.000;-20.557;False;0.000;False;0.000;True;False
127.781;RECOVERY_REBASELINE;1;0;;482.000;482.000;;0.000;-19.561;False;0.000;False;0.000;True;False
127.906;RECOVERY_REBASELINE;1;0;;482.000;482.000;;0.000;-18.638;False;0.000;False;0.000;True;False
128.031;RECOVERY_REBASELINE;1;0;;482.000;482.000;;0.000;-17.779;False;0.000;False;0.000;True;False
128.156;RECOVERY_REBASELINE;1;0;;492.000;482.000;;0.000;-16.979;False;0.000;False;0.000;True;False
128.281;RECOVERY_REBASELINE;1;0;;482.000;482.000;;0.000;-16.233;False;0.000;False;0.000;True;False
128.406;RECOVERY_REBASELINE;1;0;;482.000;482.000;;0.000;-15.535;False;0.000;False;0.000;True;False
128.547;RECOVERY_REBASELINE;1;0;;471.000;482.000;;0.000;-14.872;False;0.000;False;0.000;True;False
128.672;RECOVERY_REBASELINE;1;0;;482.000;482.000;;0.000;-14.252;False;0.000;False;0.000;True;False
128.797;RECOVERY_REBASELINE;1;0;;492.000;482.000;;0.000;-13.671;False;0.000;False;0.000;True;False
128.922;RECOVERY_REBASELINE;1;0;;482.000;482.000;;0.000;-13.126;False;0.000;False;0.000;True;False
129.047;RECOVERY_REBASELINE;1;0;;471.000;482.000;;0.000;-12.614;False;0.000;False;0.000;True;False
129.156;RECOVERY_REBASELINE;1;0;;492.000;482.000;;0.000;-12.137;False;0.000;False;0.000;True;False
129.281;RECOVERY_REBASELINE;1;0;;471.000;482.000;;0.000;-11.687;False;0.000;False;0.000;True;False
129.406;RECOVERY_REBASELINE;1;0;;482.000;482.000;;0.000;-11.261;False;0.000;False;0.000;True;False
129.531;RECOVERY_REBASELINE;1;0;;471.000;482.000;;0.000;-10.859;False;0.000;False;0.000;True;False
129.656;RECOVERY_REBASELINE;1;0;;482.000;482.000;;0.000;-10.477;False;0.000;False;0.000;True;False
129.797;RECOVERY_REBASELINE;1;0;;482.000;482.000;;0.000;-10.111;False;0.000;False;0.000;True;False
129.922;RECOVERY_REBASELINE;1;0;;482.000;482.000;;0.000;-9.764;False;0.000;False;0.000;True;False
130.062;RECOVERY_REBASELINE;1;0;;482.000;482.000;;0.000;-9.431;False;0.000;False;0.000;True;False
130.187;RECOVERY_REBASELINE;1;0;;482.000;482.000;;0.000;-9.116;False;0.000;False;0.000;True;False
130.312;RECOVERY_REBASELINE;1;0;;482.000;482.000;;0.000;-8.817;False;0.000;False;0.000;True;False
130.437;RECOVERY_REBASELINE;1;0;;492.000;482.000;;0.000;-8.532;False;0.000;False;0.000;True;False
130.562;RECOVERY_REBASELINE;1;0;;482.000;482.000;;0.000;-8.261;False;0.000;False;0.000;True;False
130.703;RECOVERY_REBASELINE;1;0;;492.000;482.000;;0.000;-8.001;False;0.000;False;0.000;True;False
130.828;RECOVERY_REBASELINE;1;0;;482.000;482.000;;0.000;-7.753;False;0.000;False;0.000;True;False
130.953;RECOVERY_REBASELINE;1;0;;482.000;482.000;;0.000;-7.517;False;0.000;False;0.000;True;False
131.078;RECOVERY_REBASELINE;1;0;;482.000;482.000;;0.000;-7.291;False;0.000;False;0.000;True;False
131.203;RECOVERY_REBASELINE;1;0;;492.000;482.000;;0.000;-7.076;False;0.000;False;0.000;True;False
131.344;RECOVERY_REBASELINE;1;0;;482.000;482.000;;0.000;-6.869;False;0.000;False;0.000;True;False
131.469;RECOVERY_REBASELINE;1;0;;512.000;482.000;;0.000;-6.671;False;0.000;False;0.000;True;False
131.594;RECOVERY_REBASELINE;1;0;;502.000;482.000;;0.000;-6.482;False;0.000;False;0.000;True;False
131.719;RECOVERY_REBASELINE;1;0;;502.000;492.000;;6.468;-6.202;False;0.000;False;0.000;True;False
131.844;RECOVERY_REBASELINE;1;0;;502.000;492.000;;11.096;-5.939;False;0.000;False;0.000;True;False
131.969;RECOVERY_REBASELINE;1;0;;502.000;502.000;;20.437;-5.598;False;0.000;False;0.000;True;False
132.109;RECOVERY_REBASELINE;1;0;;482.000;502.000;;26.040;-5.276;False;0.000;False;0.000;True;False
132.234;RECOVERY_REBASELINE;1;0;;502.000;502.000;;28.052;-4.975;False;0.000;False;0.000;True;False
132.359;RECOVERY_REBASELINE;1;0;;502.000;502.000;;26.048;-4.693;False;0.000;False;0.000;True;False
132.484;RECOVERY_REBASELINE;1;0;;492.000;502.000;;20.460;-4.428;False;0.000;False;0.000;True;False
132.609;RECOVERY_REBASELINE;1;0;;482.000;502.000;;11.226;-4.179;False;0.000;False;0.000;True;False
132.750;RECOVERY_REBASELINE;1;0;;471.000;502.000;;6.500;-3.944;False;0.000;False;0.000;True;False
132.875;RECOVERY_REBASELINE;1;0;;482.000;492.000;;0.000;-3.800;False;0.000;False;0.000;True;False
133.000;RECOVERY_REBASELINE;1;0;;482.000;482.000;;0.000;-3.738;False;0.000;False;0.000;True;False
133.125;RECOVERY_REBASELINE;1;0;;482.000;482.000;;0.000;-3.677;False;0.000;False;0.000;True;False
133.250;RECOVERY_REBASELINE;1;0;;482.000;482.000;;0.000;-3.618;False;0.000;False;0.000;True;False
133.375;RECOVERY_REBASELINE;1;0;;482.000;482.000;;0.000;-3.560;False;0.000;False;0.000;True;False
133.515;RECOVERY_REBASELINE;1;0;;482.000;482.000;;0.000;-3.502;False;0.000;False;0.000;True;False
133.640;RECOVERY_REBASELINE;1;0;;471.000;482.000;;0.000;-3.446;False;0.000;False;0.000;True;False
133.765;RECOVERY_REBASELINE;1;0;;471.000;482.000;;0.000;-3.390;False;0.000;False;0.000;True;False
133.890;RECOVERY_REBASELINE;1;0;;482.000;482.000;;0.000;-3.336;False;0.000;False;0.000;True;False
134.015;RECOVERY_REBASELINE;1;0;;482.000;482.000;;0.000;-3.283;False;0.000;False;0.000;True;False
134.140;RECOVERY_REBASELINE;1;0;;482.000;482.000;;0.000;-3.231;False;0.000;False;0.000;True;False
134.265;RECOVERY_REBASELINE;1;0;;482.000;482.000;;0.000;-3.180;False;0.000;False;0.000;True;False
134.390;RECOVERY_REBASELINE;1;0;;482.000;482.000;;0.000;-3.130;False;0.000;False;0.000;True;False
134.515;RECOVERY_REBASELINE;1;0;;471.000;482.000;;0.000;-3.082;False;0.000;False;0.000;True;False
134.640;RECOVERY_REBASELINE;1;0;;482.000;482.000;;0.000;-3.034;False;0.000;False;0.000;True;False
134.781;RECOVERY_REBASELINE;1;0;;482.000;482.000;;0.000;-2.986;False;0.000;False;0.000;True;False
134.906;RECOVERY_REBASELINE;1;0;;482.000;482.000;;0.000;-2.940;False;0.000;False;0.000;True;False
135.031;RECOVERY_REBASELINE;1;0;;482.000;482.000;;0.000;-2.895;False;0.000;False;0.000;True;False
135.140;RECOVERY_REBASELINE;1;0;;482.000;482.000;;0.000;-2.851;False;0.000;False;0.000;True;False
135.265;RECOVERY_REBASELINE;1;0;;482.000;482.000;;0.000;-2.808;False;0.000;False;0.000;True;False
135.390;RECOVERY_REBASELINE;1;0;;471.000;482.000;;0.000;-2.766;False;0.000;False;0.000;True;False
135.531;RECOVERY_REBASELINE;1;0;;471.000;482.000;;0.000;-2.724;False;0.000;False;0.000;True;False
135.656;RECOVERY_REBASELINE;1;0;;461.000;482.000;;0.000;-2.683;False;0.000;False;0.000;True;False
135.781;RECOVERY_REBASELINE;1;0;;482.000;482.000;;0.000;-2.644;False;0.000;False;0.000;True;False
135.906;RECOVERY_REBASELINE;1;0;;482.000;482.000;;0.000;-2.604;False;0.000;False;0.000;True;False
136.031;RECOVERY_REBASELINE;1;0;;482.000;482.000;;0.000;-2.566;False;0.000;False;0.000;True;False
136.140;RECOVERY_REBASELINE;1;0;;482.000;482.000;;0.000;-2.529;False;0.000;False;0.000;True;False
136.281;RECOVERY_REBASELINE;1;0;;471.000;482.000;;0.000;-2.492;False;0.000;False;0.000;True;False
136.406;RECOVERY_REBASELINE;1;0;;471.000;471.000;;0.000;-2.502;False;0.000;False;0.000;True;False
136.531;RECOVERY_REBASELINE;1;0;;482.000;482.000;;0.000;-2.465;False;0.000;False;0.000;True;False
136.656;RECOVERY_REBASELINE;1;0;;482.000;482.000;;0.000;-2.429;False;0.000;False;0.000;True;False
136.781;RECOVERY_REBASELINE;1;0;;482.000;482.000;;0.000;-2.393;False;0.000;False;0.000;True;False
136.906;RECOVERY_REBASELINE;1;0;;471.000;482.000;;0.000;-2.359;False;0.000;False;0.000;True;False
137.047;RECOVERY_REBASELINE;1;0;;482.000;482.000;;3.012;-2.325;False;0.000;False;0.000;True;False
137.172;RECOVERY_REBASELINE;1;0;;471.000;482.000;;5.115;-2.291;False;0.000;False;0.000;True;False
137.297;RECOVERY_REBASELINE;1;0;;471.000;471.000;;0.000;-2.299;False;0.000;False;0.000;True;False
137.422;RECOVERY_REBASELINE;1;0;;471.000;471.000;;0.000;-2.305;False;0.000;False;0.000;True;False
137.547;RECOVERY_REBASELINE;1;0;;471.000;471.000;;0.000;-2.310;False;0.000;False;0.000;True;False
137.687;RECOVERY_REBASELINE;1;0;;471.000;471.000;;0.000;-2.313;False;0.000;False;0.000;True;False
137.828;RECOVERY_REBASELINE;1;0;;482.000;471.000;;0.000;-2.315;False;0.000;False;0.000;True;False
137.953;RECOVERY_REBASELINE;1;0;;482.000;471.000;;0.000;-2.317;False;0.000;False;0.000;True;False
138.078;RECOVERY_REBASELINE;1;0;;471.000;471.000;;0.000;-2.317;False;0.000;False;0.000;True;False
138.219;RECOVERY_REBASELINE;1;0;;482.000;471.000;;0.000;-2.316;False;0.000;False;0.000;True;False
138.344;RECOVERY_REBASELINE;1;0;;471.000;471.000;;0.000;-2.314;False;0.000;False;0.000;True;False
138.469;RECOVERY_REBASELINE;1;0;;471.000;471.000;;0.000;-2.311;False;0.000;False;0.000;True;False
138.594;RECOVERY_REBASELINE;1;0;;482.000;471.000;;0.000;-2.308;False;0.000;False;0.000;True;False
138.734;RECOVERY_REBASELINE;1;0;;471.000;471.000;;0.000;-2.303;False;0.000;False;0.000;True;False
138.859;RECOVERY_REBASELINE;1;0;;482.000;482.000;;7.077;-2.265;False;0.000;False;0.000;True;False
138.984;RECOVERY_REBASELINE;1;0;;471.000;471.000;;5.095;-2.261;False;0.000;False;0.000;True;False
139.109;RECOVERY_REBASELINE;1;0;;482.000;471.000;;3.124;-2.256;False;0.000;False;0.000;True;False
139.250;RECOVERY_REBASELINE;1;0;;471.000;471.000;;1.040;-2.250;False;0.000;False;0.000;True;False
139.406;RECOVERY_REBASELINE;1;0;;482.000;471.000;;0.000;-2.243;False;0.000;False;0.000;True;False
139.531;RECOVERY_REBASELINE;1;0;;461.000;471.000;;0.000;-2.236;False;0.000;False;0.000;True;False
139.656;RECOVERY_REBASELINE;1;0;;461.000;471.000;;0.000;-2.229;False;0.000;False;0.000;True;False
139.781;RECOVERY_REBASELINE;1;0;;482.000;471.000;;0.000;-2.221;False;0.000;False;0.000;True;False
139.906;RECOVERY_REBASELINE;1;0;;471.000;471.000;;0.000;-2.213;False;0.000;False;0.000;True;False
140.031;RECOVERY_REBASELINE;1;0;;471.000;471.000;;0.000;-2.204;False;0.000;False;0.000;True;False
140.140;RECOVERY_REBASELINE;1;0;;482.000;471.000;;0.000;-2.195;False;0.000;False;0.000;True;False
140.265;RECOVERY_REBASELINE;1;0;;471.000;471.000;;0.000;-2.186;False;0.000;False;0.000;True;False
140.390;RECOVERY_REBASELINE;1;0;;471.000;471.000;;0.000;-2.176;False;0.000;False;0.000;True;False
140.515;RECOVERY_REBASELINE;1;0;;461.000;471.000;;0.000;-2.167;False;0.000;False;0.000;True;False
140.640;RECOVERY_REBASELINE;1;0;;482.000;471.000;;0.000;-2.157;False;0.000;False;0.000;True;False
140.781;RECOVERY_REBASELINE;1;0;;471.000;471.000;;0.000;-2.147;False;0.000;False;0.000;True;False
140.906;RECOVERY_REBASELINE;1;0;;461.000;471.000;;0.000;-2.136;False;0.000;False;0.000;True;False
141.031;RECOVERY_REBASELINE;1;0;;471.000;471.000;;0.000;-2.125;False;0.000;False;0.000;True;False
141.140;RECOVERY_REBASELINE;1;0;;471.000;471.000;;0.000;-2.115;False;0.000;False;0.000;True;False
141.265;RECOVERY_REBASELINE;1;0;;471.000;471.000;;0.000;-2.104;False;0.000;False;0.000;True;False
141.390;RECOVERY_REBASELINE;1;0;;471.000;471.000;;0.000;-2.093;False;0.000;False;0.000;True;False
141.531;RECOVERY_REBASELINE;1;0;;482.000;471.000;;0.000;-2.082;False;0.000;False;0.000;True;False
141.656;RECOVERY_REBASELINE;1;0;;471.000;471.000;;0.000;-2.070;False;0.000;False;0.000;True;False
141.781;RECOVERY_REBASELINE;1;0;;482.000;471.000;;0.000;-2.059;False;0.000;False;0.000;True;False
141.922;RECOVERY_REBASELINE;1;0;;471.000;471.000;;0.000;-2.047;False;0.000;False;0.000;True;False
142.047;RECOVERY_REBASELINE;1;0;;482.000;471.000;;0.000;-2.036;False;0.000;False;0.000;True;False
142.156;RECOVERY_REBASELINE;1;0;;471.000;471.000;;0.000;-2.024;False;0.000;False;0.000;True;False
142.281;RECOVERY_REBASELINE;1;0;;482.000;471.000;;0.000;-2.012;False;0.000;False;0.000;True;False
142.406;RECOVERY_REBASELINE;1;0;;482.000;482.000;;7.262;-1.978;False;0.000;False;0.000;True;False
142.531;RECOVERY_REBASELINE;1;0;;482.000;482.000;;10.223;-1.946;False;0.000;False;0.000;True;False
142.656;RECOVERY_REBASELINE;1;0;;482.000;482.000;;13.239;-1.913;False;0.000;False;0.000;True;False
142.781;RECOVERY_REBASELINE;1;0;;482.000;482.000;;14.809;-1.882;False;0.000;False;0.000;True;False
142.922;RECOVERY_REBASELINE;1;0;;471.000;482.000;;14.722;-1.851;False;0.000;False;0.000;True;False
143.047;RECOVERY_REBASELINE;1;0;;482.000;482.000;;13.026;-1.821;False;0.000;False;0.000;True;False
143.156;RECOVERY_REBASELINE;1;0;;471.000;482.000;;10.130;-1.483;False;0.000;False;0.000;True;False
143.281;RECOVERY_REBASELINE;1;0;;461.000;482.000;;5.831;-1.179;False;0.000;False;0.000;True;False
143.406;RECOVERY_REBASELINE;1;0;;482.000;482.000;;0.000;-0.871;False;0.000;False;0.000;True;False
143.531;RECOVERY_REBASELINE;1;0;;471.000;482.000;;0.000;-0.639;False;0.000;False;0.000;True;False
143.672;RECOVERY_REBASELINE;1;0;;482.000;482.000;;0.000;-0.614;False;0.000;False;0.000;True;False
143.797;RECOVERY_REBASELINE;1;0;;471.000;471.000;;0.000;-0.610;False;0.000;False;0.000;True;False
143.922;RECOVERY_REBASELINE;1;0;;471.000;471.000;;0.000;-0.606;False;0.000;False;0.000;True;False
144.047;RECOVERY_REBASELINE;1;0;;482.000;471.000;;0.000;-0.620;False;0.000;False;0.000;True;False
144.156;RECOVERY_REBASELINE;1;0;;482.000;471.000;;0.000;-0.634;False;0.000;False;0.000;True;False
144.297;RECOVERY_REBASELINE;1;0;;471.000;471.000;;0.000;-0.648;False;0.000;False;0.000;True;False
144.422;RECOVERY_REBASELINE;1;0;;482.000;482.000;;0.000;-0.640;False;0.000;False;0.000;True;False
144.547;RECOVERY_REBASELINE;1;0;;482.000;482.000;;5.353;-0.633;False;0.000;False;0.000;True;False
144.672;RECOVERY_REBASELINE;1;0;;471.000;482.000;;7.415;-0.626;False;0.000;False;0.000;True;False
144.797;RECOVERY_REBASELINE;1;0;;482.000;482.000;;14.684;-0.619;False;0.000;False;0.000;True;False
144.922;RECOVERY_REBASELINE;1;0;;471.000;482.000;;14.642;-0.611;False;0.000;False;0.000;True;False
145.062;RECOVERY_REBASELINE;1;0;;482.000;482.000;;12.317;-0.604;False;0.000;False;0.000;True;False
145.187;RECOVERY_REBASELINE;1;0;;471.000;482.000;;7.147;-0.578;False;0.000;False;0.000;True;False
145.328;RECOVERY_REBASELINE;1;0;;471.000;471.000;;0.000;-0.572;False;0.000;False;0.000;True;False
145.453;RECOVERY_REBASELINE;1;0;;482.000;482.000;;0.000;-0.564;False;0.000;False;0.000;True;False
145.578;RECOVERY_REBASELINE;1;0;;471.000;471.000;;0.000;-0.576;False;0.000;False;0.000;True;False
145.719;RECOVERY_REBASELINE;1;0;;471.000;471.000;;0.000;-0.589;False;0.000;False;0.000;True;False
145.844;RECOVERY_REBASELINE;1;0;;471.000;471.000;;0.000;-0.601;False;0.000;False;0.000;True;False
145.969;RECOVERY_REBASELINE;1;0;;461.000;471.000;;0.000;-0.613;False;0.000;False;0.000;True;False
146.094;RECOVERY_REBASELINE;1;0;;471.000;471.000;;0.000;-0.624;False;0.000;False;0.000;True;False
146.219;RECOVERY_REBASELINE;1;0;;461.000;471.000;;0.000;-0.635;False;0.000;False;0.000;True;False
146.344;RECOVERY_REBASELINE;1;0;;471.000;471.000;;0.000;-0.646;False;0.000;False;0.000;True;False
146.484;RECOVERY_REBASELINE;1;0;;461.000;471.000;;0.000;-0.657;False;0.000;False;0.000;True;False
146.609;RECOVERY_REBASELINE;1;0;;461.000;471.000;;0.000;-0.668;False;0.000;False;0.000;True;False
146.734;RECOVERY_REBASELINE;1;0;;461.000;461.000;;0.000;-0.697;False;0.000;False;0.000;True;False
146.859;RECOVERY_REBASELINE;1;0;;461.000;461.000;;0.000;-0.725;False;0.000;False;0.000;True;False
146.984;RECOVERY_REBASELINE;1;0;;471.000;461.000;;0.000;-0.753;False;0.000;False;0.000;True;False
147.125;RECOVERY_REBASELINE;1;0;;471.000;461.000;;0.000;-0.781;False;0.000;False;0.000;True;False
147.250;RECOVERY_REBASELINE;1;0;;471.000;461.000;;0.000;-0.808;False;0.000;False;0.000;True;False
147.375;RECOVERY_REBASELINE;1;0;;461.000;461.000;;0.000;-0.834;False;0.000;False;0.000;True;False
147.500;RECOVERY_REBASELINE;1;0;;461.000;461.000;;0.000;-0.860;False;0.000;False;0.000;True;False
147.625;RECOVERY_REBASELINE;1;0;;471.000;461.000;;0.000;-0.886;False;0.000;False;0.000;True;False
147.765;RECOVERY_REBASELINE;1;0;;461.000;461.000;;0.000;-0.911;False;0.000;False;0.000;True;False
147.890;RECOVERY_REBASELINE;1;0;;461.000;461.000;;0.000;-0.935;False;0.000;False;0.000;True;False
148.015;RECOVERY_REBASELINE;1;0;;461.000;461.000;;0.000;-0.959;False;0.000;False;0.000;True;False
148.140;RECOVERY_REBASELINE;1;0;;461.000;461.000;;0.000;-0.982;False;0.000;False;0.000;True;False
148.265;RECOVERY_REBASELINE;1;0;;461.000;461.000;;0.000;-1.005;False;0.000;False;0.000;True;False
148.390;RECOVERY_REBASELINE;1;0;;461.000;461.000;;0.000;-1.028;False;0.000;False;0.000;True;False
148.531;RECOVERY_REBASELINE;1;0;;461.000;461.000;;0.000;-1.050;False;0.000;False;0.000;True;False
148.656;RECOVERY_REBASELINE;1;0;;451.000;461.000;;0.000;-1.071;False;0.000;False;0.000;True;False
148.781;RECOVERY_REBASELINE;1;0;;461.000;461.000;;0.000;-1.092;False;0.000;False;0.000;True;False
148.906;RECOVERY_REBASELINE;1;0;;451.000;461.000;;0.000;-1.113;False;0.000;False;0.000;True;False
149.031;RECOVERY_REBASELINE;1;0;;461.000;461.000;;0.000;-1.133;False;0.000;False;0.000;True;False
149.156;RECOVERY_REBASELINE;1;0;;451.000;461.000;;0.000;-1.152;False;0.000;False;0.000;True;False
149.281;RECOVERY_REBASELINE;1;0;;461.000;461.000;;0.000;-1.171;False;0.000;False;0.000;True;False
149.422;RECOVERY_REBASELINE;1;0;;451.000;461.000;;0.000;-1.202;False;0.000;False;0.000;True;False
149.547;RECOVERY_REBASELINE;1;0;;451.000;451.000;;0.000;-1.239;False;0.000;False;0.000;True;False
149.687;RECOVERY_REBASELINE;1;0;;451.000;451.000;;0.000;-1.275;False;0.000;False;0.000;True;False
149.812;RECOVERY_REBASELINE;1;0;;451.000;451.000;;0.000;-1.311;False;0.000;False;0.000;True;False
149.953;RECOVERY_REBASELINE;1;0;;451.000;451.000;;0.000;-1.346;False;0.000;False;0.000;True;False
150.078;RECOVERY_REBASELINE;1;0;;451.000;451.000;;0.000;-1.380;False;0.000;False;0.000;True;False
150.203;RECOVERY_REBASELINE;1;0;;461.000;451.000;;0.000;-1.413;False;0.000;False;0.000;True;False
150.328;RECOVERY_REBASELINE;1;0;;461.000;451.000;;0.000;-1.445;False;0.000;False;0.000;True;False
150.453;RECOVERY_REBASELINE;1;0;;461.000;451.000;;0.000;-1.477;False;0.000;False;0.000;True;False
150.594;RECOVERY_REBASELINE;1;0;;451.000;451.000;;0.000;-1.508;False;0.000;False;0.000;True;False
150.719;RECOVERY_REBASELINE;1;0;;461.000;451.000;;0.000;-1.538;False;0.000;False;0.000;True;False
150.844;RECOVERY_REBASELINE;1;0;;461.000;461.000;;6.516;-1.549;False;0.000;False;0.000;True;False
150.969;RECOVERY_REBASELINE;1;0;;471.000;461.000;;11.121;-1.559;False;0.000;False;0.000;True;False
151.094;RECOVERY_REBASELINE;1;0;;471.000;461.000;;13.914;-1.568;False;0.000;False;0.000;True;False
151.219;RECOVERY_REBASELINE;1;0;;471.000;461.000;;14.927;-1.577;False;0.000;False;0.000;True;False
151.359;RECOVERY_REBASELINE;1;0;;441.000;461.000;;13.938;-1.585;False;0.000;False;0.000;True;False
151.484;RECOVERY_REBASELINE;1;0;;461.000;461.000;;11.155;-1.593;False;0.000;False;0.000;True;False
151.625;RECOVERY_REBASELINE;1;0;;471.000;461.000;;6.365;-1.600;False;0.000;False;0.000;True;False
151.750;RECOVERY_REBASELINE;1;0;;471.000;471.000;;6.422;-1.569;False;0.000;False;0.000;True;False
151.875;RECOVERY_REBASELINE;1;0;;471.000;471.000;;10.914;-1.537;False;0.000;False;0.000;True;False
152.000;RECOVERY_REBASELINE;1;0;;471.000;471.000;;13.661;-1.485;False;0.000;False;0.000;True;False
152.125;RECOVERY_REBASELINE;1;0;;471.000;471.000;;14.728;-1.433;False;0.000;False;0.000;True;False
152.265;RECOVERY_REBASELINE;1;0;;461.000;471.000;;13.876;-1.379;False;0.000;False;0.000;True;False
152.406;RECOVERY_REBASELINE;1;0;;451.000;471.000;;10.924;-1.325;False;0.000;False;0.000;True;False
152.547;RECOVERY_REBASELINE;1;0;;471.000;471.000;;6.197;-1.270;False;0.000;False;0.000;True;False
152.687;RECOVERY_REBASELINE;1;0;;482.000;471.000;;0.000;-1.215;False;0.000;False;0.000;True;False
152.812;RECOVERY_REBASELINE;1;0;;471.000;471.000;;0.000;-1.158;False;0.000;False;0.000;True;False
152.937;RECOVERY_REBASELINE;1;0;;461.000;471.000;;0.000;-1.121;False;0.000;False;0.000;True;False
153.094;RECOVERY_REBASELINE;1;0;;471.000;471.000;;0.000;-1.101;False;0.000;False;0.000;True;False
153.203;RECOVERY_REBASELINE;1;0;;461.000;471.000;;0.000;-1.082;False;0.000;False;0.000;True;False
153.344;RECOVERY_REBASELINE;1;0;;461.000;461.000;;0.000;-1.081;False;0.000;False;0.000;True;False
153.469;RECOVERY_REBASELINE;1;0;;461.000;461.000;;0.000;-1.080;False;0.000;False;0.000;True;False
153.578;RECOVERY_REBASELINE;1;0;;461.000;461.000;;0.000;-1.078;False;0.000;False;0.000;True;False
153.703;RECOVERY_REBASELINE;1;0;;461.000;461.000;;0.000;-1.076;False;0.000;False;0.000;True;False
153.844;RECOVERY_REBASELINE;1;0;;471.000;461.000;;0.000;-1.074;False;0.000;False;0.000;True;False
153.969;RECOVERY_REBASELINE;1;0;;461.000;461.000;;0.000;-1.070;False;0.000;False;0.000;True;False
154.094;RECOVERY_REBASELINE;1;0;;461.000;461.000;;0.000;-1.067;False;0.000;False;0.000;True;False
154.203;RECOVERY_REBASELINE;1;0;;461.000;461.000;;0.000;-1.063;False;0.000;False;0.000;True;False
154.328;RECOVERY_REBASELINE;1;0;;461.000;461.000;;0.000;-1.058;False;0.000;False;0.000;True;False
154.469;RECOVERY_REBASELINE;1;0;;471.000;461.000;;0.000;-1.053;False;0.000;False;0.000;True;False
154.594;RECOVERY_REBASELINE;1;0;;461.000;461.000;;0.000;-1.047;False;0.000;False;0.000;True;False
154.719;RECOVERY_REBASELINE;1;0;;461.000;461.000;;0.000;-1.041;False;0.000;False;0.000;True;False
154.844;RECOVERY_REBASELINE;1;0;;461.000;461.000;;0.000;-1.034;False;0.000;False;0.000;True;False
154.969;RECOVERY_REBASELINE;1;0;;461.000;461.000;;0.000;-1.027;False;0.000;False;0.000;True;False
155.109;RECOVERY_REBASELINE;1;0;;461.000;461.000;;0.000;-1.019;False;0.000;False;0.000;True;False
155.219;RECOVERY_REBASELINE;1;0;;451.000;461.000;;0.000;-1.011;False;0.000;False;0.000;True;False
155.344;RECOVERY_REBASELINE;1;0;;461.000;461.000;;0.000;-1.003;False;0.000;False;0.000;True;False
155.469;RECOVERY_REBASELINE;1;0;;451.000;461.000;;0.000;-0.993;False;0.000;False;0.000;True;False
155.578;RECOVERY_REBASELINE;1;0;;451.000;461.000;;0.000;-0.984;False;0.000;False;0.000;True;False
155.703;RECOVERY_REBASELINE;1;0;;451.000;461.000;;0.000;-0.974;False;0.000;False;0.000;True;False
155.844;RECOVERY_REBASELINE;1;0;;451.000;451.000;;0.000;-0.982;False;0.000;False;0.000;True;False
155.969;RECOVERY_REBASELINE;1;0;;451.000;451.000;;0.000;-0.990;False;0.000;False;0.000;True;False
156.094;RECOVERY_REBASELINE;1;0;;451.000;451.000;;0.000;-0.996;False;0.000;False;0.000;True;False
156.219;RECOVERY_REBASELINE;1;0;;451.000;451.000;;0.000;-1.002;False;0.000;False;0.000;True;False
156.344;RECOVERY_REBASELINE;1;0;;461.000;451.000;;0.000;-1.008;False;0.000;False;0.000;True;False
156.469;RECOVERY_REBASELINE;1;0;;461.000;451.000;;0.000;-1.033;False;0.000;False;0.000;True;False
156.609;RECOVERY_REBASELINE;1;0;;451.000;451.000;;0.000;-1.037;False;0.000;False;0.000;True;False
156.734;RECOVERY_REBASELINE;1;0;;451.000;451.000;;0.000;-1.041;False;0.000;False;0.000;True;False
156.859;RECOVERY_REBASELINE;1;0;;451.000;451.000;;0.000;-1.043;False;0.000;False;0.000;True;False
156.984;RECOVERY_REBASELINE;1;0;;461.000;451.000;;0.000;-1.045;False;0.000;False;0.000;True;False
157.109;RECOVERY_REBASELINE;1;0;;451.000;451.000;;0.000;-1.046;False;0.000;False;0.000;True;False
157.219;RECOVERY_REBASELINE;1;0;;451.000;451.000;;0.000;-1.046;False;0.000;False;0.000;True;False
157.359;RECOVERY_REBASELINE;1;0;;461.000;451.000;;0.000;-1.067;False;0.000;False;0.000;True;False
157.484;RECOVERY_REBASELINE;1;0;;461.000;451.000;;0.000;-1.087;False;0.000;False;0.000;True;False
157.594;RECOVERY_REBASELINE;1;0;;451.000;451.000;;0.000;-1.107;False;0.000;False;0.000;True;False
157.719;RECOVERY_REBASELINE;1;0;;461.000;451.000;;0.000;-1.126;False;0.000;False;0.000;True;False
157.844;RECOVERY_REBASELINE;1;0;;461.000;461.000;;5.415;-1.126;False;0.000;False;0.000;True;False
157.984;RECOVERY_REBASELINE;1;0;;451.000;461.000;;9.462;-1.125;False;0.000;False;0.000;True;False
158.109;RECOVERY_REBASELINE;1;0;;451.000;451.000;;6.645;-1.144;False;0.000;False;0.000;True;False
158.219;RECOVERY_REBASELINE;1;0;;451.000;451.000;;4.016;-1.150;False;0.000;False;0.000;True;False
158.344;RECOVERY_REBASELINE;1;0;;451.000;451.000;;1.372;-1.167;False;0.000;False;0.000;True;False
158.469;RECOVERY_REBASELINE;1;0;;461.000;451.000;;0.000;-1.183;False;0.000;False;0.000;True;False
158.594;RECOVERY_REBASELINE;1;0;;451.000;451.000;;0.000;-1.200;False;0.000;False;0.000;True;False
158.734;RECOVERY_REBASELINE;1;0;;451.000;451.000;;0.000;-1.215;False;0.000;False;0.000;True;False
158.859;RECOVERY_REBASELINE;1;0;;451.000;451.000;;0.000;-1.231;False;0.000;False;0.000;True;False
158.984;RECOVERY_REBASELINE;1;0;;451.000;451.000;;0.000;-1.225;False;0.000;False;0.000;True;False
159.109;RECOVERY_REBASELINE;1;0;;461.000;451.000;;0.000;-1.239;False;0.000;False;0.000;True;False
159.219;RECOVERY_REBASELINE;1;0;;451.000;451.000;;0.000;-1.252;False;0.000;False;0.000;True;False
159.344;RECOVERY_REBASELINE;1;0;;451.000;451.000;;0.000;-1.265;False;0.000;False;0.000;True;False
159.484;RECOVERY_REBASELINE;1;0;;451.000;451.000;;0.000;-1.278;False;0.000;False;0.000;True;False
159.609;RECOVERY_REBASELINE;1;0;;451.000;451.000;;0.000;-1.290;False;0.000;False;0.000;True;False
159.734;RECOVERY_REBASELINE;1;0;;451.000;451.000;;0.000;-1.301;False;0.000;False;0.000;True;False
159.859;RECOVERY_REBASELINE;1;0;;441.000;451.000;;0.000;-1.312;False;0.000;False;0.000;True;False
159.984;RECOVERY_REBASELINE;1;0;;441.000;451.000;;0.000;-1.323;False;0.000;False;0.000;True;False
160.140;RECOVERY_REBASELINE;1;0;;451.000;451.000;;0.000;-1.333;False;0.000;False;0.000;True;False
160.265;RECOVERY_REBASELINE;1;0;;441.000;451.000;;0.000;-1.343;False;0.000;False;0.000;True;False
160.390;RECOVERY_REBASELINE;1;0;;451.000;451.000;;0.000;-1.352;False;0.000;False;0.000;True;False
160.515;RECOVERY_REBASELINE;1;0;;451.000;451.000;;0.000;-1.361;False;0.000;False;0.000;True;False
160.640;RECOVERY_REBASELINE;1;0;;451.000;451.000;;0.000;-1.369;False;0.000;False;0.000;True;False
160.765;RECOVERY_REBASELINE;1;0;;451.000;451.000;;0.000;-1.377;False;0.000;False;0.000;True;False
160.906;RECOVERY_REBASELINE;1;0;;451.000;451.000;;0.000;-1.384;False;0.000;False;0.000;True;False
161.031;RECOVERY_REBASELINE;1;0;;451.000;451.000;;0.000;-1.391;False;0.000;False;0.000;True;False
161.156;RECOVERY_REBASELINE;1;0;;451.000;451.000;;0.000;-1.409;False;0.000;False;0.000;True;False
161.281;RECOVERY_REBASELINE;1;0;;441.000;451.000;;0.000;-1.414;False;0.000;False;0.000;True;False
161.406;RECOVERY_REBASELINE;1;0;;441.000;451.000;;0.000;-1.420;False;0.000;False;0.000;True;False
161.531;RECOVERY_REBASELINE;1;0;;451.000;451.000;;0.000;-1.414;False;0.000;False;0.000;True;False
161.656;RECOVERY_REBASELINE;1;0;;451.000;451.000;;0.000;-1.419;False;0.000;False;0.000;True;False
161.781;RECOVERY_REBASELINE;1;0;;451.000;451.000;;0.000;-1.423;False;0.000;False;0.000;True;False
161.906;RECOVERY_REBASELINE;1;0;;451.000;451.000;;0.000;-1.427;False;0.000;False;0.000;True;False
162.031;RECOVERY_REBASELINE;1;0;;451.000;451.000;;0.000;-1.430;False;0.000;False;0.000;True;False
162.156;RECOVERY_REBASELINE;1;0;;451.000;451.000;;0.000;-1.432;False;0.000;False;0.000;True;False
162.281;RECOVERY_REBASELINE;1;0;;451.000;451.000;;0.000;-1.435;False;0.000;False;0.000;True;False
162.406;RECOVERY_REBASELINE;1;0;;451.000;451.000;;0.000;-1.436;False;0.000;False;0.000;True;False
162.531;RECOVERY_REBASELINE;1;0;;441.000;451.000;;0.000;-1.417;False;0.000;False;0.000;True;False
162.656;RECOVERY_REBASELINE;1;0;;451.000;451.000;;0.000;-1.397;False;0.000;False;0.000;True;False
162.781;RECOVERY_REBASELINE;1;0;;451.000;451.000;;0.000;-1.376;False;0.000;False;0.000;True;False
162.922;RECOVERY_REBASELINE;1;0;;451.000;451.000;;0.000;-1.354;False;0.000;False;0.000;True;False
163.047;RECOVERY_REBASELINE;1;0;;451.000;451.000;;0.000;-1.332;False;0.000;False;0.000;True;False
163.172;RECOVERY_REBASELINE;1;0;;451.000;451.000;;0.000;-1.292;False;0.000;False;0.000;True;False
163.297;RECOVERY_REBASELINE;1;0;;441.000;451.000;;0.000;-1.267;False;0.000;False;0.000;True;False
163.422;RECOVERY_REBASELINE;1;0;;451.000;451.000;;0.000;-1.241;False;0.000;False;0.000;True;False
163.562;RECOVERY_REBASELINE;1;0;;451.000;451.000;;0.000;-1.215;False;0.000;False;0.000;True;False
163.687;RECOVERY_REBASELINE;1;0;;451.000;451.000;;0.000;-1.188;False;0.000;False;0.000;True;False
163.812;RECOVERY_REBASELINE;1;0;;441.000;451.000;;0.000;-1.181;False;0.000;False;0.000;True;False
163.937;RECOVERY_REBASELINE;1;0;;451.000;451.000;;0.000;-1.174;False;0.000;False;0.000;True;False
164.062;RECOVERY_REBASELINE;1;0;;451.000;451.000;;0.000;-1.166;False;0.000;False;0.000;True;False
164.203;RECOVERY_REBASELINE;1;0;;451.000;451.000;;0.000;-1.158;False;0.000;False;0.000;True;False
164.328;RECOVERY_REBASELINE;1;0;;441.000;451.000;;0.000;-1.149;False;0.000;False;0.000;True;False
164.453;RECOVERY_REBASELINE;1;0;;451.000;451.000;;0.000;-1.119;False;0.000;False;0.000;True;False
164.578;RECOVERY_REBASELINE;1;0;;451.000;451.000;;0.000;-1.088;False;0.000;False;0.000;True;False
164.703;RECOVERY_REBASELINE;1;0;;451.000;451.000;;0.000;-1.056;False;0.000;False;0.000;True;False
164.828;RECOVERY_REBASELINE;1;0;;451.000;451.000;;0.000;-1.023;False;0.000;False;0.000;True;False
164.969;RECOVERY_REBASELINE;1;0;;451.000;451.000;;0.000;-0.990;False;0.000;False;0.000;True;False
165.094;RECOVERY_REBASELINE;1;0;;451.000;451.000;;0.000;-0.956;False;0.000;False;0.000;True;False
165.219;RECOVERY_REBASELINE;1;0;;451.000;451.000;;0.000;-0.921;False;0.000;False;0.000;True;False
165.344;RECOVERY_REBASELINE;1;0;;451.000;451.000;;0.000;-0.906;False;0.000;False;0.000;True;False
165.469;RECOVERY_REBASELINE;1;0;;441.000;451.000;;0.000;-0.870;False;0.000;False;0.000;True;False
187.828;ACQUIRE;2;11700;451.000;431.000;451.000;0.000;0.000;;False;0.000;False;0.000;True;False
187.969;ACQUIRE;2;11700;451.000;421.000;451.000;0.000;0.000;;True;150.000;True;150.000;True;False
188.094;ACQUIRE;2;11700;451.000;532.000;451.000;0.000;0.000;;True;300.000;True;300.000;True;False
188.219;ACQUIRE;2;11700;451.000;563.000;451.000;0.000;0.000;;True;450.000;True;450.000;True;False
188.344;ACQUIRE;2;11700;451.000;451.000;451.000;0.000;0.000;;True;600.000;True;450.000;True;False
188.484;ACQUIRE;2;11700;451.000;471.000;451.000;0.000;0.000;;True;750.000;True;750.000;True;False
188.609;ACQUIRE;2;11700;451.000;451.000;451.000;0.000;0.000;;True;900.000;True;900.000;True;False
188.734;ACQUIRE;2;11700;451.000;502.000;451.000;0.000;0.000;;True;1050.000;True;900.000;True;False
188.859;ACQUIRE;2;11700;451.000;553.000;471.000;20.000;12.961;;True;1200.000;True;1050.000;True;False
188.984;ACQUIRE;2;11700;451.000;471.000;471.000;20.000;22.233;;True;1350.000;True;1200.000;True;False
189.109;ACQUIRE;2;11700;451.000;502.000;502.000;51.000;48.085;;True;1350.000;True;1350.000;True;False
189.250;ACQUIRE;2;11700;451.000;553.000;502.000;51.000;64.412;;True;1500.000;True;1500.000;True;False
189.375;ACQUIRE;2;11700;451.000;583.000;502.000;51.000;71.511;;True;1650.000;True;1650.000;True;False
189.500;ACQUIRE;2;11700;451.000;471.000;502.000;51.000;68.417;;True;1800.000;True;1800.000;True;False
189.625;ACQUIRE;2;11700;451.000;512.000;502.000;51.000;56.212;;True;1950.000;True;1950.000;True;False
189.750;ACQUIRE;2;11700;451.000;563.000;512.000;61.000;41.217;;True;2100.000;True;1950.000;True;False
189.906;ACQUIRE;2;11700;451.000;543.000;543.000;92.000;51.343;;True;2250.000;True;2250.000;True;False
190.031;ACQUIRE;2;11700;451.000;573.000;543.000;92.000;48.198;;True;2400.000;True;2250.000;True;False
190.156;ACQUIRE;2;11700;451.000;451.000;543.000;92.000;57.708;;True;2550.000;True;2400.000;True;False
190.281;ACQUIRE;2;11700;451.000;512.000;543.000;92.000;59.377;;True;2700.000;True;2550.000;True;False
190.406;ACQUIRE;2;11700;451.000;553.000;543.000;92.000;54.109;;True;2700.000;True;2700.000;True;False
190.547;ACQUIRE;2;11700;451.000;532.000;532.000;81.000;33.940;;True;2850.000;True;2850.000;True;False
190.672;ACQUIRE;2;11700;451.000;431.000;532.000;81.000;8.363;;True;3000.000;True;3000.000;True;False
190.812;ACQUIRE;2;11700;451.000;522.000;532.000;81.000;0.000;;True;3150.000;True;3150.000;True;False
190.953;ACQUIRE;2;11700;451.000;553.000;532.000;81.000;0.000;;True;3300.000;True;3300.000;True;False
191.078;ACQUIRE;2;11700;451.000;471.000;522.000;71.000;0.000;;True;3450.000;True;3450.000;True;False
191.203;ACQUIRE;2;11700;451.000;532.000;522.000;71.000;0.000;;True;3600.000;True;3600.000;True;False
191.328;ACQUIRE;2;11700;451.000;431.000;522.000;71.000;0.000;;True;3750.000;True;3600.000;True;False
191.453;ACQUIRE;2;11700;451.000;441.000;522.000;71.000;0.000;;True;3900.000;True;3750.000;True;False
191.578;ACQUIRE;2;11700;451.000;553.000;522.000;71.000;0.000;;True;4050.000;True;3900.000;True;False
191.719;ACQUIRE;2;11700;451.000;471.000;471.000;20.000;0.000;;True;4050.000;True;4050.000;True;False
191.844;ACQUIRE;2;11700;451.000;421.000;471.000;20.000;0.000;;True;4200.000;True;4200.000;True;False
191.969;ACQUIRE;2;11700;451.000;400.000;471.000;20.000;0.000;;True;4350.000;True;4350.000;True;False
192.094;ACQUIRE;2;11700;451.000;543.000;471.000;20.000;0.000;;True;4500.000;True;4500.000;True;False
192.219;ACQUIRE;2;11700;451.000;421.000;441.000;-10.000;0.000;;True;4650.000;True;4650.000;True;False
192.359;ACQUIRE;2;11700;451.000;451.000;441.000;-10.000;0.000;;True;4800.000;True;4650.000;True;False
192.484;ACQUIRE;2;11700;451.000;431.000;441.000;-10.000;0.000;;True;4950.000;True;4950.000;True;False
192.609;ACQUIRE;2;11700;451.000;411.000;431.000;-20.000;0.000;;True;5100.000;True;5100.000;True;False
192.719;ACQUIRE;2;11700;451.000;400.000;421.000;-30.000;0.000;;True;5250.000;True;5100.000;True;False
192.844;ACQUIRE;2;11700;451.000;421.000;421.000;-30.000;0.000;;True;5250.000;True;5250.000;True;False
192.984;ACQUIRE;2;11700;451.000;400.000;421.000;-30.000;0.000;;True;5400.000;True;5400.000;True;False
193.109;ACQUIRE;2;11700;451.000;390.000;421.000;-30.000;0.000;;True;5550.000;True;5550.000;True;False
193.234;ACQUIRE;2;11700;451.000;390.000;411.000;-40.000;0.000;;True;5700.000;True;5700.000;True;False
193.359;ACQUIRE;2;11700;451.000;431.000;411.000;-40.000;0.000;;True;5850.000;True;5700.000;True;False
193.484;ACQUIRE;2;11700;451.000;421.000;411.000;-40.000;0.000;;True;6000.000;True;6000.000;True;False
193.609;ACQUIRE;2;11700;451.000;380.000;400.000;-51.000;0.000;;True;6150.000;True;6150.000;True;False
193.734;ACQUIRE;2;11700;451.000;390.000;400.000;-51.000;0.000;;True;6300.000;True;6150.000;True;False
193.859;ACQUIRE;2;11700;451.000;390.000;390.000;-61.000;0.000;;True;6300.000;True;6300.000;True;False
193.984;ACQUIRE;2;11700;451.000;400.000;390.000;-61.000;0.000;;True;6450.000;True;6450.000;True;False
194.109;ACQUIRE;2;11700;451.000;390.000;390.000;-61.000;0.000;;True;6600.000;True;6600.000;True;False
194.234;ACQUIRE;2;11700;451.000;380.000;390.000;-61.000;0.000;;True;6750.000;True;6750.000;True;False
194.359;ACQUIRE;2;11700;451.000;390.000;390.000;-61.000;0.000;;True;6900.000;True;6900.000;True;False
194.484;ACQUIRE;2;11700;451.000;461.000;390.000;-61.000;0.000;;True;7050.000;True;7050.000;True;False
194.625;ACQUIRE;2;11700;451.000;400.000;390.000;-61.000;0.000;;True;7200.000;True;7050.000;True;False
194.750;ACQUIRE;2;11700;451.000;400.000;390.000;-61.000;0.000;;True;7350.000;True;7200.000;True;False
194.859;ACQUIRE;2;11700;451.000;431.000;400.000;-51.000;5.183;;True;7350.000;True;7500.000;True;False
195.000;ACQUIRE;2;11700;451.000;461.000;400.000;-51.000;11.109;;True;7500.000;True;7500.000;True;False
195.125;ACQUIRE;2;11700;451.000;380.000;400.000;-51.000;13.889;;True;7650.000;True;7650.000;True;False
195.281;ACQUIRE;2;11700;451.000;431.000;400.000;-51.000;14.475;;True;7800.000;True;7800.000;True;False
195.406;ACQUIRE;2;11700;451.000;380.000;400.000;-51.000;13.379;;True;7950.000;True;7950.000;True;False
195.531;ACQUIRE;2;11700;451.000;431.000;431.000;-20.000;30.324;;True;8100.000;True;8100.000;True;False
195.656;ACQUIRE;2;11700;451.000;350.000;400.000;-51.000;20.167;;True;8250.000;True;8100.000;True;False
195.781;ACQUIRE;2;11700;451.000;370.000;400.000;-51.000;8.529;;True;8400.000;True;8400.000;True;False
195.906;ACQUIRE;2;11700;451.000;390.000;390.000;-61.000;0.000;;True;8550.000;True;8400.000;True;False
196.031;ACQUIRE;2;11700;451.000;451.000;390.000;-61.000;0.000;;True;8700.000;True;8550.000;True;False
196.156;ACQUIRE;2;11700;451.000;328.000;380.000;-71.000;0.000;;True;8850.000;True;8700.000;True;False
196.281;ACQUIRE;2;11700;451.000;370.000;380.000;-71.000;0.000;;True;8850.000;True;8850.000;True;False
196.406;ACQUIRE;2;11700;451.000;390.000;380.000;-71.000;0.000;;True;9000.000;True;9000.000;True;False
196.547;ACQUIRE;2;11700;451.000;370.000;370.000;-81.000;0.000;;True;9150.000;True;9150.000;True;False
196.687;ACQUIRE;2;11700;451.000;451.000;370.000;-81.000;0.000;;True;9300.000;True;9300.000;True;False
196.812;ACQUIRE;2;11700;451.000;328.000;370.000;-81.000;0.000;;True;9450.000;True;9450.000;True;False
196.937;ACQUIRE;2;11700;451.000;298.000;370.000;-81.000;0.000;;True;9600.000;True;9600.000;True;False
197.062;ACQUIRE;2;11700;451.000;370.000;370.000;-81.000;0.000;;True;9750.000;True;9750.000;True;False
197.187;ACQUIRE;2;11700;451.000;441.000;370.000;-81.000;0.000;;True;9900.000;True;9900.000;True;False
197.328;ACQUIRE;2;11700;451.000;308.000;370.000;-81.000;0.000;;True;10050.000;True;9900.000;True;False
197.453;ACQUIRE;2;11700;451.000;298.000;370.000;-81.000;0.000;;True;10200.000;True;10050.000;True;False
197.578;ACQUIRE;2;11700;451.000;318.000;328.000;-123.000;0.000;;True;10200.000;True;10200.000;True;False
197.703;ACQUIRE;2;11700;451.000;421.000;328.000;-123.000;0.000;;True;10350.000;True;10350.000;True;False
197.828;ACQUIRE;2;11700;451.000;380.000;328.000;-123.000;0.000;;True;10500.000;True;10500.000;True;False
197.984;ACQUIRE;2;11700;451.000;451.000;370.000;-81.000;0.000;;True;10650.000;True;10650.000;True;False
198.109;ACQUIRE;2;11700;451.000;308.000;370.000;-81.000;0.000;;True;10800.000;True;10800.000;True;False
198.250;ACQUIRE;2;11700;451.000;350.000;350.000;-101.000;0.238;;True;10950.000;True;10950.000;True;False
198.375;ACQUIRE;2;11700;451.000;237.000;318.000;-133.000;0.000;;True;11100.000;True;11100.000;True;False
198.515;ACQUIRE;2;11700;451.000;328.000;328.000;-123.000;2.037;;True;11250.000;True;11250.000;True;False
198.656;ACQUIRE;2;11700;451.000;308.000;328.000;-123.000;0.000;;True;11400.000;True;11250.000;True;False
198.781;ACQUIRE;2;11700;451.000;308.000;328.000;-123.000;0.000;;True;11550.000;True;11550.000;True;False
198.875;ACQUIRE;2;11700;451.000;237.000;308.000;-143.000;0.000;;True;11550.000;True;11550.000;True;False
199.000;ACQUIRE;2;11700;451.000;318.000;308.000;-143.000;0.000;;True;11700.000;True;11700.000;True;False
199.125;ACQUIRE;2;11700;451.000;298.000;308.000;-143.000;0.000;;True;11700.000;True;11700.000;True;False
199.250;ACQUIRE;2;11700;451.000;360.000;308.000;-143.000;0.000;;True;11700.000;True;11700.000;True;False
199.375;ACQUIRE;2;11700;451.000;308.000;308.000;-143.000;0.000;;True;11700.000;True;11700.000;True;False
199.515;ACQUIRE;2;11700;451.000;288.000;308.000;-143.000;0.000;;True;11700.000;True;11700.000;True;False
199.531;HOLD;2;11700;451.000;288.000;308.000;-143.000;0.000;;True;11700.000;True;11700.000;True;False
199.672;HOLD;2;11700;451.000;288.000;298.000;-153.000;0.000;;True;11700.000;True;11700.000;True;False
199.797;HOLD;2;11700;451.000;308.000;298.000;-153.000;0.000;;True;11700.000;True;11700.000;True;False
199.922;HOLD;2;11700;451.000;308.000;308.000;-143.000;0.000;;True;11700.000;True;11700.000;True;False
200.062;HOLD;2;11700;451.000;298.000;298.000;-153.000;0.000;;True;11700.000;True;11700.000;True;False
200.187;HOLD;2;11700;451.000;421.000;308.000;-143.000;0.000;;True;11700.000;True;11700.000;True;False
200.312;HOLD;2;11700;451.000;431.000;308.000;-143.000;0.000;;True;11700.000;True;11700.000;True;False
200.437;HOLD;2;11700;451.000;318.000;308.000;-143.000;3.113;;True;11700.000;True;11700.000;True;False
200.578;HOLD;2;11700;451.000;288.000;308.000;-143.000;11.894;;True;11700.000;True;11700.000;True;False
200.734;HOLD;2;11700;451.000;350.000;308.000;-143.000;8.848;;True;11700.000;True;11700.000;True;False
200.859;HOLD;2;11700;451.000;267.000;308.000;-143.000;4.327;;True;11700.000;True;11700.000;True;False
200.984;HOLD;2;11700;451.000;400.000;318.000;-133.000;12.290;;True;11700.000;True;11700.000;True;False
201.109;HOLD;2;11700;451.000;400.000;350.000;-101.000;30.072;;True;11700.000;True;11700.000;True;False
201.234;HOLD;2;11700;451.000;360.000;360.000;-91.000;53.080;;True;11700.000;True;11700.000;True;False
201.375;HOLD;2;11700;451.000;288.000;350.000;-101.000;61.236;;True;11700.000;True;11700.000;True;False
201.500;HOLD;2;11700;451.000;421.000;350.000;-101.000;62.877;;True;11700.000;True;11700.000;True;False
201.609;HOLD;2;11700;451.000;390.000;360.000;-91.000;63.755;;True;11700.000;True;11700.000;True;False
201.750;HOLD;2;11700;451.000;390.000;390.000;-61.000;72.340;;True;11700.000;True;11700.000;True;False
201.875;HOLD;2;11700;451.000;288.000;390.000;-61.000;65.715;;True;11700.000;True;11700.000;True;False
202.000;HOLD;2;11700;451.000;411.000;390.000;-61.000;52.333;;True;11700.000;True;11700.000;True;False
202.140;HOLD;2;11700;451.000;350.000;390.000;-61.000;51.980;;True;11700.000;True;11700.000;True;False
202.265;HOLD;2;11700;451.000;411.000;390.000;-61.000;52.956;;True;11700.000;True;11700.000;True;False
202.390;HOLD;2;11700;451.000;360.000;390.000;-61.000;39.713;;True;11700.000;True;11700.000;True;False
202.515;HOLD;2;11700;451.000;421.000;390.000;-61.000;19.639;;True;11700.000;True;11700.000;True;False
202.640;HOLD;2;11700;451.000;441.000;390.000;-61.000;0.000;;True;11700.000;True;11700.000;True;False
202.781;HOLD;2;11700;451.000;471.000;411.000;-40.000;13.787;;True;11700.000;True;11700.000;True;False
202.906;HOLD;2;11700;451.000;441.000;411.000;-40.000;23.532;;True;11700.000;True;11700.000;True;False
203.047;HOLD;2;11700;451.000;512.000;421.000;-30.000;35.853;;True;11700.000;True;11700.000;True;False
203.187;HOLD;2;11700;451.000;543.000;441.000;-10.000;54.414;;True;11700.000;True;11700.000;True;False
203.328;HOLD;2;11700;451.000;512.000;441.000;-10.000;62.814;;True;11700.000;True;11700.000;True;False
203.453;HOLD;2;11700;451.000;451.000;451.000;0.000;68.918;;True;11700.000;True;11700.000;True;False
203.594;HOLD;2;11700;451.000;482.000;471.000;20.000;76.706;;True;11700.000;True;11700.000;True;False
203.719;HOLD;2;11700;451.000;451.000;471.000;20.000;71.373;;True;11700.000;True;11700.000;True;False
203.844;HOLD;2;11700;451.000;482.000;482.000;31.000;75.242;;True;11700.000;True;11700.000;True;False
203.969;HOLD;2;11700;451.000;471.000;482.000;31.000;67.328;;True;11700.000;True;11700.000;True;False
204.094;HOLD;2;11700;451.000;451.000;482.000;31.000;54.111;;True;11700.000;True;11700.000;True;False
204.250;HOLD;2;11700;451.000;411.000;471.000;20.000;37.188;;True;11700.000;True;11700.000;True;False
204.375;HOLD;2;11700;451.000;461.000;461.000;10.000;8.948;;True;11700.000;True;11700.000;True;False
204.500;HOLD;2;11700;451.000;411.000;451.000;0.000;0.000;;True;11700.000;True;11700.000;True;False
204.625;HOLD;2;11700;451.000;461.000;461.000;10.000;0.000;;True;11700.000;True;11700.000;True;False
204.750;HOLD;2;11700;451.000;390.000;451.000;0.000;0.000;;True;11700.000;True;11700.000;True;False
204.875;HOLD;2;11700;451.000;451.000;451.000;0.000;0.000;;True;11700.000;True;11700.000;True;False
205.000;HOLD;2;11700;451.000;411.000;451.000;0.000;0.000;;True;11700.000;True;11700.000;True;False
205.140;HOLD;2;11700;451.000;451.000;451.000;0.000;0.000;;True;11700.000;True;11700.000;True;False
205.265;HOLD;2;11700;451.000;431.000;431.000;-20.000;0.000;;True;11700.000;True;11700.000;True;False
205.390;HOLD;2;11700;451.000;451.000;451.000;0.000;0.000;;True;11700.000;True;11700.000;True;False
205.515;HOLD;2;11700;451.000;461.000;451.000;0.000;0.000;;True;11700.000;True;11700.000;True;False
205.640;HOLD;2;11700;451.000;421.000;451.000;0.000;0.000;;True;11700.000;True;11700.000;True;False
205.781;HOLD;2;11700;451.000;421.000;431.000;-20.000;0.000;;True;11700.000;True;11700.000;True;False
205.906;HOLD;2;11700;451.000;441.000;441.000;-10.000;0.000;;True;11700.000;True;11700.000;True;False
206.031;HOLD;2;11700;451.000;461.000;441.000;-10.000;0.000;;True;11700.000;True;11700.000;True;False
206.156;HOLD;2;11700;451.000;421.000;441.000;-10.000;0.000;;True;11700.000;True;11700.000;True;False
206.281;HOLD;2;11700;451.000;370.000;431.000;-20.000;0.000;;True;11700.000;True;11700.000;True;False
206.422;HOLD;2;11700;451.000;451.000;441.000;-10.000;0.000;;True;11700.000;True;11700.000;True;False
206.547;HOLD;2;11700;451.000;411.000;421.000;-30.000;0.000;;True;11700.000;True;11700.000;True;False
206.672;HOLD;2;11700;451.000;380.000;421.000;-30.000;0.000;;True;11700.000;True;11700.000;True;False
206.812;HOLD;2;11700;451.000;451.000;421.000;-30.000;0.000;;True;11700.000;True;11700.000;True;False
206.953;HOLD;2;11700;451.000;431.000;431.000;-20.000;0.000;;True;11700.000;True;11700.000;True;False
207.094;HOLD;2;11700;451.000;350.000;421.000;-30.000;0.000;;True;11700.000;True;11700.000;True;False
207.219;HOLD;2;11700;451.000;441.000;421.000;-30.000;0.000;;True;11700.000;True;11700.000;True;False
207.344;HOLD;2;11700;451.000;471.000;431.000;-20.000;0.000;;True;11700.000;True;11700.000;True;False
207.469;HOLD;2;11700;451.000;421.000;431.000;-20.000;9.742;;True;11700.000;True;11700.000;True;False
207.594;HOLD;2;11700;451.000;553.000;431.000;-20.000;10.768;;True;11700.000;True;11700.000;True;False
207.719;HOLD;2;11700;451.000;532.000;441.000;-10.000;16.469;;True;11700.000;True;11700.000;True;False
207.844;HOLD;2;11700;451.000;451.000;451.000;0.000;25.199;;True;11700.000;True;11700.000;True;False
207.969;HOLD;2;11700;451.000;451.000;451.000;0.000;37.143;;True;11700.000;True;11700.000;True;False
208.094;HOLD;2;11700;451.000;461.000;451.000;0.000;34.667;;True;11700.000;True;11700.000;True;False
208.219;HOLD;2;11700;451.000;441.000;451.000;0.000;32.000;;True;11700.000;True;11700.000;True;False
208.344;HOLD;2;11700;451.000;482.000;461.000;10.000;30.667;;True;11700.000;True;11700.000;True;False
208.484;HOLD;2;11700;451.000;553.000;461.000;10.000;29.188;;True;11700.000;True;11700.000;True;False
208.609;HOLD;2;11700;451.000;390.000;461.000;10.000;20.579;;True;11700.000;True;11700.000;True;False
208.719;HOLD;2;11700;451.000;461.000;461.000;10.000;18.503;;True;11700.000;True;11700.000;True;False
208.859;HOLD;2;11700;451.000;421.000;451.000;0.000;7.493;;True;11700.000;True;11700.000;True;False
208.969;HOLD;2;11700;451.000;553.000;461.000;10.000;7.923;;True;11700.000;True;11700.000;True;False
209.094;HOLD;2;11700;451.000;451.000;461.000;10.000;6.637;;True;11700.000;True;11700.000;True;False
209.219;HOLD;2;11700;451.000;400.000;451.000;0.000;0.000;;True;11700.000;True;11700.000;True;False
209.344;HOLD;2;11700;451.000;411.000;451.000;0.000;0.000;;True;11700.000;True;11700.000;True;False
209.469;HOLD;2;11700;451.000;543.000;451.000;0.000;0.000;;True;11700.000;True;11700.000;True;False
209.609;HOLD;2;11700;451.000;441.000;441.000;-10.000;0.000;;True;11700.000;True;11700.000;True;False
209.734;HOLD;2;11700;451.000;553.000;451.000;0.000;0.000;;True;11700.000;True;11700.000;True;False
209.859;HOLD;2;11700;451.000;563.000;451.000;0.000;0.000;;True;11700.000;True;11700.000;True;False
209.984;HOLD;2;11700;451.000;421.000;451.000;0.000;0.000;;True;11700.000;True;11700.000;True;False
210.109;HOLD;2;11700;451.000;421.000;441.000;-10.000;0.000;;True;11700.000;True;11700.000;True;False
210.250;HOLD;2;11700;451.000;543.000;441.000;-10.000;0.000;;True;11700.000;True;11700.000;True;False
210.375;HOLD;2;11700;451.000;573.000;543.000;92.000;56.990;;True;11700.000;True;11700.000;True;False
210.515;HOLD;2;11700;451.000;411.000;543.000;92.000;105.413;;True;11700.000;True;11700.000;True;False
210.640;HOLD;2;11700;451.000;461.000;461.000;10.000;74.155;;True;11700.000;True;11700.000;True;False
210.781;HOLD;2;11700;451.000;553.000;543.000;92.000;99.906;;True;11700.000;True;11700.000;True;False
210.937;HOLD;2;11700;451.000;512.000;512.000;61.000;87.347;;True;11700.000;True;11700.000;True;False
211.062;HOLD;2;11700;451.000;390.000;461.000;10.000;35.403;;True;11700.000;True;11700.000;True;False
211.187;HOLD;2;11700;451.000;451.000;461.000;10.000;0.000;;True;11700.000;True;11700.000;True;False
211.312;HOLD;2;11700;451.000;400.000;461.000;10.000;0.000;;True;11700.000;True;11700.000;True;False
211.437;HOLD;2;11700;451.000;451.000;451.000;0.000;0.000;;True;11700.000;True;11700.000;True;False
211.578;HOLD;2;11700;451.000;370.000;451.000;0.000;0.000;;True;11700.000;True;11700.000;True;False
211.703;HOLD;2;11700;451.000;441.000;451.000;0.000;0.000;;True;11700.000;True;11700.000;True;False
211.828;HOLD;2;11700;451.000;390.000;441.000;-10.000;0.000;;True;11700.000;True;11700.000;True;False
211.953;HOLD;2;11700;451.000;431.000;431.000;-20.000;0.000;;True;11700.000;True;11700.000;True;False
212.078;HOLD;2;11700;451.000;360.000;400.000;-51.000;0.000;;True;11700.000;True;11700.000;True;False
212.203;HOLD;2;11700;451.000;411.000;411.000;-40.000;0.000;;True;11700.000;True;11700.000;True;False
212.344;HOLD;2;11700;451.000;370.000;400.000;-51.000;0.000;;True;11700.000;True;11700.000;True;False
212.469;HOLD;2;11700;451.000;411.000;411.000;-40.000;0.000;;True;11700.000;True;11700.000;True;False
212.594;HOLD;2;11700;451.000;360.000;390.000;-61.000;0.000;;True;11700.000;True;11700.000;True;False
212.719;HOLD;2;11700;451.000;441.000;411.000;-40.000;0.000;;True;11700.000;True;11700.000;True;False
212.844;HOLD;2;11700;451.000;380.000;390.000;-61.000;0.000;;True;11700.000;True;11700.000;True;False
212.984;HOLD;2;11700;451.000;380.000;380.000;-71.000;0.000;;True;11700.000;True;11700.000;True;False
213.109;HOLD;2;11700;451.000;390.000;380.000;-71.000;0.000;;True;11700.000;True;11700.000;True;False
213.234;HOLD;2;11700;451.000;390.000;390.000;-61.000;0.000;;True;11700.000;True;11700.000;True;False
213.359;HOLD;2;11700;451.000;400.000;390.000;-61.000;0.000;;True;11700.000;True;11700.000;True;False
213.500;HOLD;2;11700;451.000;431.000;390.000;-61.000;0.000;;True;11700.000;True;11700.000;True;False
213.640;HOLD;2;11700;451.000;421.000;390.000;-61.000;0.000;;True;11700.000;True;11700.000;True;False
213.765;HOLD;2;11700;451.000;400.000;400.000;-51.000;13.490;;True;11700.000;True;11700.000;True;False
213.890;HOLD;2;11700;451.000;400.000;400.000;-51.000;21.754;;True;11700.000;True;11700.000;True;False
214.015;HOLD;2;11700;451.000;421.000;400.000;-51.000;19.961;;True;11700.000;True;11700.000;True;False
214.140;HOLD;2;11700;451.000;471.000;400.000;-51.000;14.631;;True;11700.000;True;11700.000;True;False
214.265;HOLD;2;11700;451.000;431.000;421.000;-30.000;27.348;;True;11700.000;True;11700.000;True;False
214.390;HOLD;2;11700;451.000;471.000;421.000;-30.000;35.009;;True;11700.000;True;11700.000;True;False
214.531;HOLD;2;11700;451.000;441.000;431.000;-20.000;42.966;;True;11700.000;True;11700.000;True;False
214.656;HOLD;2;11700;451.000;461.000;431.000;-20.000;42.719;;True;11700.000;True;11700.000;True;False
214.781;HOLD;2;11700;451.000;492.000;441.000;-10.000;49.824;;True;11700.000;True;11700.000;True;False
214.890;HOLD;2;11700;451.000;502.000;461.000;10.000;57.613;;True;11700.000;True;11700.000;True;False
215.015;HOLD;2;11700;451.000;461.000;461.000;10.000;62.998;;True;11700.000;True;11700.000;True;False
215.156;HOLD;2;11700;451.000;482.000;471.000;20.000;61.232;;True;11700.000;True;11700.000;True;False
215.281;HOLD;2;11700;451.000;543.000;471.000;20.000;62.303;;True;11700.000;True;11700.000;True;False
215.406;HOLD;2;11700;451.000;553.000;482.000;31.000;61.345;;True;11700.000;True;11700.000;True;False
215.531;HOLD;2;11700;451.000;471.000;482.000;31.000;56.600;;True;11700.000;True;11700.000;True;False
215.656;HOLD;2;11700;451.000;471.000;482.000;31.000;49.997;;True;11700.000;True;11700.000;True;False
215.797;HOLD;2;11700;451.000;471.000;482.000;31.000;27.402;;True;11700.000;True;11700.000;True;False
215.922;HOLD;2;11700;451.000;482.000;482.000;31.000;21.741;;True;11700.000;True;11700.000;True;False
216.047;HOLD;2;11700;451.000;532.000;482.000;31.000;12.206;;True;11700.000;True;11700.000;True;False
216.172;HOLD;2;11700;451.000;441.000;482.000;31.000;7.115;;True;11700.000;True;11700.000;True;False
216.297;HOLD;2;11700;451.000;451.000;471.000;20.000;0.000;;True;11700.000;True;11700.000;True;False
216.453;HOLD;2;11700;451.000;471.000;471.000;20.000;0.000;;True;11700.000;True;11700.000;True;False
216.578;HOLD;2;11700;451.000;543.000;471.000;20.000;0.000;;True;11700.000;True;11700.000;True;False
216.703;HOLD;2;11700;451.000;471.000;471.000;20.000;0.000;;True;11700.000;True;11700.000;True;False
216.828;HOLD;2;11700;451.000;461.000;471.000;20.000;0.000;;True;11700.000;True;11700.000;True;False
216.953;HOLD;2;11700;451.000;461.000;471.000;20.000;0.000;;True;11700.000;True;11700.000;True;False
217.078;HOLD;2;11700;451.000;512.000;471.000;20.000;0.000;;True;11700.000;True;11700.000;True;False
217.203;HOLD;2;11700;451.000;461.000;461.000;10.000;0.000;;True;11700.000;True;11700.000;True;False
217.344;HOLD;2;11700;451.000;522.000;471.000;20.000;0.000;;True;11700.000;True;11700.000;True;False
217.469;HOLD;2;11700;451.000;543.000;471.000;20.000;0.000;;True;11700.000;True;11700.000;True;False
217.594;HOLD;2;11700;451.000;431.000;471.000;20.000;0.000;;True;11700.000;True;11700.000;True;False
217.719;HOLD;2;11700;451.000;441.000;461.000;10.000;0.000;;True;11700.000;True;11700.000;True;False
217.844;HOLD;2;11700;451.000;370.000;461.000;10.000;0.000;;True;11700.000;True;11700.000;True;False
217.984;HOLD;2;11700;451.000;411.000;461.000;10.000;0.000;;True;11700.000;True;11700.000;True;False
218.109;HOLD;2;11700;451.000;482.000;461.000;10.000;0.000;;True;11700.000;True;11700.000;True;False
218.234;HOLD;2;11700;451.000;461.000;461.000;10.000;0.000;;True;11700.000;True;11700.000;True;False
218.359;HOLD;2;11700;451.000;482.000;461.000;10.000;0.000;;True;11700.000;True;11700.000;True;False
218.484;HOLD;2;11700;451.000;603.000;461.000;10.000;0.000;;True;11700.000;True;11700.000;True;False
218.609;HOLD;2;11700;451.000;502.000;461.000;10.000;0.000;;True;11700.000;True;11700.000;True;False
218.750;HOLD;2;11700;451.000;451.000;461.000;10.000;0.000;;True;11700.000;True;11700.000;True;False
218.875;HOLD;2;11700;451.000;461.000;461.000;10.000;0.000;;True;11700.000;True;11700.000;True;False
219.000;HOLD;2;11700;451.000;390.000;461.000;10.000;0.000;;True;11700.000;True;11700.000;True;False
219.125;HOLD;2;11700;451.000;370.000;461.000;10.000;0.000;;True;11700.000;True;11700.000;True;False
219.250;HOLD;2;11700;451.000;340.000;461.000;10.000;0.000;;True;11700.000;True;11700.000;True;False
219.390;HOLD;2;11700;451.000;522.000;461.000;10.000;0.000;;True;11700.000;True;11700.000;True;False
219.515;HOLD;2;11700;451.000;400.000;451.000;0.000;0.000;;True;11700.000;True;11700.000;True;False
219.640;HOLD;2;11700;451.000;441.000;441.000;-10.000;0.000;;True;11700.000;True;11700.000;True;False
219.765;HOLD;2;11700;451.000;380.000;400.000;-51.000;0.000;;True;11700.000;True;11700.000;True;False
219.875;HOLD;2;11700;451.000;553.000;400.000;-51.000;0.000;;True;11700.000;True;11700.000;True;False
220.015;HOLD;2;11700;451.000;502.000;400.000;-51.000;0.000;;True;11700.000;True;11700.000;True;False
220.140;HOLD;2;11700;451.000;441.000;441.000;-10.000;0.000;;True;11700.000;True;11700.000;True;False
220.265;HOLD;2;11700;451.000;340.000;441.000;-10.000;0.000;;True;11700.000;True;11700.000;True;False
220.390;HOLD;2;11700;451.000;350.000;441.000;-10.000;0.000;;True;11700.000;True;11700.000;True;False
220.515;HOLD;2;11700;451.000;411.000;411.000;-40.000;0.000;;True;11700.000;True;11700.000;True;False
220.640;HOLD;2;11700;451.000;563.000;441.000;-10.000;21.011;;True;11700.000;True;11700.000;True;False
220.781;HOLD;2;11700;451.000;583.000;441.000;-10.000;37.660;;True;11700.000;True;11700.000;True;False
220.906;HOLD;2;11700;451.000;583.000;502.000;51.000;64.302;;True;11700.000;True;11700.000;True;False
221.031;HOLD;2;11700;451.000;380.000;441.000;-10.000;31.639;;True;11700.000;True;11700.000;True;False
221.156;HOLD;2;11700;451.000;543.000;441.000;-10.000;25.830;;True;11700.000;True;11700.000;True;False
221.281;HOLD;2;11700;451.000;512.000;512.000;61.000;66.026;;True;11700.000;True;11700.000;True;False
221.422;HOLD;2;11700;451.000;492.000;512.000;61.000;92.843;;True;11700.000;True;11700.000;True;False
221.547;HOLD;2;11700;451.000;563.000;543.000;92.000;101.938;;True;11700.000;True;11700.000;True;False
221.672;HOLD;2;11700;451.000;522.000;543.000;92.000;112.337;;True;11700.000;True;11700.000;True;False
221.797;HOLD;2;11700;451.000;593.000;543.000;92.000;102.935;;True;11700.000;True;11700.000;True;False
221.922;HOLD;2;11700;451.000;625.000;543.000;92.000;125.834;;True;11700.000;True;11700.000;True;False
222.047;HOLD;2;11700;451.000;635.000;543.000;92.000;90.499;;True;11700.000;True;11700.000;True;False
222.187;HOLD;2;11700;451.000;583.000;563.000;112.000;47.950;;True;11700.000;True;11700.000;True;False
222.312;HOLD;2;11700;451.000;625.000;583.000;132.000;56.110;;True;11700.000;True;11700.000;True;False
222.437;HOLD;2;11700;451.000;583.000;583.000;132.000;50.654;;True;11700.000;True;11700.000;True;False
222.562;HOLD;2;11700;451.000;625.000;593.000;142.000;64.439;;True;11700.000;True;11700.000;True;False
222.703;HOLD;2;11700;451.000;593.000;593.000;142.000;68.328;;True;11700.000;True;11700.000;True;False
222.859;HOLD;2;11700;451.000;665.000;625.000;174.000;82.734;;True;11700.000;True;11700.000;True;False
222.984;HOLD;2;11700;451.000;645.000;625.000;174.000;82.620;;True;11700.000;True;11700.000;True;False
223.094;HOLD;2;11700;451.000;665.000;625.000;174.000;69.716;;True;11700.000;True;11700.000;True;False
223.219;HOLD;2;11700;451.000;625.000;625.000;174.000;57.922;;True;11700.000;True;11700.000;True;False
223.344;HOLD;2;11700;451.000;716.000;625.000;174.000;51.344;;True;11700.000;True;11700.000;True;False
223.469;HOLD;2;11700;451.000;655.000;645.000;194.000;49.659;;True;11700.000;True;11700.000;True;False
223.609;HOLD;2;11700;451.000;706.000;655.000;204.000;51.213;;True;11700.000;True;11700.000;True;False
223.734;HOLD;2;11700;451.000;645.000;655.000;204.000;40.429;;True;11700.000;True;11700.000;True;False
223.859;HOLD;2;11700;451.000;615.000;655.000;204.000;38.798;;True;11700.000;True;11700.000;True;False
223.984;HOLD;2;11700;451.000;635.000;645.000;194.000;34.427;;True;11700.000;True;11700.000;True;False
224.109;HOLD;2;11700;451.000;706.000;655.000;204.000;31.907;;True;11700.000;True;11700.000;True;False
224.250;HOLD;2;11700;451.000;686.000;655.000;204.000;21.469;;True;11700.000;True;11700.000;True;False
224.375;HOLD;2;11700;451.000;603.000;655.000;204.000;5.680;;True;11700.000;True;11700.000;True;False
224.500;HOLD;2;11700;451.000;726.000;655.000;204.000;0.997;;True;11700.000;True;11700.000;True;False
224.625;HOLD;2;11700;451.000;716.000;686.000;235.000;22.890;;True;11700.000;True;11700.000;True;False
224.750;HOLD;2;11700;451.000;706.000;686.000;235.000;39.094;;True;11700.000;True;11700.000;True;False
224.890;HOLD;2;11700;451.000;706.000;706.000;255.000;62.430;;True;11700.000;True;11700.000;True;False
225.015;HOLD;2;11700;451.000;686.000;706.000;255.000;68.129;;True;11700.000;True;11700.000;True;False
225.140;HOLD;2;11700;451.000;655.000;706.000;255.000;71.405;;True;11700.000;True;11700.000;True;False
225.265;HOLD;2;11700;451.000;736.000;706.000;255.000;64.533;;True;11700.000;True;11700.000;True;False
225.390;HOLD;2;11700;451.000;686.000;706.000;255.000;48.431;;True;11700.000;True;11700.000;True;False
225.531;HOLD;2;11700;451.000;706.000;706.000;255.000;22.396;;True;11700.000;True;11700.000;True;False
225.656;HOLD;2;11700;451.000;635.000;706.000;255.000;13.100;;True;11700.000;True;11700.000;True;False
225.781;HOLD;2;11700;451.000;747.000;706.000;255.000;0.000;;True;11700.000;True;11700.000;True;False
225.890;HOLD;2;11700;451.000;757.000;706.000;255.000;0.000;;True;11700.000;True;11700.000;True;False
226.015;HOLD;2;11700;451.000;858.000;706.000;255.000;0.000;;True;11700.000;True;11700.000;True;False
226.140;HOLD;2;11700;451.000;736.000;736.000;285.000;15.821;;True;11700.000;True;11700.000;True;False
226.265;HOLD;2;11700;451.000;777.000;736.000;285.000;28.002;;True;11700.000;True;11700.000;True;False
226.406;HOLD;2;11700;451.000;747.000;747.000;296.000;51.166;;True;11700.000;True;11700.000;True;False
226.531;HOLD;2;11700;451.000;797.000;747.000;296.000;50.722;;True;11700.000;True;11700.000;True;False
226.656;HOLD;2;11700;451.000;818.000;757.000;306.000;58.439;;True;11700.000;True;11700.000;True;False
226.781;HOLD;2;11700;451.000;787.000;777.000;326.000;69.816;;True;11700.000;True;11700.000;True;False
226.890;HOLD;2;11700;451.000;878.000;787.000;336.000;77.500;;True;11700.000;True;11700.000;True;False
227.015;HOLD;2;11700;451.000;736.000;787.000;336.000;75.428;;True;11700.000;True;11700.000;True;False
227.156;HOLD;2;11700;451.000;767.000;777.000;326.000;59.441;;True;11700.000;True;11700.000;True;False
227.281;HOLD;2;11700;451.000;767.000;777.000;326.000;43.461;;True;11700.000;True;11700.000;True;False
227.406;HOLD;2;11700;451.000;838.000;787.000;336.000;39.621;;True;11700.000;True;11700.000;True;False
227.531;HOLD;2;11700;451.000;858.000;797.000;346.000;36.819;;True;11700.000;True;11700.000;True;False
227.656;HOLD;2;11700;451.000;777.000;787.000;336.000;22.184;;True;11700.000;True;11700.000;True;False
227.781;HOLD;2;11700;451.000;726.000;777.000;326.000;3.803;;True;11700.000;True;11700.000;True;False
227.906;HOLD;2;11700;451.000;838.000;777.000;326.000;0.000;;True;11700.000;True;11700.000;True;False
228.047;HOLD;2;11700;451.000;767.000;767.000;316.000;0.000;;True;11700.000;True;11700.000;True;False
228.172;HOLD;2;11700;451.000;747.000;767.000;316.000;0.000;;True;11700.000;True;11700.000;True;False
228.297;HOLD;2;11700;451.000;838.000;777.000;326.000;0.000;;True;11700.000;True;11700.000;True;False
228.422;HOLD;2;11700;451.000;757.000;777.000;326.000;0.000;;True;11700.000;True;11700.000;True;False
228.547;HOLD;2;11700;451.000;716.000;767.000;316.000;0.000;;True;11700.000;True;11700.000;True;False
228.687;HOLD;2;11700;451.000;706.000;757.000;306.000;0.000;;True;11700.000;True;11700.000;True;False
228.812;HOLD;2;11700;451.000;828.000;757.000;306.000;0.000;;True;11700.000;True;11700.000;True;False
228.953;HOLD;2;11700;451.000;818.000;767.000;316.000;0.000;;True;11700.000;True;11700.000;True;False
229.078;HOLD;2;11700;451.000;726.000;757.000;306.000;0.000;;True;11700.000;True;11700.000;True;False
229.219;HOLD;2;11700;451.000;726.000;747.000;296.000;0.000;;True;11700.000;True;11700.000;True;False
229.344;HOLD;2;11700;451.000;818.000;757.000;306.000;0.000;;True;11700.000;True;11700.000;True;False
229.469;HOLD;2;11700;451.000;828.000;757.000;306.000;0.000;;True;11700.000;True;11700.000;True;False
229.594;HOLD;2;11700;451.000;828.000;818.000;367.000;34.694;;True;11700.000;True;11700.000;True;False
229.719;HOLD;2;11700;451.000;807.000;818.000;367.000;62.837;;True;11700.000;True;11700.000;True;False
229.859;HOLD;2;11700;451.000;706.000;818.000;367.000;80.440;;True;11700.000;True;11700.000;True;False
229.984;HOLD;2;11700;451.000;716.000;807.000;356.000;87.373;;True;11700.000;True;11700.000;True;False
230.109;HOLD;2;11700;451.000;686.000;726.000;275.000;26.278;;True;11700.000;True;11700.000;True;False
230.234;HOLD;2;11700;451.000;828.000;807.000;356.000;14.832;;True;11700.000;True;11700.000;True;False
230.359;HOLD;2;11700;451.000;797.000;807.000;356.000;0.538;;True;11700.000;True;11700.000;True;False
230.484;HOLD;2;11700;451.000;736.000;797.000;346.000;0.000;;True;11700.000;True;11700.000;True;False
230.625;HOLD;2;11700;451.000;747.000;747.000;296.000;0.000;;True;11700.000;True;11700.000;True;False
230.750;HOLD;2;11700;451.000;757.000;747.000;296.000;0.000;;True;11700.000;True;11700.000;True;False
230.875;HOLD;2;11700;451.000;787.000;747.000;296.000;0.000;;True;11700.000;True;11700.000;True;False
231.000;HOLD;2;11700;451.000;828.000;757.000;306.000;0.000;;True;11700.000;True;11700.000;True;False
231.125;HOLD;2;11700;451.000;900.000;787.000;336.000;0.000;;True;11700.000;True;11700.000;True;False
231.265;HOLD;2;11700;451.000;868.000;797.000;346.000;0.000;;True;11700.000;True;11700.000;True;False
231.390;HOLD;2;11700;451.000;858.000;797.000;346.000;34.755;;True;11700.000;True;11700.000;True;False
231.531;HOLD;2;11700;451.000;787.000;787.000;336.000;65.301;;True;11700.000;True;11700.000;True;False
231.656;HOLD;2;11700;451.000;797.000;797.000;346.000;61.878;;True;11700.000;True;11700.000;True;False
231.781;HOLD;2;11700;451.000;767.000;797.000;346.000;49.952;;True;11700.000;True;11700.000;True;False
231.906;HOLD;2;11700;451.000;828.000;828.000;377.000;48.831;;True;11700.000;True;11700.000;True;False
232.047;HOLD;2;11700;451.000;767.000;828.000;377.000;40.993;;True;11700.000;True;11700.000;True;False
232.172;HOLD;2;11700;451.000;777.000;797.000;346.000;25.339;;True;11700.000;True;11700.000;True;False
232.297;HOLD;2;11700;451.000;868.000;797.000;346.000;15.921;;True;11700.000;True;11700.000;True;False
232.422;HOLD;2;11700;451.000;807.000;797.000;346.000;6.468;;True;11700.000;True;11700.000;True;False
232.547;HOLD;2;11700;451.000;868.000;797.000;346.000;0.000;;True;11700.000;True;11700.000;True;False
232.703;HOLD;2;11700;451.000;767.000;797.000;346.000;0.000;;True;11700.000;True;11700.000;True;False
232.844;HOLD;2;11700;451.000;797.000;797.000;346.000;0.000;;True;11700.000;True;11700.000;True;False
232.984;HOLD;2;11700;451.000;747.000;797.000;346.000;0.000;;True;11700.000;True;11700.000;True;False
233.109;HOLD;2;11700;451.000;797.000;797.000;346.000;0.000;;True;11700.000;True;11700.000;True;False
233.219;HOLD;2;11700;451.000;706.000;797.000;346.000;0.000;;True;11700.000;True;11700.000;True;False
233.344;HOLD;2;11700;451.000;696.000;797.000;346.000;0.000;;True;11700.000;True;11700.000;True;False
233.484;HOLD;2;11700;451.000;706.000;767.000;316.000;0.000;;True;11700.000;True;11700.000;True;False
233.609;HOLD;2;11700;451.000;686.000;747.000;296.000;0.000;;True;11700.000;True;11700.000;True;False
233.734;HOLD;2;11700;451.000;767.000;747.000;296.000;0.000;;True;11700.000;True;11700.000;True;False
233.859;HOLD;2;11700;451.000;665.000;706.000;255.000;0.000;;True;11700.000;True;11700.000;True;False
233.984;HOLD;2;11700;451.000;696.000;706.000;255.000;0.000;;True;11700.000;True;11700.000;True;False
234.125;HOLD;2;11700;451.000;716.000;706.000;255.000;0.000;;True;11700.000;True;11700.000;True;False
234.250;HOLD;2;11700;451.000;665.000;696.000;245.000;0.000;;True;11700.000;True;11700.000;True;False
234.375;HOLD;2;11700;451.000;736.000;696.000;245.000;0.000;;True;11700.000;True;11700.000;True;False
234.500;HOLD;2;11700;451.000;675.000;696.000;245.000;0.000;;True;11700.000;True;11700.000;True;False
234.625;HOLD;2;11700;451.000;757.000;696.000;245.000;0.000;;True;11700.000;True;11700.000;True;False
234.765;HOLD;2;11700;451.000;706.000;706.000;255.000;0.000;;True;11700.000;True;11700.000;True;False
234.890;HOLD;2;11700;451.000;767.000;706.000;255.000;0.101;;True;11700.000;True;11700.000;True;False
235.015;HOLD;2;11700;451.000;807.000;716.000;265.000;14.156;;True;11700.000;True;11700.000;True;False
235.140;HOLD;2;11700;451.000;665.000;716.000;265.000;26.140;;True;11700.000;True;11700.000;True;False
235.265;HOLD;2;11700;451.000;625.000;706.000;255.000;21.567;;True;11700.000;True;11700.000;True;False
235.390;HOLD;2;11700;451.000;665.000;706.000;255.000;15.167;;True;11700.000;True;11700.000;True;False
235.547;HOLD;2;11700;451.000;696.000;696.000;245.000;0.000;;True;11700.000;True;11700.000;True;False
235.672;HOLD;2;11700;451.000;757.000;706.000;255.000;0.000;;True;11700.000;True;11700.000;True;False
235.797;HOLD;2;11700;451.000;655.000;696.000;245.000;0.000;;True;11700.000;True;11700.000;True;False
235.922;HOLD;2;11700;451.000;686.000;686.000;235.000;0.000;;True;11700.000;True;11700.000;True;False
236.047;HOLD;2;11700;451.000;747.000;686.000;235.000;0.000;;True;11700.000;True;11700.000;True;False
236.187;HOLD;2;11700;451.000;777.000;686.000;235.000;0.000;;True;11700.000;True;11700.000;True;False
236.312;HOLD;2;11700;451.000;726.000;696.000;245.000;0.000;;True;11700.000;True;11700.000;True;False
236.453;HOLD;2;11700;451.000;787.000;726.000;275.000;12.625;;True;11700.000;True;11700.000;True;False
236.578;HOLD;2;11700;451.000;858.000;747.000;296.000;43.351;;True;11700.000;True;11700.000;True;False
236.703;HOLD;2;11700;451.000;736.000;747.000;296.000;72.468;;True;11700.000;True;11700.000;True;False
236.828;HOLD;2;11700;451.000;757.000;747.000;296.000;86.564;;True;11700.000;True;11700.000;True;False
236.937;HOLD;2;11700;451.000;777.000;757.000;306.000;91.365;;True;11700.000;True;11700.000;True;False
237.062;HOLD;2;11700;451.000;686.000;757.000;306.000;83.182;;True;11700.000;True;11700.000;True;False
237.187;HOLD;2;11700;451.000;797.000;777.000;326.000;82.122;;True;11700.000;True;11700.000;True;False
237.312;HOLD;2;11700;451.000;777.000;777.000;326.000;68.903;;True;11700.000;True;11700.000;True;False
237.437;HOLD;2;11700;451.000;777.000;777.000;326.000;49.585;;True;11700.000;True;11700.000;True;False
237.562;HOLD;2;11700;451.000;767.000;777.000;326.000;39.360;;True;11700.000;True;11700.000;True;False
237.703;HOLD;2;11700;451.000;747.000;767.000;316.000;30.471;;True;11700.000;True;11700.000;True;False
237.828;HOLD;2;11700;451.000;635.000;767.000;316.000;19.400;;True;11700.000;True;11700.000;True;False
237.969;HOLD;2;11700;451.000;593.000;767.000;316.000;0.000;;True;11700.000;True;11700.000;True;False
238.094;HOLD;2;11700;451.000;583.000;747.000;296.000;0.000;;True;11700.000;True;11700.000;True;False
238.219;HOLD;2;11700;451.000;563.000;747.000;296.000;0.000;;True;11700.000;True;11700.000;True;False
238.359;HOLD;2;11700;451.000;615.000;635.000;184.000;0.000;;True;11700.000;True;11700.000;True;False
238.484;HOLD;2;11700;451.000;502.000;615.000;164.000;0.000;;True;11700.000;True;11700.000;True;False
238.609;HOLD;2;11700;451.000;736.000;615.000;164.000;0.000;;True;11700.000;True;11700.000;True;False
238.734;HOLD;2;11700;451.000;593.000;593.000;142.000;0.000;;True;11700.000;True;11700.000;True;False
238.859;HOLD;2;11700;451.000;603.000;593.000;142.000;0.000;;True;11700.000;True;11700.000;True;False
238.984;HOLD;2;11700;451.000;563.000;593.000;142.000;0.000;;True;11700.000;True;11700.000;True;False
239.125;HOLD;2;11700;451.000;675.000;593.000;142.000;0.000;;True;11700.000;True;11700.000;True;False
239.250;HOLD;2;11700;451.000;777.000;603.000;152.000;0.000;;True;11700.000;True;11700.000;True;False
239.375;HOLD;2;11700;451.000;797.000;615.000;164.000;0.000;;True;11700.000;True;11700.000;True;False
239.500;HOLD;2;11700;451.000;675.000;675.000;224.000;51.884;;True;11700.000;True;11700.000;True;False
239.625;HOLD;2;11700;451.000;603.000;675.000;224.000;98.184;;True;11700.000;True;11700.000;True;False
239.765;HOLD;2;11700;451.000;716.000;675.000;224.000;114.463;;True;11700.000;True;11700.000;True;False
239.890;HOLD;2;11700;451.000;583.000;675.000;224.000;116.205;;True;11700.000;True;11700.000;True;False
240.015;HOLD;2;11700;451.000;675.000;675.000;224.000;103.430;;True;11700.000;True;11700.000;True;False
240.140;HOLD;2;11700;451.000;777.000;675.000;224.000;74.618;;True;11700.000;True;11700.000;True;False
240.265;HOLD;2;11700;451.000;757.000;716.000;265.000;65.685;;True;11700.000;True;11700.000;True;False
240.390;HOLD;2;11700;451.000;726.000;716.000;265.000;45.734;;True;11700.000;True;11700.000;True;False
240.531;HOLD;2;11700;451.000;563.000;675.000;224.000;29.962;;True;11700.000;True;11700.000;True;False
240.656;HOLD;2;11700;451.000;655.000;675.000;224.000;14.578;;True;11700.000;True;11700.000;True;False
240.781;HOLD;2;11700;451.000;696.000;696.000;245.000;12.968;;True;11700.000;True;11700.000;True;False
240.906;HOLD;2;11700;451.000;603.000;675.000;224.000;0.000;;True;11700.000;True;11700.000;True;False
241.031;HOLD;2;11700;451.000;675.000;675.000;224.000;0.000;;True;11700.000;True;11700.000;True;False
241.172;HOLD;2;11700;451.000;665.000;675.000;224.000;0.000;;True;11700.000;True;11700.000;True;False
241.297;HOLD;2;11700;451.000;675.000;675.000;224.000;0.000;;True;11700.000;True;11700.000;True;False
241.422;HOLD;2;11700;451.000;686.000;675.000;224.000;0.000;;True;11700.000;True;11700.000;True;False
241.547;HOLD;2;11700;451.000;615.000;665.000;214.000;0.000;;True;11700.000;True;11700.000;True;False
241.672;HOLD;2;11700;451.000;686.000;675.000;224.000;0.000;;True;11700.000;True;11700.000;True;False
241.812;HOLD;2;11700;451.000;603.000;675.000;224.000;0.000;;True;11700.000;True;11700.000;True;False
241.937;HOLD;2;11700;451.000;675.000;675.000;224.000;0.000;;True;11700.000;True;11700.000;True;False
242.062;HOLD;2;11700;451.000;675.000;675.000;224.000;0.995;;True;11700.000;True;11700.000;True;False
242.187;HOLD;2;11700;451.000;603.000;675.000;224.000;2.840;;True;11700.000;True;11700.000;True;False
242.312;HOLD;2;11700;451.000;706.000;675.000;224.000;4.700;;True;11700.000;True;11700.000;True;False
242.437;HOLD;2;11700;451.000;645.000;675.000;224.000;6.608;;True;11700.000;True;11700.000;True;False
242.562;HOLD;2;11700;451.000;736.000;675.000;224.000;0.000;;True;11700.000;True;11700.000;True;False
242.703;HOLD;2;11700;451.000;767.000;675.000;224.000;0.000;;True;11700.000;True;11700.000;True;False
242.844;HOLD;2;11700;451.000;716.000;675.000;224.000;0.000;;True;11700.000;True;11700.000;True;False
242.984;HOLD;2;11700;451.000;736.000;706.000;255.000;20.188;;True;11700.000;True;11700.000;True;False
243.109;HOLD;2;11700;451.000;807.000;716.000;265.000;39.965;;True;11700.000;True;11700.000;True;False
243.234;HOLD;2;11700;451.000;828.000;736.000;285.000;64.578;;True;11700.000;True;11700.000;True;False
243.375;HOLD;2;11700;451.000;736.000;736.000;285.000;78.289;;True;11700.000;True;11700.000;True;False
243.500;HOLD;2;11700;451.000;797.000;736.000;285.000;82.299;;True;11700.000;True;11700.000;True;False
243.640;HOLD;2;11700;451.000;767.000;767.000;316.000;95.131;;True;11700.000;True;11700.000;True;False
243.781;HOLD;2;11700;451.000;797.000;767.000;316.000;90.430;;True;11700.000;True;11700.000;True;False
243.906;HOLD;2;11700;451.000;797.000;797.000;346.000;88.257;;True;11700.000;True;11700.000;True;False
244.047;HOLD;2;11700;451.000;777.000;797.000;346.000;88.209;;True;11700.000;True;11700.000;True;False
244.172;HOLD;2;11700;451.000;777.000;797.000;346.000;81.103;;True;11700.000;True;11700.000;True;False
244.297;HOLD;2;11700;451.000;706.000;777.000;326.000;64.301;;True;11700.000;True;11700.000;True;False
244.422;HOLD;2;11700;451.000;747.000;777.000;326.000;39.529;;True;11700.000;True;11700.000;True;False
260.812;RECOVERY_REBASELINE;2;0;;400.000;777.000;;0.000;0.000;False;0.000;False;0.000;True;False
260.937;RECOVERY_REBASELINE;2;0;;390.000;767.000;;0.000;-80.000;False;0.000;False;0.000;True;False
261.062;RECOVERY_REBASELINE;2;0;;390.000;747.000;;0.000;-120.000;False;0.000;False;0.000;True;False
261.187;RECOVERY_REBASELINE;2;0;;400.000;706.000;;0.000;-186.400;False;0.000;False;0.000;True;False
261.312;RECOVERY_REBASELINE;2;0;;400.000;400.000;;0.000;-652.000;False;0.000;False;0.000;True;False
261.453;RECOVERY_REBASELINE;2;0;;390.000;400.000;;0.000;-680.107;False;0.000;False;0.000;True;False
261.578;RECOVERY_REBASELINE;2;0;;390.000;400.000;;0.000;-617.837;False;0.000;False;0.000;True;False
261.703;RECOVERY_REBASELINE;2;0;;390.000;390.000;;0.000;-548.497;False;0.000;False;0.000;True;False
261.828;RECOVERY_REBASELINE;2;0;;390.000;390.000;;0.000;-480.525;False;0.000;False;0.000;True;False
261.953;RECOVERY_REBASELINE;2;0;;380.000;390.000;;0.000;-420.227;False;0.000;False;0.000;True;False
262.078;RECOVERY_REBASELINE;2;0;;390.000;390.000;;0.000;-368.504;False;0.000;False;0.000;True;False
262.219;RECOVERY_REBASELINE;2;0;;390.000;390.000;;0.000;-322.339;False;0.000;False;0.000;True;False
262.344;RECOVERY_REBASELINE;2;0;;390.000;390.000;;0.000;-284.357;False;0.000;False;0.000;True;False
262.469;RECOVERY_REBASELINE;2;0;;380.000;390.000;;0.000;-252.679;False;0.000;False;0.000;True;False
262.594;RECOVERY_REBASELINE;2;0;;390.000;390.000;;0.000;-225.963;False;0.000;False;0.000;True;False
262.719;RECOVERY_REBASELINE;2;0;;380.000;390.000;;0.000;-203.221;False;0.000;False;0.000;True;False
262.844;RECOVERY_REBASELINE;2;0;;390.000;390.000;;0.000;-183.702;False;0.000;False;0.000;True;False
262.969;RECOVERY_REBASELINE;2;0;;390.000;390.000;;0.000;-166.828;False;0.000;False;0.000;True;False
263.094;RECOVERY_REBASELINE;2;0;;390.000;390.000;;0.000;-152.145;False;0.000;False;0.000;True;False
263.219;RECOVERY_REBASELINE;2;0;;390.000;390.000;;0.000;-139.293;False;0.000;False;0.000;True;False
263.328;RECOVERY_REBASELINE;2;0;;390.000;390.000;;0.000;-128.307;False;0.000;False;0.000;True;False
263.453;RECOVERY_REBASELINE;2;0;;390.000;390.000;;0.000;-118.495;False;0.000;False;0.000;True;False
263.594;RECOVERY_REBASELINE;2;0;;380.000;390.000;;0.000;-109.475;False;0.000;False;0.000;True;False
263.719;RECOVERY_REBASELINE;2;0;;390.000;390.000;;0.000;-101.445;False;0.000;False;0.000;True;False
263.844;RECOVERY_REBASELINE;2;0;;390.000;390.000;;0.000;-94.265;False;0.000;False;0.000;True;False
263.969;RECOVERY_REBASELINE;2;0;;390.000;390.000;;0.000;-87.818;False;0.000;False;0.000;True;False
264.094;RECOVERY_REBASELINE;2;0;;390.000;390.000;;0.000;-82.008;False;0.000;False;0.000;True;False
264.234;RECOVERY_REBASELINE;2;0;;390.000;390.000;;0.000;-76.646;False;0.000;False;0.000;True;False
264.359;RECOVERY_REBASELINE;2;0;;390.000;390.000;;0.000;-71.806;False;0.000;False;0.000;True;False
264.469;RECOVERY_REBASELINE;2;0;;390.000;390.000;;0.000;-67.503;False;0.000;False;0.000;True;False
264.594;RECOVERY_REBASELINE;2;0;;390.000;390.000;;0.000;-63.572;False;0.000;False;0.000;True;False
264.719;RECOVERY_REBASELINE;2;0;;400.000;390.000;;0.000;-59.971;False;0.000;False;0.000;True;False
264.859;RECOVERY_REBASELINE;2;0;;380.000;390.000;;0.000;-56.607;False;0.000;False;0.000;True;False
265.000;RECOVERY_REBASELINE;2;0;;380.000;390.000;;0.000;-53.467;False;0.000;False;0.000;True;False
265.125;RECOVERY_REBASELINE;2;0;;380.000;390.000;;0.000;-50.592;False;0.000;False;0.000;True;False
265.250;RECOVERY_REBASELINE;2;0;;370.000;390.000;;0.000;-47.951;False;0.000;False;0.000;True;False
265.359;RECOVERY_REBASELINE;2;0;;380.000;380.000;;0.000;-45.894;False;0.000;False;0.000;True;False
265.469;RECOVERY_REBASELINE;2;0;;390.000;380.000;;0.000;-43.994;False;0.000;False;0.000;True;False
265.594;RECOVERY_REBASELINE;2;0;;380.000;380.000;;0.000;-42.201;False;0.000;False;0.000;True;False
265.719;RECOVERY_REBASELINE;2;0;;380.000;380.000;;0.000;-40.508;False;0.000;False;0.000;True;False
265.828;RECOVERY_REBASELINE;2;0;;390.000;380.000;;0.000;-38.935;False;0.000;False;0.000;True;False
265.953;RECOVERY_REBASELINE;2;0;;370.000;380.000;;0.000;-37.444;False;0.000;False;0.000;True;False
266.078;RECOVERY_REBASELINE;2;0;;380.000;380.000;;0.000;-36.030;False;0.000;False;0.000;True;False
266.203;RECOVERY_REBASELINE;2;0;;380.000;380.000;;0.000;-34.689;False;0.000;False;0.000;True;False
266.328;RECOVERY_REBASELINE;2;0;;390.000;380.000;;0.000;-33.417;False;0.000;False;0.000;True;False
266.469;RECOVERY_REBASELINE;2;0;;380.000;380.000;;0.000;-32.191;False;0.000;False;0.000;True;False
266.594;RECOVERY_REBASELINE;2;0;;380.000;380.000;;0.000;-31.030;False;0.000;False;0.000;True;False
266.719;RECOVERY_REBASELINE;2;0;;370.000;380.000;;0.000;-29.929;False;0.000;False;0.000;True;False
266.828;RECOVERY_REBASELINE;2;0;;380.000;380.000;;0.000;-28.897;False;0.000;False;0.000;True;False
266.953;RECOVERY_REBASELINE;2;0;;380.000;380.000;;0.000;-27.916;False;0.000;False;0.000;True;False
267.094;RECOVERY_REBASELINE;2;0;;380.000;380.000;;0.000;-26.969;False;0.000;False;0.000;True;False
267.234;RECOVERY_REBASELINE;2;0;;370.000;380.000;;0.000;-26.058;False;0.000;False;0.000;True;False
267.375;RECOVERY_REBASELINE;2;0;;380.000;380.000;;0.000;-25.182;False;0.000;False;0.000;True;False
267.500;RECOVERY_REBASELINE;2;0;;370.000;380.000;;0.000;-24.349;False;0.000;False;0.000;True;False
267.625;RECOVERY_REBASELINE;2;0;;370.000;380.000;;0.000;-23.559;False;0.000;False;0.000;True;False
267.750;RECOVERY_REBASELINE;2;0;;380.000;380.000;;0.000;-22.806;False;0.000;False;0.000;True;False
267.844;RECOVERY_REBASELINE;2;0;;380.000;380.000;;0.000;-22.106;False;0.000;False;0.000;True;False
267.969;RECOVERY_REBASELINE;2;0;;380.000;380.000;;0.000;-21.436;False;0.000;False;0.000;True;False
268.125;RECOVERY_REBASELINE;2;0;;390.000;380.000;;0.000;-20.782;False;0.000;False;0.000;True;False
268.234;RECOVERY_REBASELINE;2;0;;380.000;380.000;;0.000;-20.165;False;0.000;False;0.000;True;False
268.344;RECOVERY_REBASELINE;2;0;;380.000;380.000;;0.000;-19.580;False;0.000;False;0.000;True;False
268.469;RECOVERY_REBASELINE;2;0;;390.000;380.000;;0.000;-19.020;False;0.000;False;0.000;True;False
268.594;RECOVERY_REBASELINE;2;0;;380.000;380.000;;0.000;-18.484;False;0.000;False;0.000;True;False
268.719;RECOVERY_REBASELINE;2;0;;380.000;380.000;;0.000;-17.969;False;0.000;False;0.000;True;False
268.844;RECOVERY_REBASELINE;2;0;;380.000;380.000;;0.000;-17.475;False;0.000;False;0.000;True;False
268.984;RECOVERY_REBASELINE;2;0;;380.000;380.000;;0.000;-16.996;False;0.000;False;0.000;True;False
269.109;RECOVERY_REBASELINE;2;0;;390.000;380.000;;0.000;-16.537;False;0.000;False;0.000;True;False
269.234;RECOVERY_REBASELINE;2;0;;390.000;380.000;;0.000;-16.096;False;0.000;False;0.000;True;False
269.359;RECOVERY_REBASELINE;2;0;;380.000;380.000;;0.000;-15.672;False;0.000;False;0.000;True;False
269.484;RECOVERY_REBASELINE;2;0;;380.000;380.000;;0.000;-15.265;False;0.000;False;0.000;True;False
269.609;RECOVERY_REBASELINE;2;0;;380.000;380.000;;0.000;-14.873;False;0.000;False;0.000;True;False
269.750;RECOVERY_REBASELINE;2;0;;380.000;380.000;;0.000;-14.493;False;0.000;False;0.000;True;False
269.875;RECOVERY_REBASELINE;2;0;;380.000;380.000;;0.000;-14.128;False;0.000;False;0.000;True;False
270.000;RECOVERY_REBASELINE;2;0;;380.000;380.000;;0.000;-13.776;False;0.000;False;0.000;True;False
270.140;RECOVERY_REBASELINE;2;0;;380.000;380.000;;0.000;-13.435;False;0.000;False;0.000;True;False
270.265;RECOVERY_REBASELINE;2;0;;380.000;380.000;;0.000;-13.106;False;0.000;False;0.000;True;False
270.390;RECOVERY_REBASELINE;2;0;;380.000;380.000;;0.000;-12.790;False;0.000;False;0.000;True;False
270.515;RECOVERY_REBASELINE;2;0;;390.000;380.000;;0.000;-12.485;False;0.000;False;0.000;True;False
270.640;RECOVERY_REBASELINE;2;0;;380.000;380.000;;0.000;-12.191;False;0.000;False;0.000;True;False
270.765;RECOVERY_REBASELINE;2;0;;380.000;380.000;;0.000;-11.907;False;0.000;False;0.000;True;False
270.890;RECOVERY_REBASELINE;2;0;;380.000;380.000;;0.000;-11.634;False;0.000;False;0.000;True;False
271.015;RECOVERY_REBASELINE;2;0;;380.000;380.000;;0.000;-11.370;False;0.000;False;0.000;True;False
271.140;RECOVERY_REBASELINE;2;0;;380.000;380.000;;0.000;-11.115;False;0.000;False;0.000;True;False
271.265;RECOVERY_REBASELINE;2;0;;380.000;380.000;;0.000;-10.868;False;0.000;False;0.000;True;False
271.390;RECOVERY_REBASELINE;2;0;;390.000;380.000;;0.000;-10.630;False;0.000;False;0.000;True;False
271.531;RECOVERY_REBASELINE;2;0;;380.000;380.000;;0.000;-10.398;False;0.000;False;0.000;True;False
271.656;RECOVERY_REBASELINE;2;0;;380.000;380.000;;0.000;-10.173;False;0.000;False;0.000;True;False
271.781;RECOVERY_REBASELINE;2;0;;390.000;380.000;;0.000;-9.956;False;0.000;False;0.000;True;False
271.906;RECOVERY_REBASELINE;2;0;;380.000;380.000;;0.000;-9.746;False;0.000;False;0.000;True;False
272.047;RECOVERY_REBASELINE;2;0;;380.000;380.000;;0.000;-9.542;False;0.000;False;0.000;True;False
272.187;RECOVERY_REBASELINE;2;0;;380.000;380.000;;0.000;-9.342;False;0.000;False;0.000;True;False
272.312;RECOVERY_REBASELINE;2;0;;380.000;380.000;;0.000;-9.149;False;0.000;False;0.000;True;False
272.437;RECOVERY_REBASELINE;2;0;;370.000;380.000;;0.000;-8.962;False;0.000;False;0.000;True;False
272.562;RECOVERY_REBASELINE;2;0;;390.000;380.000;;0.000;-8.781;False;0.000;False;0.000;True;False
272.687;RECOVERY_REBASELINE;2;0;;380.000;380.000;;0.000;-8.605;False;0.000;False;0.000;True;False
272.828;RECOVERY_REBASELINE;2;0;;380.000;380.000;;0.000;-8.434;False;0.000;False;0.000;True;False
272.953;RECOVERY_REBASELINE;2;0;;390.000;380.000;;0.000;-8.268;False;0.000;False;0.000;True;False
273.078;RECOVERY_REBASELINE;2;0;;380.000;380.000;;0.000;-8.107;False;0.000;False;0.000;True;False
273.203;RECOVERY_REBASELINE;2;0;;390.000;380.000;;0.000;-7.951;False;0.000;False;0.000;True;False
273.344;RECOVERY_REBASELINE;2;0;;380.000;380.000;;0.000;-7.799;False;0.000;False;0.000;True;False
273.469;RECOVERY_REBASELINE;2;0;;380.000;380.000;;0.000;-7.651;False;0.000;False;0.000;True;False
273.594;RECOVERY_REBASELINE;2;0;;390.000;380.000;;0.000;-7.507;False;0.000;False;0.000;True;False
273.719;RECOVERY_REBASELINE;2;0;;380.000;380.000;;0.000;-7.368;False;0.000;False;0.000;True;False
273.859;RECOVERY_REBASELINE;2;0;;370.000;380.000;;0.000;-7.231;False;0.000;False;0.000;True;False
273.984;RECOVERY_REBASELINE;2;0;;380.000;380.000;;0.000;-7.099;False;0.000;False;0.000;True;False
274.109;RECOVERY_REBASELINE;2;0;;370.000;380.000;;0.000;-6.971;False;0.000;False;0.000;True;False
274.234;RECOVERY_REBASELINE;2;0;;380.000;380.000;;0.000;-6.846;False;0.000;False;0.000;True;False
274.359;RECOVERY_REBASELINE;2;0;;380.000;380.000;;0.000;-6.724;False;0.000;False;0.000;True;False
274.484;RECOVERY_REBASELINE;2;0;;380.000;380.000;;0.000;-6.606;False;0.000;False;0.000;True;False
274.609;RECOVERY_REBASELINE;2;0;;380.000;380.000;;0.000;-6.491;False;0.000;False;0.000;True;False
274.750;RECOVERY_REBASELINE;2;0;;370.000;380.000;;0.000;-6.379;False;0.000;False;0.000;True;False
274.859;RECOVERY_REBASELINE;2;0;;380.000;380.000;;0.000;-6.270;False;0.000;False;0.000;True;False
274.984;RECOVERY_REBASELINE;2;0;;370.000;380.000;;0.000;-6.164;False;0.000;False;0.000;True;False
275.109;RECOVERY_REBASELINE;2;0;;370.000;380.000;;0.000;-6.061;False;0.000;False;0.000;True;False
275.234;RECOVERY_REBASELINE;2;0;;380.000;380.000;;0.000;-5.960;False;0.000;False;0.000;True;False
275.359;RECOVERY_REBASELINE;2;0;;370.000;380.000;;0.000;-5.862;False;0.000;False;0.000;True;False
275.484;RECOVERY_REBASELINE;2;0;;370.000;370.000;;0.000;-5.801;False;0.000;False;0.000;True;False
275.609;RECOVERY_REBASELINE;2;0;;360.000;370.000;;0.000;-5.740;False;0.000;False;0.000;True;False
275.750;RECOVERY_REBASELINE;2;0;;380.000;370.000;;0.000;-5.680;False;0.000;False;0.000;True;False
275.875;RECOVERY_REBASELINE;2;0;;380.000;370.000;;0.000;-5.621;False;0.000;False;0.000;True;False
276.000;RECOVERY_REBASELINE;2;0;;370.000;370.000;;0.000;-5.562;False;0.000;False;0.000;True;False
276.125;RECOVERY_REBASELINE;2;0;;370.000;370.000;;0.000;-5.503;False;0.000;False;0.000;True;False
276.250;RECOVERY_REBASELINE;2;0;;370.000;370.000;;0.000;-5.446;False;0.000;False;0.000;True;False
276.375;RECOVERY_REBASELINE;2;0;;370.000;370.000;;0.000;-5.389;False;0.000;False;0.000;True;False
276.500;RECOVERY_REBASELINE;2;0;;370.000;370.000;;0.000;-5.333;False;0.000;False;0.000;True;False
276.625;RECOVERY_REBASELINE;2;0;;370.000;370.000;;0.000;-5.277;False;0.000;False;0.000;True;False
276.765;RECOVERY_REBASELINE;2;0;;370.000;370.000;;0.000;-5.222;False;0.000;False;0.000;True;False
276.875;RECOVERY_REBASELINE;2;0;;380.000;370.000;;0.000;-5.168;False;0.000;False;0.000;True;False
277.000;RECOVERY_REBASELINE;2;0;;370.000;370.000;;0.000;-5.114;False;0.000;False;0.000;True;False
277.125;RECOVERY_REBASELINE;2;0;;370.000;370.000;;0.000;-5.062;False;0.000;False;0.000;True;False
277.265;RECOVERY_REBASELINE;2;0;;370.000;370.000;;0.000;-5.009;False;0.000;False;0.000;True;False
277.375;RECOVERY_REBASELINE;2;0;;370.000;370.000;;0.000;-4.958;False;0.000;False;0.000;True;False
277.515;RECOVERY_REBASELINE;2;0;;370.000;370.000;;0.000;-4.907;False;0.000;False;0.000;True;False
277.640;RECOVERY_REBASELINE;2;0;;370.000;370.000;;0.000;-4.856;False;0.000;False;0.000;True;False
277.765;RECOVERY_REBASELINE;2;0;;370.000;370.000;;0.000;-4.806;False;0.000;False;0.000;True;False
277.890;RECOVERY_REBASELINE;2;0;;380.000;370.000;;0.000;-4.757;False;0.000;False;0.000;True;False
278.015;RECOVERY_REBASELINE;2;0;;380.000;370.000;;0.000;-4.709;False;0.000;False;0.000;True;False
278.156;RECOVERY_REBASELINE;2;0;;380.000;370.000;;0.000;-4.660;False;0.000;False;0.000;True;False
278.297;RECOVERY_REBASELINE;2;0;;370.000;370.000;;0.000;-4.613;False;0.000;False;0.000;True;False
278.422;RECOVERY_REBASELINE;2;0;;380.000;370.000;;0.000;-4.566;False;0.000;False;0.000;True;False
278.547;RECOVERY_REBASELINE;2;0;;380.000;380.000;;6.326;-4.495;False;0.000;False;0.000;True;False
278.672;RECOVERY_REBASELINE;2;0;;370.000;380.000;;10.805;-4.427;False;0.000;False;0.000;True;False
278.797;RECOVERY_REBASELINE;2;0;;380.000;380.000;;13.593;-4.360;False;0.000;False;0.000;True;False
278.937;RECOVERY_REBASELINE;2;0;;370.000;380.000;;14.554;-4.294;False;0.000;False;0.000;True;False
279.062;RECOVERY_REBASELINE;2;0;;370.000;380.000;;13.826;-4.230;False;0.000;False;0.000;True;False
279.187;RECOVERY_REBASELINE;2;0;;380.000;380.000;;11.116;-4.167;False;0.000;False;0.000;True;False
279.312;RECOVERY_REBASELINE;2;0;;370.000;370.000;;0.000;-4.128;False;0.000;False;0.000;True;False
279.437;RECOVERY_REBASELINE;2;0;;370.000;370.000;;0.000;-4.089;False;0.000;False;0.000;True;False
279.562;RECOVERY_REBASELINE;2;0;;380.000;370.000;;0.000;-4.050;False;0.000;False;0.000;True;False
279.703;RECOVERY_REBASELINE;2;0;;370.000;370.000;;0.000;-4.012;False;0.000;False;0.000;True;False
279.828;RECOVERY_REBASELINE;2;0;;360.000;370.000;;0.000;-3.974;False;0.000;False;0.000;True;False
279.953;RECOVERY_REBASELINE;2;0;;380.000;370.000;;0.000;-3.937;False;0.000;False;0.000;True;False
280.078;RECOVERY_REBASELINE;2;0;;370.000;370.000;;0.000;-3.900;False;0.000;False;0.000;True;False
280.219;RECOVERY_REBASELINE;2;0;;360.000;370.000;;0.000;-3.864;False;0.000;False;0.000;True;False
280.344;RECOVERY_REBASELINE;2;0;;360.000;370.000;;0.000;-3.828;False;0.000;False;0.000;True;False
280.469;RECOVERY_REBASELINE;2;0;;370.000;370.000;;0.000;-3.792;False;0.000;False;0.000;True;False
280.594;RECOVERY_REBASELINE;2;0;;370.000;370.000;;0.000;-3.757;False;0.000;False;0.000;True;False
280.719;RECOVERY_REBASELINE;2;0;;370.000;370.000;;0.000;-3.722;False;0.000;False;0.000;True;False
280.859;RECOVERY_REBASELINE;2;0;;360.000;370.000;;0.000;-3.020;False;0.000;False;0.000;True;False
280.984;RECOVERY_REBASELINE;2;0;;360.000;370.000;;0.000;-2.328;False;0.000;False;0.000;True;False
281.109;RECOVERY_REBASELINE;2;0;;360.000;360.000;;0.000;-1.683;False;0.000;False;0.000;True;False
281.234;RECOVERY_REBASELINE;2;0;;360.000;360.000;;0.000;-1.107;False;0.000;False;0.000;True;False
281.359;RECOVERY_REBASELINE;2;0;;370.000;360.000;;0.000;-1.105;False;0.000;False;0.000;True;False
281.484;RECOVERY_REBASELINE;2;0;;360.000;360.000;;0.000;-1.102;False;0.000;False;0.000;True;False
281.609;RECOVERY_REBASELINE;2;0;;360.000;360.000;;0.000;-1.098;False;0.000;False;0.000;True;False
281.750;RECOVERY_REBASELINE;2;0;;360.000;360.000;;0.000;-1.112;False;0.000;False;0.000;True;False
281.875;RECOVERY_REBASELINE;2;0;;350.000;360.000;;0.000;-1.125;False;0.000;False;0.000;True;False
282.000;RECOVERY_REBASELINE;2;0;;350.000;360.000;;0.000;-1.137;False;0.000;False;0.000;True;False
282.125;RECOVERY_REBASELINE;2;0;;360.000;360.000;;0.000;-1.149;False;0.000;False;0.000;True;False
282.250;RECOVERY_REBASELINE;2;0;;350.000;360.000;;0.000;-1.160;False;0.000;False;0.000;True;False
282.375;RECOVERY_REBASELINE;2;0;;350.000;360.000;;0.000;-1.170;False;0.000;False;0.000;True;False
282.515;RECOVERY_REBASELINE;2;0;;360.000;360.000;;0.000;-1.180;False;0.000;False;0.000;True;False
282.640;RECOVERY_REBASELINE;2;0;;360.000;360.000;;0.000;-1.189;False;0.000;False;0.000;True;False
282.781;RECOVERY_REBASELINE;2;0;;360.000;360.000;;0.000;-1.197;False;0.000;False;0.000;True;False
282.906;RECOVERY_REBASELINE;2;0;;360.000;360.000;;0.000;-1.204;False;0.000;False;0.000;True;False
283.031;RECOVERY_REBASELINE;2;0;;360.000;360.000;;0.000;-1.211;False;0.000;False;0.000;True;False
283.172;RECOVERY_REBASELINE;2;0;;360.000;360.000;;0.000;-1.217;False;0.000;False;0.000;True;False
283.297;RECOVERY_REBASELINE;2;0;;360.000;360.000;;0.000;-1.222;False;0.000;False;0.000;True;False
283.437;RECOVERY_REBASELINE;2;0;;360.000;360.000;;0.000;-1.226;False;0.000;False;0.000;True;False
283.562;RECOVERY_REBASELINE;2;0;;350.000;360.000;;0.000;-1.230;False;0.000;False;0.000;True;False
283.703;RECOVERY_REBASELINE;2;0;;350.000;360.000;;0.000;-1.233;False;0.000;False;0.000;True;False
283.844;RECOVERY_REBASELINE;2;0;;370.000;360.000;;0.000;-1.236;False;0.000;False;0.000;True;False
283.969;RECOVERY_REBASELINE;2;0;;360.000;360.000;;0.000;-1.237;False;0.000;False;0.000;True;False
284.094;RECOVERY_REBASELINE;2;0;;370.000;360.000;;0.000;-1.238;False;0.000;False;0.000;True;False
284.219;RECOVERY_REBASELINE;2;0;;370.000;360.000;;0.000;-1.238;False;0.000;False;0.000;True;False
284.344;RECOVERY_REBASELINE;2;0;;360.000;360.000;;0.000;-1.238;False;0.000;False;0.000;True;False
284.453;RECOVERY_REBASELINE;2;0;;360.000;360.000;;0.000;-1.236;False;0.000;False;0.000;True;False
284.594;RECOVERY_REBASELINE;2;0;;370.000;360.000;;0.000;-1.234;False;0.000;False;0.000;True;False
284.719;RECOVERY_REBASELINE;2;0;;350.000;360.000;;0.000;-1.232;False;0.000;False;0.000;True;False
284.844;RECOVERY_REBASELINE;2;0;;360.000;360.000;;0.000;-1.228;False;0.000;False;0.000;True;False
284.969;RECOVERY_REBASELINE;2;0;;370.000;360.000;;0.000;-1.224;False;0.000;False;0.000;True;False
285.094;RECOVERY_REBASELINE;2;0;;360.000;360.000;;0.000;-1.219;False;0.000;False;0.000;True;False
285.219;RECOVERY_REBASELINE;2;0;;370.000;360.000;;0.000;-1.214;False;0.000;False;0.000;True;False
285.359;RECOVERY_REBASELINE;2;0;;360.000;360.000;;0.000;-1.207;False;0.000;False;0.000;True;False
285.484;RECOVERY_REBASELINE;2;0;;370.000;360.000;;0.000;-1.229;False;0.000;False;0.000;True;False
285.609;RECOVERY_REBASELINE;2;0;;360.000;360.000;;0.000;-1.241;False;0.000;False;0.000;True;False
285.734;RECOVERY_REBASELINE;2;0;;370.000;360.000;;0.000;-1.252;False;0.000;False;0.000;True;False
285.859;RECOVERY_REBASELINE;2;0;;360.000;360.000;;0.000;-1.262;False;0.000;False;0.000;True;False
286.000;RECOVERY_REBASELINE;2;0;;370.000;370.000;;6.565;-1.253;False;0.000;False;0.000;True;False
286.125;RECOVERY_REBASELINE;2;0;;370.000;370.000;;11.206;-1.244;False;0.000;False;0.000;True;False
286.250;RECOVERY_REBASELINE;2;0;;370.000;370.000;;14.089;-1.235;False;0.000;False;0.000;True;False
286.390;RECOVERY_REBASELINE;2;0;;370.000;370.000;;14.801;-1.225;False;0.000;False;0.000;True;False
286.531;RECOVERY_REBASELINE;2;0;;360.000;370.000;;13.588;-1.215;False;0.000;False;0.000;True;False
286.687;RECOVERY_REBASELINE;2;0;;360.000;370.000;;10.480;-1.205;False;0.000;False;0.000;True;False
286.812;RECOVERY_REBASELINE;2;0;;360.000;370.000;;6.038;-1.194;False;0.000;False;0.000;True;False
286.937;RECOVERY_REBASELINE;2;0;;360.000;360.000;;0.000;-1.202;False;0.000;False;0.000;True;False
287.062;RECOVERY_REBASELINE;2;0;;370.000;370.000;;0.000;-1.191;False;0.000;False;0.000;True;False
287.187;RECOVERY_REBASELINE;2;0;;370.000;370.000;;0.000;-1.180;False;0.000;False;0.000;True;False
287.328;RECOVERY_REBASELINE;2;0;;370.000;370.000;;0.000;-1.168;False;0.000;False;0.000;True;False
287.453;RECOVERY_REBASELINE;2;0;;360.000;360.000;;0.000;-1.175;False;0.000;False;0.000;True;False
287.578;RECOVERY_REBASELINE;2;0;;360.000;360.000;;0.000;-1.181;False;0.000;False;0.000;True;False
287.703;RECOVERY_REBASELINE;2;0;;370.000;360.000;;0.000;-1.187;False;0.000;False;0.000;True;False
287.828;RECOVERY_REBASELINE;2;0;;370.000;370.000;;0.000;-1.174;False;0.000;False;0.000;True;False
287.953;RECOVERY_REBASELINE;2;0;;360.000;370.000;;0.000;-1.160;False;0.000;False;0.000;True;False
288.078;RECOVERY_REBASELINE;2;0;;370.000;370.000;;2.707;-1.147;False;0.000;False;0.000;True;False
288.203;RECOVERY_REBASELINE;2;0;;370.000;370.000;;8.571;-1.132;False;0.000;False;0.000;True;False
288.344;RECOVERY_REBASELINE;2;0;;380.000;370.000;;14.072;-1.118;False;0.000;False;0.000;True;False
288.453;RECOVERY_REBASELINE;2;0;;360.000;370.000;;11.902;-1.104;False;0.000;False;0.000;True;False
288.578;RECOVERY_REBASELINE;2;0;;380.000;370.000;;9.290;-1.089;False;0.000;False;0.000;True;False
288.703;RECOVERY_REBASELINE;2;0;;370.000;370.000;;5.328;-1.074;False;0.000;False;0.000;True;False
288.844;RECOVERY_REBASELINE;2;0;;370.000;370.000;;0.000;-1.059;False;0.000;False;0.000;True;False
288.969;RECOVERY_REBASELINE;2;0;;360.000;370.000;;0.000;-1.044;False;0.000;False;0.000;True;False
289.125;RECOVERY_REBASELINE;2;0;;370.000;370.000;;0.000;-1.030;False;0.000;False;0.000;True;False
289.250;RECOVERY_REBASELINE;2;0;;360.000;370.000;;0.000;-1.014;False;0.000;False;0.000;True;False
289.390;RECOVERY_REBASELINE;2;0;;360.000;370.000;;0.000;-0.997;False;0.000;False;0.000;True;False
289.515;RECOVERY_REBASELINE;2;0;;370.000;370.000;;0.000;-0.980;False;0.000;False;0.000;True;False
289.640;RECOVERY_REBASELINE;2;0;;370.000;370.000;;0.000;-0.963;False;0.000;False;0.000;True;False
289.765;RECOVERY_REBASELINE;2;0;;360.000;370.000;;0.000;-0.946;False;0.000;False;0.000;True;False
289.890;RECOVERY_REBASELINE;2;0;;370.000;370.000;;0.000;-0.928;False;0.000;False;0.000;True;False
290.015;RECOVERY_REBASELINE;2;0;;370.000;370.000;;0.000;-0.910;False;0.000;False;0.000;True;False
290.156;RECOVERY_REBASELINE;2;0;;370.000;370.000;;0.000;-0.892;False;0.000;False;0.000;True;False
290.281;RECOVERY_REBASELINE;2;0;;370.000;370.000;;0.000;-0.874;False;0.000;False;0.000;True;False
290.406;RECOVERY_REBASELINE;2;0;;370.000;370.000;;0.000;-0.856;False;0.000;False;0.000;True;False
290.531;RECOVERY_REBASELINE;2;0;;380.000;370.000;;0.000;-0.837;False;0.000;False;0.000;True;False
290.656;RECOVERY_REBASELINE;2;0;;350.000;370.000;;0.000;-0.818;False;0.000;False;0.000;True;False
290.797;RECOVERY_REBASELINE;2;0;;360.000;370.000;;0.000;-0.799;False;0.000;False;0.000;True;False
290.906;RECOVERY_REBASELINE;2;0;;350.000;370.000;;0.000;-0.779;False;0.000;False;0.000;True;False
316.844;ACQUIRE;3;11750;370.000;340.000;370.000;0.000;0.000;;False;0.000;False;0.000;True;False
317.000;ACQUIRE;3;11750;370.000;350.000;360.000;-10.000;0.000;;True;150.000;True;150.000;True;False
317.125;ACQUIRE;3;11750;370.000;257.000;350.000;-20.000;0.000;;True;300.000;True;300.000;True;False
317.250;ACQUIRE;3;11750;370.000;340.000;350.000;-20.000;0.000;;True;450.000;True;450.000;True;False
317.375;ACQUIRE;3;11750;370.000;247.000;350.000;-20.000;0.000;;True;600.000;True;600.000;True;False
317.484;ACQUIRE;3;11750;370.000;217.000;340.000;-30.000;0.000;;True;750.000;True;750.000;True;False
317.609;ACQUIRE;3;11750;370.000;298.000;340.000;-30.000;0.000;;True;900.000;True;900.000;True;False
317.734;ACQUIRE;3;11750;370.000;340.000;340.000;-30.000;0.000;;True;1050.000;True;900.000;True;False
317.844;ACQUIRE;3;11750;370.000;340.000;340.000;-30.000;0.000;;True;1200.000;True;1050.000;True;False
317.969;ACQUIRE;3;11750;370.000;340.000;340.000;-30.000;0.000;;True;1350.000;True;1200.000;True;False
318.094;ACQUIRE;3;11750;370.000;340.000;340.000;-30.000;0.000;;True;1500.000;True;1500.000;True;False
318.203;ACQUIRE;3;11750;370.000;350.000;340.000;-30.000;0.000;;True;1650.000;True;1650.000;True;False
318.328;ACQUIRE;3;11750;370.000;340.000;340.000;-30.000;0.000;;True;1800.000;True;1650.000;True;False
318.437;ACQUIRE;3;11750;370.000;318.000;340.000;-30.000;0.000;;True;1950.000;True;1800.000;True;False
318.547;ACQUIRE;3;11750;370.000;308.000;340.000;-30.000;0.000;;True;2100.000;True;1950.000;True;False
318.672;ACQUIRE;3;11750;370.000;328.000;340.000;-30.000;0.000;;True;2250.000;True;2250.000;True;False
318.797;ACQUIRE;3;11750;370.000;318.000;340.000;-30.000;0.000;;True;2400.000;True;2250.000;True;False
318.922;ACQUIRE;3;11750;370.000;308.000;328.000;-42.000;0.000;;True;2550.000;True;2400.000;True;False
319.047;ACQUIRE;3;11750;370.000;288.000;318.000;-52.000;0.000;;True;2700.000;True;2550.000;True;False
319.172;ACQUIRE;3;11750;370.000;278.000;318.000;-52.000;0.000;;True;2850.000;True;2850.000;True;False
319.297;ACQUIRE;3;11750;370.000;288.000;308.000;-62.000;0.000;;True;3000.000;True;2850.000;True;False
319.422;ACQUIRE;3;11750;370.000;298.000;308.000;-62.000;0.000;;True;3000.000;True;3000.000;True;False
319.562;ACQUIRE;3;11750;370.000;298.000;298.000;-72.000;0.000;;True;3150.000;True;3150.000;True;False
319.672;ACQUIRE;3;11750;370.000;298.000;298.000;-72.000;0.000;;True;3300.000;True;3300.000;True;False
319.812;ACQUIRE;3;11750;370.000;318.000;298.000;-72.000;0.000;;True;3450.000;True;3450.000;True;False
319.922;ACQUIRE;3;11750;370.000;298.000;298.000;-72.000;0.000;;True;3600.000;True;3600.000;True;False
320.031;ACQUIRE;3;11750;370.000;328.000;298.000;-72.000;0.000;;True;3750.000;True;3750.000;True;False
320.156;ACQUIRE;3;11750;370.000;340.000;298.000;-72.000;0.000;;True;3900.000;True;3750.000;True;False
320.281;ACQUIRE;3;11750;370.000;318.000;298.000;-72.000;0.000;;True;4050.000;True;4050.000;True;False
320.406;ACQUIRE;3;11750;370.000;298.000;298.000;-72.000;0.000;;True;4200.000;True;4200.000;True;False
320.531;ACQUIRE;3;11750;370.000;340.000;318.000;-52.000;11.171;;True;4350.000;True;4200.000;True;False
320.656;ACQUIRE;3;11750;370.000;340.000;318.000;-52.000;19.320;;True;4500.000;True;4350.000;True;False
320.765;ACQUIRE;3;11750;370.000;328.000;328.000;-42.000;30.435;;True;4650.000;True;4500.000;True;False
320.875;ACQUIRE;3;11750;370.000;340.000;328.000;-42.000;37.147;;True;4800.000;True;4650.000;True;False
321.000;ACQUIRE;3;11750;370.000;328.000;328.000;-42.000;39.962;;True;4950.000;True;4800.000;True;False
321.125;ACQUIRE;3;11750;370.000;350.000;340.000;-30.000;45.567;;True;5100.000;True;4950.000;True;False
321.250;ACQUIRE;3;11750;370.000;360.000;340.000;-30.000;45.114;;True;5250.000;True;5100.000;True;False
321.390;ACQUIRE;3;11750;370.000;360.000;340.000;-30.000;38.121;;True;5400.000;True;5250.000;True;False
321.515;ACQUIRE;3;11750;370.000;370.000;340.000;-30.000;25.635;;True;5550.000;True;5400.000;True;False
321.640;ACQUIRE;3;11750;370.000;370.000;350.000;-20.000;26.640;;True;5700.000;True;5550.000;True;False
321.765;ACQUIRE;3;11750;370.000;370.000;360.000;-10.000;28.704;;True;5700.000;True;5700.000;True;False
321.890;ACQUIRE;3;11750;370.000;340.000;360.000;-10.000;32.884;;True;5850.000;True;5850.000;True;False
322.015;ACQUIRE;3;11750;370.000;340.000;360.000;-10.000;28.917;;True;6000.000;True;6000.000;True;False
322.140;ACQUIRE;3;11750;370.000;370.000;360.000;-10.000;29.188;;True;6150.000;True;6150.000;True;False
322.265;ACQUIRE;3;11750;370.000;390.000;370.000;0.000;32.381;;True;6300.000;True;6300.000;True;False
322.406;ACQUIRE;3;11750;370.000;400.000;370.000;0.000;29.166;;True;6450.000;True;6450.000;True;False
322.531;ACQUIRE;3;11750;370.000;400.000;370.000;0.000;20.554;;True;6600.000;True;6600.000;True;False
322.640;ACQUIRE;3;11750;370.000;360.000;370.000;0.000;18.492;;True;6750.000;True;6600.000;True;False
322.781;ACQUIRE;3;11750;370.000;441.000;370.000;0.000;14.078;;True;6900.000;True;6900.000;True;False
322.890;ACQUIRE;3;11750;370.000;350.000;370.000;0.000;11.960;;True;6900.000;True;6900.000;True;False
323.015;ACQUIRE;3;11750;370.000;340.000;370.000;0.000;9.402;;True;7050.000;True;7050.000;True;False
323.140;ACQUIRE;3;11750;370.000;390.000;390.000;20.000;16.071;;True;7200.000;True;7200.000;True;False
323.281;ACQUIRE;3;11750;370.000;400.000;390.000;20.000;23.264;;True;7350.000;True;7350.000;True;False
323.406;ACQUIRE;3;11750;370.000;308.000;390.000;20.000;24.202;;True;7500.000;True;7500.000;True;False
323.531;ACQUIRE;3;11750;370.000;360.000;360.000;-10.000;10.563;;True;7650.000;True;7650.000;True;False
323.656;ACQUIRE;3;11750;370.000;400.000;360.000;-10.000;0.000;;True;7800.000;True;7650.000;True;False
323.765;ACQUIRE;3;11750;370.000;411.000;390.000;20.000;3.738;;True;7950.000;True;7800.000;True;False
323.875;ACQUIRE;3;11750;370.000;411.000;390.000;20.000;6.264;;True;8100.000;True;8100.000;True;False
324.015;ACQUIRE;3;11750;370.000;350.000;390.000;20.000;6.229;;True;8250.000;True;8100.000;True;False
324.140;ACQUIRE;3;11750;370.000;471.000;400.000;30.000;8.889;;True;8250.000;True;8250.000;True;False
324.265;ACQUIRE;3;11750;370.000;502.000;400.000;30.000;21.524;;True;8400.000;True;8400.000;True;False
324.406;ACQUIRE;3;11750;370.000;543.000;411.000;41.000;38.084;;True;8550.000;True;8550.000;True;False
324.547;ACQUIRE;3;11750;370.000;512.000;411.000;41.000;46.130;;True;8700.000;True;8700.000;True;False
324.687;ACQUIRE;3;11750;370.000;421.000;421.000;51.000;34.795;;True;8850.000;True;8850.000;True;False
324.812;ACQUIRE;3;11750;370.000;400.000;421.000;51.000;36.889;;True;9000.000;True;9000.000;True;False
324.937;ACQUIRE;3;11750;370.000;400.000;421.000;51.000;34.381;;True;9150.000;True;9150.000;True;False
325.062;ACQUIRE;3;11750;370.000;390.000;421.000;51.000;26.364;;True;9300.000;True;9300.000;True;False
325.187;ACQUIRE;3;11750;370.000;512.000;471.000;101.000;51.904;;True;9450.000;True;9450.000;True;False
325.328;ACQUIRE;3;11750;370.000;512.000;502.000;132.000;85.774;;True;9600.000;True;9450.000;True;False
325.453;ACQUIRE;3;11750;370.000;532.000;512.000;142.000;117.172;;True;9750.000;True;9600.000;True;False
325.578;ACQUIRE;3;11750;370.000;492.000;492.000;122.000;116.410;;True;9750.000;True;9750.000;True;False
325.703;ACQUIRE;3;11750;370.000;328.000;421.000;51.000;62.041;;True;9900.000;True;9900.000;True;False
325.828;ACQUIRE;3;11750;370.000;360.000;400.000;30.000;0.000;;True;10050.000;True;10050.000;True;False
325.937;ACQUIRE;3;11750;370.000;411.000;411.000;41.000;0.000;;True;10200.000;True;10200.000;True;False
326.078;ACQUIRE;3;11750;370.000;350.000;411.000;41.000;0.000;;True;10350.000;True;10350.000;True;False
326.203;ACQUIRE;3;11750;370.000;492.000;492.000;122.000;0.000;;True;10500.000;True;10500.000;True;False
326.328;ACQUIRE;3;11750;370.000;522.000;492.000;122.000;0.000;;True;10650.000;True;10650.000;True;False
326.453;ACQUIRE;3;11750;370.000;502.000;492.000;122.000;10.535;;True;10800.000;True;10650.000;True;False
326.578;ACQUIRE;3;11750;370.000;411.000;411.000;41.000;21.051;;True;10950.000;True;10950.000;True;False
326.719;ACQUIRE;3;11750;370.000;340.000;411.000;41.000;29.379;;True;11100.000;True;10950.000;True;False
326.844;ACQUIRE;3;11750;370.000;522.000;411.000;41.000;0.000;;True;11250.000;True;11100.000;True;False
326.969;ACQUIRE;3;11750;370.000;512.000;492.000;122.000;0.000;;True;11400.000;True;11400.000;True;False
327.094;ACQUIRE;3;11750;370.000;441.000;492.000;122.000;0.000;;True;11400.000;True;11400.000;True;False
327.219;ACQUIRE;3;11750;370.000;350.000;492.000;122.000;21.880;;True;11550.000;True;11550.000;True;False
327.359;ACQUIRE;3;11750;370.000;340.000;441.000;71.000;33.363;;True;11700.000;True;11700.000;True;False
327.500;ACQUIRE;3;11750;370.000;431.000;431.000;61.000;47.006;;True;11750.000;True;11750.000;True;False
327.625;ACQUIRE;3;11750;370.000;340.000;411.000;41.000;0.000;;True;11750.000;True;11750.000;True;False
327.765;ACQUIRE;3;11750;370.000;308.000;350.000;-20.000;0.000;;True;11750.000;True;11750.000;True;False
327.890;ACQUIRE;3;11750;370.000;328.000;350.000;-20.000;0.000;;True;11750.000;True;11750.000;True;False
328.031;ACQUIRE;3;11750;370.000;360.000;350.000;-20.000;0.000;;True;11750.000;True;11750.000;True;False
328.062;HOLD;3;11750;370.000;360.000;350.000;-20.000;0.000;;True;11750.000;True;11750.000;True;False
328.187;HOLD;3;11750;370.000;370.000;350.000;-20.000;0.000;;True;11750.000;True;11750.000;True;False
328.312;HOLD;3;11750;370.000;328.000;340.000;-30.000;0.000;;True;11750.000;True;11750.000;True;False
328.453;HOLD;3;11750;370.000;360.000;360.000;-10.000;0.000;;True;11750.000;True;11750.000;True;False
328.578;HOLD;3;11750;370.000;390.000;360.000;-10.000;0.000;;True;11750.000;True;11750.000;True;False
328.703;HOLD;3;11750;370.000;350.000;360.000;-10.000;12.243;;True;11750.000;True;11750.000;True;False
328.828;HOLD;3;11750;370.000;328.000;360.000;-10.000;14.728;;True;11750.000;True;11750.000;True;False
328.969;HOLD;3;11750;370.000;318.000;360.000;-10.000;15.298;;True;11750.000;True;11750.000;True;False
329.109;HOLD;3;11750;370.000;340.000;350.000;-20.000;9.032;;True;11750.000;True;11750.000;True;False
329.234;HOLD;3;11750;370.000;370.000;350.000;-20.000;1.739;;True;11750.000;True;11750.000;True;False
329.375;HOLD;3;11750;370.000;380.000;350.000;-20.000;0.000;;True;11750.000;True;11750.000;True;False
329.500;HOLD;3;11750;370.000;318.000;350.000;-20.000;0.000;;True;11750.000;True;11750.000;True;False
329.625;HOLD;3;11750;370.000;318.000;340.000;-30.000;0.000;;True;11750.000;True;11750.000;True;False
329.750;HOLD;3;11750;370.000;328.000;328.000;-42.000;0.000;;True;11750.000;True;11750.000;True;False
329.875;HOLD;3;11750;370.000;350.000;328.000;-42.000;0.000;;True;11750.000;True;11750.000;True;False
330.000;HOLD;3;11750;370.000;308.000;328.000;-42.000;0.000;;True;11750.000;True;11750.000;True;False
330.140;HOLD;3;11750;370.000;318.000;328.000;-42.000;0.000;;True;11750.000;True;11750.000;True;False
330.265;HOLD;3;11750;370.000;318.000;318.000;-52.000;0.000;;True;11750.000;True;11750.000;True;False
330.390;HOLD;3;11750;370.000;411.000;318.000;-52.000;0.000;;True;11750.000;True;11750.000;True;False
330.515;HOLD;3;11750;370.000;380.000;318.000;-52.000;0.000;;True;11750.000;True;11750.000;True;False
330.640;HOLD;3;11750;370.000;298.000;318.000;-52.000;0.000;;True;11750.000;True;11750.000;True;False
330.781;HOLD;3;11750;370.000;328.000;328.000;-42.000;0.000;;True;11750.000;True;11750.000;True;False
330.906;HOLD;3;11750;370.000;360.000;328.000;-42.000;0.122;;True;11750.000;True;11750.000;True;False
331.031;HOLD;3;11750;370.000;421.000;328.000;-42.000;7.630;;True;11750.000;True;11750.000;True;False
331.156;HOLD;3;11750;370.000;350.000;350.000;-20.000;29.213;;True;11750.000;True;11750.000;True;False
331.281;HOLD;3;11750;370.000;298.000;350.000;-20.000;38.500;;True;11750.000;True;11750.000;True;False
331.406;HOLD;3;11750;370.000;298.000;350.000;-20.000;42.062;;True;11750.000;True;11750.000;True;False
331.531;HOLD;3;11750;370.000;308.000;328.000;-42.000;25.388;;True;11750.000;True;11750.000;True;False
331.672;HOLD;3;11750;370.000;350.000;328.000;-42.000;5.955;;True;11750.000;True;11750.000;True;False
331.797;HOLD;3;11750;370.000;298.000;328.000;-42.000;0.000;;True;11750.000;True;11750.000;True;False
331.922;HOLD;3;11750;370.000;247.000;308.000;-62.000;0.000;;True;11750.000;True;11750.000;True;False
332.047;HOLD;3;11750;370.000;237.000;298.000;-72.000;0.000;;True;11750.000;True;11750.000;True;False
332.172;HOLD;3;11750;370.000;380.000;298.000;-72.000;0.000;;True;11750.000;True;11750.000;True;False
332.312;HOLD;3;11750;370.000;288.000;298.000;-72.000;0.000;;True;11750.000;True;11750.000;True;False
332.437;HOLD;3;11750;370.000;298.000;298.000;-72.000;0.000;;True;11750.000;True;11750.000;True;False
332.562;HOLD;3;11750;370.000;298.000;298.000;-72.000;0.000;;True;11750.000;True;11750.000;True;False
332.687;HOLD;3;11750;370.000;360.000;298.000;-72.000;0.000;;True;11750.000;True;11750.000;True;False
332.812;HOLD;3;11750;370.000;288.000;298.000;-72.000;0.000;;True;11750.000;True;11750.000;True;False
332.937;HOLD;3;11750;370.000;257.000;288.000;-82.000;0.000;;True;11750.000;True;11750.000;True;False
333.062;HOLD;3;11750;370.000;227.000;288.000;-82.000;0.000;;True;11750.000;True;11750.000;True;False
333.187;HOLD;3;11750;370.000;237.000;288.000;-82.000;0.000;;True;11750.000;True;11750.000;True;False
333.312;HOLD;3;11750;370.000;227.000;288.000;-82.000;0.000;;True;11750.000;True;11750.000;True;False
333.437;HOLD;3;11750;370.000;176.000;257.000;-113.000;0.000;;True;11750.000;True;11750.000;True;False
333.547;HOLD;3;11750;370.000;308.000;257.000;-113.000;0.000;;True;11750.000;True;11750.000;True;False
333.687;HOLD;3;11750;370.000;360.000;257.000;-113.000;0.000;;True;11750.000;True;11750.000;True;False
333.828;HOLD;3;11750;370.000;318.000;257.000;-113.000;0.000;;True;11750.000;True;11750.000;True;False
333.937;HOLD;3;11750;370.000;257.000;257.000;-113.000;0.000;;True;11750.000;True;11750.000;True;False
334.062;HOLD;3;11750;370.000;247.000;247.000;-123.000;0.000;;True;11750.000;True;11750.000;True;False
334.187;HOLD;3;11750;370.000;227.000;247.000;-123.000;0.000;;True;11750.000;True;11750.000;True;False
334.312;HOLD;3;11750;370.000;360.000;257.000;-113.000;0.000;;True;11750.000;True;11750.000;True;False
334.453;HOLD;3;11750;370.000;247.000;257.000;-113.000;0.000;;True;11750.000;True;11750.000;True;False
334.578;HOLD;3;11750;370.000;207.000;257.000;-113.000;0.179;;True;11750.000;True;11750.000;True;False
334.687;HOLD;3;11750;370.000;186.000;247.000;-123.000;0.000;;True;11750.000;True;11750.000;True;False
334.812;HOLD;3;11750;370.000;207.000;247.000;-123.000;0.000;;True;11750.000;True;11750.000;True;False
334.937;HOLD;3;11750;370.000;257.000;247.000;-123.000;0.000;;True;11750.000;True;11750.000;True;False
335.062;HOLD;3;11750;370.000;217.000;227.000;-143.000;0.000;;True;11750.000;True;11750.000;True;False
335.203;HOLD;3;11750;370.000;136.000;217.000;-153.000;0.000;;True;11750.000;True;11750.000;True;False
335.312;HOLD;3;11750;370.000;196.000;207.000;-163.000;0.000;;True;11750.000;True;11750.000;True;False
335.422;HOLD;3;11750;370.000;298.000;207.000;-163.000;0.000;;True;11750.000;True;11750.000;True;False
335.531;HOLD;3;11750;370.000;318.000;207.000;-163.000;0.000;;True;11750.000;True;11750.000;True;False
335.656;HOLD;3;11750;370.000;328.000;217.000;-153.000;0.000;;True;11750.000;True;11750.000;True;False
335.765;HOLD;3;11750;370.000;318.000;257.000;-113.000;0.000;;True;11750.000;True;11750.000;True;False
335.890;HOLD;3;11750;370.000;207.000;257.000;-113.000;17.509;;True;11750.000;True;11750.000;True;False
336.015;HOLD;3;11750;370.000;237.000;237.000;-133.000;38.166;;True;11750.000;True;11750.000;True;False
336.140;HOLD;3;11750;370.000;257.000;257.000;-113.000;56.973;;True;11750.000;True;11750.000;True;False
336.265;HOLD;3;11750;370.000;207.000;257.000;-113.000;62.378;;True;11750.000;True;11750.000;True;False
336.390;HOLD;3;11750;370.000;156.000;257.000;-113.000;55.661;;True;11750.000;True;11750.000;True;False
336.500;HOLD;3;11750;370.000;247.000;247.000;-123.000;37.909;;True;11750.000;True;11750.000;True;False
336.609;HOLD;3;11750;370.000;350.000;247.000;-123.000;15.107;;True;11750.000;True;11750.000;True;False
336.734;HOLD;3;11750;370.000;360.000;247.000;-123.000;0.000;;True;11750.000;True;11750.000;True;False
336.859;HOLD;3;11750;370.000;360.000;247.000;-123.000;0.000;;True;11750.000;True;11750.000;True;False
336.984;HOLD;3;11750;370.000;328.000;257.000;-113.000;3.078;;True;11750.000;True;11750.000;True;False
337.109;HOLD;3;11750;370.000;298.000;298.000;-72.000;20.597;;True;11750.000;True;11750.000;True;False
337.234;HOLD;3;11750;370.000;247.000;298.000;-72.000;43.172;;True;11750.000;True;11750.000;True;False
337.375;HOLD;3;11750;370.000;288.000;298.000;-72.000;58.736;;True;11750.000;True;11750.000;True;False
337.500;HOLD;3;11750;370.000;380.000;328.000;-42.000;83.747;;True;11750.000;True;11750.000;True;False
337.625;HOLD;3;11750;370.000;176.000;328.000;-42.000;101.780;;True;11750.000;True;11750.000;True;False
337.734;HOLD;3;11750;370.000;237.000;298.000;-72.000;77.990;;True;11750.000;True;11750.000;True;False
337.859;HOLD;3;11750;370.000;318.000;298.000;-72.000;56.058;;True;11750.000;True;11750.000;True;False
337.984;HOLD;3;11750;370.000;360.000;298.000;-72.000;26.768;;True;11750.000;True;11750.000;True;False
338.109;HOLD;3;11750;370.000;370.000;298.000;-72.000;0.000;;True;11750.000;True;11750.000;True;False
338.250;HOLD;3;11750;370.000;360.000;318.000;-52.000;0.000;;True;11750.000;True;11750.000;True;False
338.375;HOLD;3;11750;370.000;340.000;340.000;-30.000;11.416;;True;11750.000;True;11750.000;True;False
338.500;HOLD;3;11750;370.000;380.000;360.000;-10.000;28.337;;True;11750.000;True;11750.000;True;False
338.640;HOLD;3;11750;370.000;370.000;360.000;-10.000;82.148;;True;11750.000;True;11750.000;True;False
338.750;HOLD;3;11750;370.000;380.000;360.000;-10.000;88.233;;True;11750.000;True;11750.000;True;False
338.875;HOLD;3;11750;370.000;370.000;370.000;0.000;89.735;;True;11750.000;True;11750.000;True;False
338.969;HOLD;3;11750;370.000;360.000;370.000;0.000;81.717;;True;11750.000;True;11750.000;True;False
339.094;HOLD;3;11750;370.000;308.000;370.000;0.000;69.589;;True;11750.000;True;11750.000;True;False
339.219;HOLD;3;11750;370.000;370.000;370.000;0.000;46.027;;True;11750.000;True;11750.000;True;False
339.344;HOLD;3;11750;370.000;380.000;370.000;0.000;25.283;;True;11750.000;True;11750.000;True;False
339.469;HOLD;3;11750;370.000;380.000;370.000;0.000;12.486;;True;11750.000;True;11750.000;True;False
339.594;HOLD;3;11750;370.000;370.000;370.000;0.000;9.609;;True;11750.000;True;11750.000;True;False
339.719;HOLD;3;11750;370.000;350.000;370.000;0.000;5.379;;True;11750.000;True;11750.000;True;False
339.844;HOLD;3;11750;370.000;328.000;370.000;0.000;0.000;;True;11750.000;True;11750.000;True;False
339.969;HOLD;3;11750;370.000;350.000;360.000;-10.000;0.000;;True;11750.000;True;11750.000;True;False
340.094;HOLD;3;11750;370.000;411.000;370.000;0.000;0.000;;True;11750.000;True;11750.000;True;False
340.234;HOLD;3;11750;370.000;441.000;370.000;0.000;0.000;;True;11750.000;True;11750.000;True;False
340.359;HOLD;3;11750;370.000;471.000;380.000;10.000;5.743;;True;11750.000;True;11750.000;True;False
340.484;HOLD;3;11750;370.000;400.000;380.000;10.000;12.221;;True;11750.000;True;11750.000;True;False
340.609;HOLD;3;11750;370.000;502.000;400.000;30.000;29.780;;True;11750.000;True;11750.000;True;False
340.734;HOLD;3;11750;370.000;522.000;411.000;41.000;48.983;;True;11750.000;True;11750.000;True;False
340.875;HOLD;3;11750;370.000;512.000;441.000;71.000;79.931;;True;11750.000;True;11750.000;True;False
341.000;HOLD;3;11750;370.000;461.000;461.000;91.000;102.463;;True;11750.000;True;11750.000;True;False
341.125;HOLD;3;11750;370.000;421.000;461.000;91.000;115.379;;True;11750.000;True;11750.000;True;False
341.250;HOLD;3;11750;370.000;411.000;461.000;91.000;110.468;;True;11750.000;True;11750.000;True;False
341.390;HOLD;3;11750;370.000;492.000;471.000;101.000;102.664;;True;11750.000;True;11750.000;True;False
341.515;HOLD;3;11750;370.000;502.000;492.000;122.000;92.536;;True;11750.000;True;11750.000;True;False
341.640;HOLD;3;11750;370.000;502.000;502.000;132.000;85.257;;True;11750.000;True;11750.000;True;False
341.765;HOLD;3;11750;370.000;502.000;502.000;132.000;68.458;;True;11750.000;True;11750.000;True;False
341.875;HOLD;3;11750;370.000;482.000;492.000;122.000;58.253;;True;11750.000;True;11750.000;True;False
342.000;HOLD;3;11750;370.000;451.000;482.000;112.000;39.057;;True;11750.000;True;11750.000;True;False
342.109;HOLD;3;11750;370.000;502.000;492.000;122.000;33.026;;True;11750.000;True;11750.000;True;False
342.250;HOLD;3;11750;370.000;573.000;502.000;132.000;27.398;;True;11750.000;True;11750.000;True;False
342.375;HOLD;3;11750;370.000;593.000;502.000;132.000;15.892;;True;11750.000;True;11750.000;True;False
342.500;HOLD;3;11750;370.000;451.000;502.000;132.000;5.742;;True;11750.000;True;11750.000;True;False
342.625;HOLD;3;11750;370.000;502.000;502.000;132.000;5.727;;True;11750.000;True;11750.000;True;False
342.750;HOLD;3;11750;370.000;563.000;502.000;132.000;10.956;;True;11750.000;True;11750.000;True;False
342.890;HOLD;3;11750;370.000;563.000;502.000;132.000;17.697;;True;11750.000;True;11750.000;True;False
343.015;HOLD;3;11750;370.000;553.000;553.000;183.000;39.717;;True;11750.000;True;11750.000;True;False
343.140;HOLD;3;11750;370.000;543.000;553.000;183.000;57.252;;True;11750.000;True;11750.000;True;False
343.312;HOLD;3;11750;370.000;502.000;553.000;183.000;69.077;;True;11750.000;True;11750.000;True;False
343.437;HOLD;3;11750;370.000;522.000;543.000;173.000;65.503;;True;11750.000;True;11750.000;True;False
343.562;HOLD;3;11750;370.000;532.000;532.000;162.000;49.360;;True;11750.000;True;11750.000;True;False
343.687;HOLD;3;11750;370.000;532.000;532.000;162.000;28.979;;True;11750.000;True;11750.000;True;False
343.812;HOLD;3;11750;370.000;522.000;532.000;162.000;2.955;;True;11750.000;True;11750.000;True;False
343.922;HOLD;3;11750;370.000;492.000;532.000;162.000;0.000;;True;11750.000;True;11750.000;True;False
344.031;HOLD;3;11750;370.000;553.000;532.000;162.000;0.000;;True;11750.000;True;11750.000;True;False
344.156;HOLD;3;11750;370.000;573.000;532.000;162.000;0.000;;True;11750.000;True;11750.000;True;False
344.390;HOLD;3;11750;370.000;603.000;532.000;162.000;0.000;;True;11750.000;True;11750.000;True;False
344.531;HOLD;3;11750;370.000;593.000;532.000;162.000;0.000;;True;11750.000;True;11750.000;True;False
344.656;HOLD;3;11750;370.000;543.000;543.000;173.000;6.545;;True;11750.000;True;11750.000;True;False
344.781;HOLD;3;11750;370.000;482.000;543.000;173.000;10.697;;True;11750.000;True;11750.000;True;False
344.906;HOLD;3;11750;370.000;482.000;543.000;173.000;13.112;;True;11750.000;True;11750.000;True;False
345.031;HOLD;3;11750;370.000;512.000;543.000;173.000;14.286;;True;11750.000;True;11750.000;True;False
345.156;HOLD;3;11750;370.000;471.000;543.000;173.000;14.299;;True;11750.000;True;11750.000;True;False
345.281;HOLD;3;11750;370.000;482.000;512.000;142.000;0.000;;True;11750.000;True;11750.000;True;False
345.390;HOLD;3;11750;370.000;593.000;512.000;142.000;0.000;;True;11750.000;True;11750.000;True;False
345.515;HOLD;3;11750;370.000;593.000;512.000;142.000;0.000;;True;11750.000;True;11750.000;True;False
345.625;HOLD;3;11750;370.000;603.000;512.000;142.000;0.000;;True;11750.000;True;11750.000;True;False
345.750;HOLD;3;11750;370.000;583.000;512.000;142.000;0.000;;True;11750.000;True;11750.000;True;False
345.890;HOLD;3;11750;370.000;492.000;512.000;142.000;0.000;;True;11750.000;True;11750.000;True;False
346.015;HOLD;3;11750;370.000;522.000;522.000;152.000;0.000;;True;11750.000;True;11750.000;True;False
346.140;HOLD;3;11750;370.000;563.000;563.000;193.000;15.689;;True;11750.000;True;11750.000;True;False
346.265;HOLD;3;11750;370.000;603.000;583.000;213.000;61.916;;True;11750.000;True;11750.000;True;False
346.406;HOLD;3;11750;370.000;573.000;583.000;213.000;94.658;;True;11750.000;True;11750.000;True;False
346.531;HOLD;3;11750;370.000;553.000;573.000;203.000;94.920;;True;11750.000;True;11750.000;True;False
346.672;HOLD;3;11750;370.000;543.000;563.000;193.000;78.168;;True;11750.000;True;11750.000;True;False
346.812;HOLD;3;11750;370.000;532.000;553.000;183.000;45.846;;True;11750.000;True;11750.000;True;False
346.937;HOLD;3;11750;370.000;543.000;543.000;173.000;1.581;;True;11750.000;True;11750.000;True;False
347.047;HOLD;3;11750;370.000;655.000;553.000;183.000;0.000;;True;11750.000;True;11750.000;True;False
347.187;HOLD;3;11750;370.000;635.000;563.000;193.000;0.000;;True;11750.000;True;11750.000;True;False
347.297;HOLD;3;11750;370.000;583.000;573.000;203.000;0.000;;True;11750.000;True;11750.000;True;False
347.422;HOLD;3;11750;370.000;593.000;573.000;203.000;7.548;;True;11750.000;True;11750.000;True;False
347.547;HOLD;3;11750;370.000;625.000;583.000;213.000;32.321;;True;11750.000;True;11750.000;True;False
347.672;HOLD;3;11750;370.000;593.000;593.000;223.000;38.784;;True;11750.000;True;11750.000;True;False
347.797;HOLD;3;11750;370.000;522.000;593.000;223.000;51.490;;True;11750.000;True;11750.000;True;False
347.922;HOLD;3;11750;370.000;532.000;593.000;223.000;52.566;;True;11750.000;True;11750.000;True;False
348.047;HOLD;3;11750;370.000;553.000;593.000;223.000;41.556;;True;11750.000;True;11750.000;True;False
348.172;HOLD;3;11750;370.000;583.000;583.000;213.000;25.415;;True;11750.000;True;11750.000;True;False
348.297;HOLD;3;11750;370.000;532.000;583.000;213.000;12.000;;True;11750.000;True;11750.000;True;False
348.406;HOLD;3;11750;370.000;502.000;553.000;183.000;0.000;;True;11750.000;True;11750.000;True;False
348.531;HOLD;3;11750;370.000;502.000;532.000;162.000;0.000;;True;11750.000;True;11750.000;True;False
348.656;HOLD;3;11750;370.000;502.000;532.000;162.000;0.000;;True;11750.000;True;11750.000;True;False
348.781;HOLD;3;11750;370.000;573.000;532.000;162.000;0.000;;True;11750.000;True;11750.000;True;False
348.922;HOLD;3;11750;370.000;645.000;532.000;162.000;0.000;;True;11750.000;True;11750.000;True;False
349.047;HOLD;3;11750;370.000;635.000;553.000;183.000;0.000;;True;11750.000;True;11750.000;True;False
349.187;HOLD;3;11750;370.000;573.000;573.000;203.000;0.000;;True;11750.000;True;11750.000;True;False
349.312;HOLD;3;11750;370.000;553.000;553.000;183.000;24.978;;True;11750.000;True;11750.000;True;False
349.437;HOLD;3;11750;370.000;543.000;553.000;183.000;36.370;;True;11750.000;True;11750.000;True;False
349.562;HOLD;3;11750;370.000;553.000;553.000;183.000;31.002;;True;11750.000;True;11750.000;True;False
349.687;HOLD;3;11750;370.000;573.000;573.000;203.000;34.606;;True;11750.000;True;11750.000;True;False
349.812;HOLD;3;11750;370.000;583.000;573.000;203.000;30.775;;True;11750.000;True;11750.000;True;False
349.937;HOLD;3;11750;370.000;512.000;573.000;203.000;18.893;;True;11750.000;True;11750.000;True;False
350.062;HOLD;3;11750;370.000;512.000;553.000;183.000;3.810;;True;11750.000;True;11750.000;True;False
350.250;HOLD;3;11750;370.000;543.000;553.000;183.000;4.585;;True;11750.000;True;11750.000;True;False
350.375;HOLD;3;11750;370.000;583.000;553.000;183.000;0.000;;True;11750.000;True;11750.000;True;False
350.500;HOLD;3;11750;370.000;553.000;553.000;183.000;0.000;;True;11750.000;True;11750.000;True;False
350.625;HOLD;3;11750;370.000;522.000;553.000;183.000;0.000;;True;11750.000;True;11750.000;True;False
350.765;HOLD;3;11750;370.000;522.000;543.000;173.000;0.000;;True;11750.000;True;11750.000;True;False
350.890;HOLD;3;11750;370.000;532.000;532.000;162.000;0.000;;True;11750.000;True;11750.000;True;False
351.015;HOLD;3;11750;370.000;543.000;532.000;162.000;0.000;;True;11750.000;True;11750.000;True;False
351.140;HOLD;3;11750;370.000;583.000;543.000;173.000;0.000;;True;11750.000;True;11750.000;True;False
351.281;HOLD;3;11750;370.000;615.000;543.000;173.000;0.000;;True;11750.000;True;11750.000;True;False
351.406;HOLD;3;11750;370.000;522.000;543.000;173.000;0.000;;True;11750.000;True;11750.000;True;False
351.531;HOLD;3;11750;370.000;482.000;532.000;162.000;0.000;;True;11750.000;True;11750.000;True;False
351.656;HOLD;3;11750;370.000;482.000;522.000;152.000;0.000;;True;11750.000;True;11750.000;True;False
351.781;HOLD;3;11750;370.000;461.000;522.000;152.000;0.000;;True;11750.000;True;11750.000;True;False
351.906;HOLD;3;11750;370.000;532.000;532.000;162.000;0.000;;True;11750.000;True;11750.000;True;False
352.031;HOLD;3;11750;370.000;532.000;532.000;162.000;0.000;;True;11750.000;True;11750.000;True;False
352.156;HOLD;3;11750;370.000;532.000;532.000;162.000;0.000;;True;11750.000;True;11750.000;True;False
352.281;HOLD;3;11750;370.000;563.000;532.000;162.000;0.000;;True;11750.000;True;11750.000;True;False
352.406;HOLD;3;11750;370.000;593.000;532.000;162.000;0.000;;True;11750.000;True;11750.000;True;False
352.547;HOLD;3;11750;370.000;665.000;532.000;162.000;11.246;;True;11750.000;True;11750.000;True;False
352.672;HOLD;3;11750;370.000;675.000;532.000;162.000;6.487;;True;11750.000;True;11750.000;True;False
352.797;HOLD;3;11750;370.000;553.000;553.000;183.000;13.684;;True;11750.000;True;11750.000;True;False
352.953;HOLD;3;11750;370.000;532.000;553.000;183.000;23.109;;True;11750.000;True;11750.000;True;False
353.109;HOLD;3;11750;370.000;615.000;563.000;193.000;34.272;;True;11750.000;True;11750.000;True;False
353.234;HOLD;3;11750;370.000;675.000;593.000;223.000;57.969;;True;11750.000;True;11750.000;True;False
353.359;HOLD;3;11750;370.000;696.000;615.000;245.000;84.248;;True;11750.000;True;11750.000;True;False
353.500;HOLD;3;11750;370.000;615.000;615.000;245.000;96.843;;True;11750.000;True;11750.000;True;False
353.625;HOLD;3;11750;370.000;625.000;625.000;255.000;101.582;;True;11750.000;True;11750.000;True;False
353.750;HOLD;3;11750;370.000;625.000;625.000;255.000;91.754;;True;11750.000;True;11750.000;True;False
353.875;HOLD;3;11750;370.000;625.000;625.000;255.000;83.257;;True;11750.000;True;11750.000;True;False
354.000;HOLD;3;11750;370.000;593.000;625.000;255.000;59.128;;True;11750.000;True;11750.000;True;False
354.140;HOLD;3;11750;370.000;553.000;625.000;255.000;28.184;;True;11750.000;True;11750.000;True;False
354.281;HOLD;3;11750;370.000;522.000;625.000;255.000;10.924;;True;11750.000;True;11750.000;True;False
354.390;HOLD;3;11750;370.000;553.000;615.000;245.000;0.004;;True;11750.000;True;11750.000;True;False
354.515;HOLD;3;11750;370.000;665.000;615.000;245.000;0.000;;True;11750.000;True;11750.000;True;False
354.625;HOLD;3;11750;370.000;716.000;625.000;255.000;0.000;;True;11750.000;True;11750.000;True;False
354.750;HOLD;3;11750;370.000;757.000;625.000;255.000;0.000;;True;11750.000;True;11750.000;True;False
354.875;HOLD;3;11750;370.000;767.000;625.000;255.000;0.000;;True;11750.000;True;11750.000;True;False
355.000;HOLD;3;11750;370.000;777.000;665.000;295.000;22.887;;True;11750.000;True;11750.000;True;False
355.125;HOLD;3;11750;370.000;665.000;665.000;295.000;42.681;;True;11750.000;True;11750.000;True;False
355.250;HOLD;3;11750;370.000;645.000;665.000;295.000;56.565;;True;11750.000;True;11750.000;True;False
355.375;HOLD;3;11750;370.000;645.000;665.000;295.000;63.606;;True;11750.000;True;11750.000;True;False
355.500;HOLD;3;11750;370.000;686.000;686.000;316.000;70.444;;True;11750.000;True;11750.000;True;False
355.625;HOLD;3;11750;370.000;635.000;686.000;316.000;67.600;;True;11750.000;True;11750.000;True;False
355.765;HOLD;3;11750;370.000;583.000;665.000;295.000;41.812;;True;11750.000;True;11750.000;True;False
355.890;HOLD;3;11750;370.000;615.000;645.000;275.000;0.000;;True;11750.000;True;11750.000;True;False
356.031;HOLD;3;11750;370.000;686.000;645.000;275.000;0.000;;True;11750.000;True;11750.000;True;False
356.140;HOLD;3;11750;370.000;736.000;645.000;275.000;0.000;;True;11750.000;True;11750.000;True;False
356.265;HOLD;3;11750;370.000;757.000;645.000;275.000;0.000;;True;11750.000;True;11750.000;True;False
356.390;HOLD;3;11750;370.000;767.000;686.000;316.000;0.000;;True;11750.000;True;11750.000;True;False
356.515;HOLD;3;11750;370.000;767.000;686.000;316.000;8.879;;True;11750.000;True;11750.000;True;False
356.640;HOLD;3;11750;370.000;747.000;736.000;366.000;78.676;;True;11750.000;True;11750.000;True;False
356.765;HOLD;3;11750;370.000;736.000;736.000;366.000;90.882;;True;11750.000;True;11750.000;True;False
356.890;HOLD;3;11750;370.000;757.000;747.000;377.000;121.363;;True;11750.000;True;11750.000;True;False
357.015;HOLD;3;11750;370.000;787.000;757.000;387.000;132.794;;True;11750.000;True;11750.000;True;False
357.156;HOLD;3;11750;370.000;797.000;757.000;387.000;124.146;;True;11750.000;True;11750.000;True;False
357.297;HOLD;3;11750;370.000;675.000;757.000;387.000;84.919;;True;11750.000;True;11750.000;True;False
357.422;HOLD;3;11750;370.000;716.000;757.000;387.000;61.001;;True;11750.000;True;11750.000;True;False
357.547;HOLD;3;11750;370.000;736.000;747.000;377.000;19.164;;True;11750.000;True;11750.000;True;False
357.672;HOLD;3;11750;370.000;747.000;747.000;377.000;7.070;;True;11750.000;True;11750.000;True;False
357.797;HOLD;3;11750;370.000;747.000;747.000;377.000;0.000;;True;11750.000;True;11750.000;True;False
357.937;HOLD;3;11750;370.000;736.000;747.000;377.000;0.000;;True;11750.000;True;11750.000;True;False
358.062;HOLD;3;11750;370.000;726.000;736.000;366.000;0.000;;True;11750.000;True;11750.000;True;False
358.187;HOLD;3;11750;370.000;696.000;736.000;366.000;0.000;;True;11750.000;True;11750.000;True;False
358.297;HOLD;3;11750;370.000;706.000;726.000;356.000;0.000;;True;11750.000;True;11750.000;True;False
358.422;HOLD;3;11750;370.000;767.000;736.000;366.000;0.000;;True;11750.000;True;11750.000;True;False
358.547;HOLD;3;11750;370.000;797.000;736.000;366.000;0.000;;True;11750.000;True;11750.000;True;False
358.672;HOLD;3;11750;370.000;797.000;747.000;377.000;0.000;;True;11750.000;True;11750.000;True;False
358.797;HOLD;3;11750;370.000;767.000;747.000;377.000;0.000;;True;11750.000;True;11750.000;True;False
358.922;HOLD;3;11750;370.000;716.000;736.000;366.000;2.958;;True;11750.000;True;11750.000;True;False
359.047;HOLD;3;11750;370.000;706.000;726.000;356.000;1.775;;True;11750.000;True;11750.000;True;False
359.172;HOLD;3;11750;370.000;736.000;736.000;366.000;1.487;;True;11750.000;True;11750.000;True;False
359.297;HOLD;3;11750;370.000;797.000;767.000;397.000;17.733;;True;11750.000;True;11750.000;True;False
359.437;HOLD;3;11750;370.000;797.000;767.000;397.000;26.063;;True;11750.000;True;11750.000;True;False
359.562;HOLD;3;11750;370.000;767.000;767.000;397.000;32.358;;True;11750.000;True;11750.000;True;False
359.687;HOLD;3;11750;370.000;757.000;767.000;397.000;41.990;;True;11750.000;True;11750.000;True;False
359.797;HOLD;3;11750;370.000;747.000;757.000;387.000;32.709;;True;11750.000;True;11750.000;True;False
359.906;HOLD;3;11750;370.000;736.000;747.000;377.000;27.446;;True;11750.000;True;11750.000;True;False
360.031;HOLD;3;11750;370.000;787.000;757.000;387.000;19.510;;True;11750.000;True;11750.000;True;False
360.156;HOLD;3;11750;370.000;818.000;767.000;397.000;6.680;;True;11750.000;True;11750.000;True;False
360.281;HOLD;3;11750;370.000;838.000;787.000;417.000;5.838;;True;11750.000;True;11750.000;True;False
360.406;HOLD;3;11750;370.000;828.000;787.000;417.000;20.033;;True;11750.000;True;11750.000;True;False
360.531;HOLD;3;11750;370.000;818.000;787.000;417.000;30.986;;True;11750.000;True;11750.000;True;False
360.656;HOLD;3;11750;370.000;828.000;818.000;448.000;55.802;;True;11750.000;True;11750.000;True;False
360.797;HOLD;3;11750;370.000;807.000;818.000;448.000;71.807;;True;11750.000;True;11750.000;True;False
360.906;HOLD;3;11750;370.000;848.000;818.000;448.000;75.407;;True;11750.000;True;11750.000;True;False
361.047;HOLD;3;11750;370.000;838.000;828.000;458.000;66.241;;True;11750.000;True;11750.000;True;False
361.172;HOLD;3;11750;370.000;818.000;828.000;458.000;54.664;;True;11750.000;True;11750.000;True;False
361.359;HOLD;3;11750;370.000;716.000;828.000;458.000;46.046;;True;11750.000;True;11750.000;True;False
361.469;HOLD;3;11750;370.000;726.000;818.000;448.000;26.430;;True;11750.000;True;11750.000;True;False
361.594;HOLD;3;11750;370.000;858.000;818.000;448.000;2.613;;True;11750.000;True;11750.000;True;False
361.719;HOLD;3;11750;370.000;848.000;828.000;458.000;3.455;;True;11750.000;True;11750.000;True;False
361.859;HOLD;3;11750;370.000;858.000;838.000;468.000;8.645;;True;11750.000;True;11750.000;True;False
361.984;HOLD;3;11750;370.000;818.000;838.000;468.000;10.422;;True;11750.000;True;11750.000;True;False
362.109;HOLD;3;11750;370.000;787.000;818.000;448.000;4.576;;True;11750.000;True;11750.000;True;False
362.234;HOLD;3;11750;370.000;767.000;818.000;448.000;0.278;;True;11750.000;True;11750.000;True;False
362.375;HOLD;3;11750;370.000;757.000;787.000;417.000;0.000;;True;11750.000;True;11750.000;True;False
362.500;HOLD;3;11750;370.000;868.000;818.000;448.000;0.000;;True;11750.000;True;11750.000;True;False
362.625;HOLD;3;11750;370.000;900.000;848.000;478.000;0.000;;True;11750.000;True;11750.000;True;False
362.750;HOLD;3;11750;370.000;920.000;848.000;478.000;7.948;;True;11750.000;True;11750.000;True;False
362.859;HOLD;3;11750;370.000;940.000;858.000;488.000;21.764;;True;11750.000;True;11750.000;True;False
362.969;HOLD;3;11750;370.000;940.000;868.000;498.000;47.325;;True;11750.000;True;11750.000;True;False
363.078;HOLD;3;11750;370.000;920.000;900.000;530.000;87.720;;True;11750.000;True;11750.000;True;False
363.219;HOLD;3;11750;370.000;818.000;900.000;530.000;106.843;;True;11750.000;True;11750.000;True;False
363.344;HOLD;3;11750;370.000;767.000;900.000;530.000;114.608;;True;11750.000;True;11750.000;True;False
363.469;HOLD;3;11750;370.000;828.000;900.000;530.000;86.978;;True;11750.000;True;11750.000;True;False
363.594;HOLD;3;11750;370.000;807.000;900.000;530.000;65.341;;True;11750.000;True;11750.000;True;False
363.703;HOLD;3;11750;370.000;797.000;828.000;458.000;14.654;;True;11750.000;True;11750.000;True;False
363.844;HOLD;3;11750;370.000;726.000;818.000;448.000;0.000;;True;11750.000;True;11750.000;True;False
363.969;HOLD;3;11750;370.000;747.000;807.000;437.000;0.000;;True;11750.000;True;11750.000;True;False
364.094;HOLD;3;11750;370.000;858.000;807.000;437.000;0.000;;True;11750.000;True;11750.000;True;False
364.219;HOLD;3;11750;370.000;868.000;807.000;437.000;0.000;;True;11750.000;True;11750.000;True;False
364.344;HOLD;3;11750;370.000;900.000;807.000;437.000;0.000;;True;11750.000;True;11750.000;True;False
364.469;HOLD;3;11750;370.000;930.000;828.000;458.000;0.000;;True;11750.000;True;11750.000;True;False
364.594;HOLD;3;11750;370.000;838.000;838.000;468.000;0.000;;True;11750.000;True;11750.000;True;False
364.734;HOLD;3;11750;370.000;900.000;858.000;488.000;47.308;;True;11750.000;True;11750.000;True;False
364.859;HOLD;3;11750;370.000;971.000;868.000;498.000;74.828;;True;11750.000;True;11750.000;True;False
364.969;HOLD;3;11750;370.000;991.000;900.000;530.000;90.762;;True;11750.000;True;11750.000;True;False
365.094;HOLD;3;11750;370.000;1022.000;900.000;530.000;106.299;;True;11750.000;True;11750.000;True;False
365.219;HOLD;3;11750;370.000;1001.000;930.000;560.000;125.561;;True;11750.000;True;11750.000;True;False
365.328;HOLD;3;11750;370.000;950.000;950.000;580.000;140.384;;True;11750.000;True;11750.000;True;False
365.469;HOLD;3;11750;370.000;858.000;950.000;580.000;134.667;;True;11750.000;True;11750.000;True;False
365.594;HOLD;3;11750;370.000;767.000;950.000;580.000;123.730;;True;11750.000;True;11750.000;True;False
365.703;HOLD;3;11750;370.000;777.000;950.000;580.000;104.039;;True;11750.000;True;11750.000;True;False
365.844;HOLD;3;11750;370.000;818.000;950.000;580.000;80.266;;True;11750.000;True;11750.000;True;False
365.969;HOLD;3;11750;370.000;828.000;858.000;488.000;2.138;;True;11750.000;True;11750.000;True;False
366.125;HOLD;3;11750;370.000;716.000;828.000;458.000;0.000;;True;11750.000;True;11750.000;True;False
366.265;HOLD;3;11750;370.000;706.000;818.000;448.000;0.000;;True;11750.000;True;11750.000;True;False
366.390;HOLD;3;11750;370.000;747.000;777.000;407.000;0.000;;True;11750.000;True;11750.000;True;False
366.515;HOLD;3;11750;370.000;757.000;767.000;397.000;0.000;;True;11750.000;True;11750.000;True;False
366.640;HOLD;3;11750;370.000;747.000;757.000;387.000;0.000;;True;11750.000;True;11750.000;True;False
366.765;HOLD;3;11750;370.000;757.000;757.000;387.000;0.000;;True;11750.000;True;11750.000;True;False
366.875;HOLD;3;11750;370.000;767.000;757.000;387.000;0.000;;True;11750.000;True;11750.000;True;False
367.000;HOLD;3;11750;370.000;787.000;757.000;387.000;0.000;;True;11750.000;True;11750.000;True;False
367.125;HOLD;3;11750;370.000;726.000;747.000;377.000;0.000;;True;11750.000;True;11750.000;True;False
367.250;HOLD;3;11750;370.000;726.000;747.000;377.000;0.000;;True;11750.000;True;11750.000;True;False
367.375;HOLD;3;11750;370.000;726.000;747.000;377.000;0.000;;True;11750.000;True;11750.000;True;False
367.500;HOLD;3;11750;370.000;797.000;757.000;387.000;0.000;;True;11750.000;True;11750.000;True;False
367.640;HOLD;3;11750;370.000;818.000;757.000;387.000;0.000;;True;11750.000;True;11750.000;True;False
367.750;HOLD;3;11750;370.000;797.000;767.000;397.000;5.424;;True;11750.000;True;11750.000;True;False
367.875;HOLD;3;11750;370.000;757.000;767.000;397.000;13.242;;True;11750.000;True;11750.000;True;False
367.984;HOLD;3;11750;370.000;747.000;757.000;387.000;14.852;;True;11750.000;True;11750.000;True;False
368.125;HOLD;3;11750;370.000;747.000;747.000;377.000;10.797;;True;11750.000;True;11750.000;True;False
368.234;HOLD;3;11750;370.000;757.000;757.000;387.000;6.844;;True;11750.000;True;11750.000;True;False
368.359;HOLD;3;11750;370.000;777.000;757.000;387.000;1.391;;True;11750.000;True;11750.000;True;False
368.484;HOLD;3;11750;370.000;807.000;777.000;407.000;5.434;;True;11750.000;True;11750.000;True;False
368.625;HOLD;3;11750;370.000;797.000;777.000;407.000;12.399;;True;11750.000;True;11750.000;True;False
368.750;HOLD;3;11750;370.000;757.000;757.000;387.000;5.391;;True;11750.000;True;11750.000;True;False
368.875;HOLD;3;11750;370.000;726.000;757.000;387.000;5.225;;True;11750.000;True;11750.000;True;False
369.000;HOLD;3;11750;370.000;736.000;757.000;387.000;6.277;;True;11750.000;True;11750.000;True;False
369.140;HOLD;3;11750;370.000;736.000;757.000;387.000;0.000;;True;11750.000;True;11750.000;True;False
369.265;HOLD;3;11750;370.000;767.000;757.000;387.000;0.000;;True;11750.000;True;11750.000;True;False
369.390;HOLD;3;11750;370.000;787.000;767.000;397.000;0.000;;True;11750.000;True;11750.000;True;False
369.515;HOLD;3;11750;370.000;797.000;767.000;397.000;0.000;;True;11750.000;True;11750.000;True;False
369.625;HOLD;3;11750;370.000;807.000;767.000;397.000;1.267;;True;11750.000;True;11750.000;True;False
369.765;HOLD;3;11750;370.000;797.000;767.000;397.000;15.042;;True;11750.000;True;11750.000;True;False
369.875;HOLD;3;11750;370.000;767.000;767.000;397.000;13.309;;True;11750.000;True;11750.000;True;False
369.984;HOLD;3;11750;370.000;726.000;767.000;397.000;12.283;;True;11750.000;True;11750.000;True;False
370.109;HOLD;3;11750;370.000;726.000;767.000;397.000;9.742;;True;11750.000;True;11750.000;True;False
370.250;HOLD;3;11750;370.000;828.000;787.000;417.000;16.743;;True;11750.000;True;11750.000;True;False
370.375;HOLD;3;11750;370.000;848.000;797.000;427.000;25.012;;True;11750.000;True;11750.000;True;False
370.500;HOLD;3;11750;370.000;818.000;797.000;427.000;34.286;;True;11750.000;True;11750.000;True;False
370.625;HOLD;3;11750;370.000;797.000;797.000;427.000;39.162;;True;11750.000;True;11750.000;True;False
370.750;HOLD;3;11750;370.000;807.000;797.000;427.000;40.381;;True;11750.000;True;11750.000;True;False
370.890;HOLD;3;11750;370.000;807.000;807.000;437.000;42.838;;True;11750.000;True;11750.000;True;False
371.015;HOLD;3;11750;370.000;797.000;807.000;437.000;35.425;;True;11750.000;True;11750.000;True;False
371.140;HOLD;3;11750;370.000;807.000;807.000;437.000;20.572;;True;11750.000;True;11750.000;True;False
371.250;HOLD;3;11750;370.000;807.000;807.000;437.000;18.533;;True;11750.000;True;11750.000;True;False
371.359;HOLD;3;11750;370.000;828.000;807.000;437.000;13.527;;True;11750.000;True;11750.000;True;False
371.484;HOLD;3;11750;370.000;868.000;807.000;437.000;12.401;;True;11750.000;True;11750.000;True;False
371.594;HOLD;3;11750;370.000;828.000;807.000;437.000;9.927;;True;11750.000;True;11750.000;True;False
371.719;HOLD;3;11750;370.000;777.000;807.000;437.000;5.807;;True;11750.000;True;11750.000;True;False
371.859;HOLD;3;11750;370.000;757.000;807.000;437.000;0.000;;True;11750.000;True;11750.000;True;False
371.969;HOLD;3;11750;370.000;777.000;807.000;437.000;0.000;;True;11750.000;True;11750.000;True;False
372.094;HOLD;3;11750;370.000;797.000;807.000;437.000;0.000;;True;11750.000;True;11750.000;True;False
372.203;HOLD;3;11750;370.000;828.000;807.000;437.000;0.000;;True;11750.000;True;11750.000;True;False
372.312;HOLD;3;11750;370.000;878.000;828.000;458.000;11.315;;True;11750.000;True;11750.000;True;False
372.453;HOLD;3;11750;370.000;868.000;828.000;458.000;20.084;;True;11750.000;True;11750.000;True;False
372.578;HOLD;3;11750;370.000;848.000;828.000;458.000;25.733;;True;11750.000;True;11750.000;True;False
372.703;HOLD;3;11750;370.000;787.000;797.000;427.000;11.364;;True;11750.000;True;11750.000;True;False
372.828;HOLD;3;11750;370.000;787.000;797.000;427.000;0.000;;True;11750.000;True;11750.000;True;False
372.953;HOLD;3;11750;370.000;767.000;797.000;427.000;0.000;;True;11750.000;True;11750.000;True;False
402.312;RECOVERY_REBASELINE;3;0;;380.000;797.000;;0.000;0.000;False;0.000;False;0.000;True;False
402.437;RECOVERY_REBASELINE;3;0;;380.000;787.000;;0.000;-80.000;False;0.000;False;0.000;True;False
402.578;RECOVERY_REBASELINE;3;0;;380.000;787.000;;0.000;-36.796;False;0.000;False;0.000;True;False
402.703;RECOVERY_REBASELINE;3;0;;380.000;767.000;;0.000;-67.897;False;0.000;False;0.000;True;False
402.828;RECOVERY_REBASELINE;3;0;;380.000;380.000;;0.000;-650.099;False;0.000;False;0.000;True;False
402.953;RECOVERY_REBASELINE;3;0;;380.000;380.000;;0.000;-733.075;False;0.000;False;0.000;True;False
403.078;RECOVERY_REBASELINE;3;0;;380.000;380.000;;0.000;-687.510;False;0.000;False;0.000;True;False
403.203;RECOVERY_REBASELINE;3;0;;380.000;380.000;;0.000;-612.425;False;0.000;False;0.000;True;False
403.312;RECOVERY_REBASELINE;3;0;;380.000;380.000;;0.000;-542.945;False;0.000;False;0.000;True;False
403.437;RECOVERY_REBASELINE;3;0;;380.000;380.000;;0.000;-477.022;False;0.000;False;0.000;True;False
403.562;RECOVERY_REBASELINE;3;0;;390.000;380.000;;0.000;-418.705;False;0.000;False;0.000;True;False
403.687;RECOVERY_REBASELINE;3;0;;380.000;380.000;;0.000;-368.527;False;0.000;False;0.000;True;False
403.812;RECOVERY_REBASELINE;3;0;;380.000;380.000;;0.000;-325.786;False;0.000;False;0.000;True;False
403.953;RECOVERY_REBASELINE;3;0;;380.000;380.000;;0.000;-287.842;False;0.000;False;0.000;True;False
404.078;RECOVERY_REBASELINE;3;0;;380.000;380.000;;0.000;-256.207;False;0.000;False;0.000;True;False
404.203;RECOVERY_REBASELINE;3;0;;380.000;380.000;;0.000;-229.529;False;0.000;False;0.000;True;False
404.312;RECOVERY_REBASELINE;3;0;;380.000;380.000;;0.000;-207.611;False;0.000;False;0.000;True;False
404.437;RECOVERY_REBASELINE;3;0;;380.000;380.000;;0.000;-188.506;False;0.000;False;0.000;True;False
404.562;RECOVERY_REBASELINE;3;0;;380.000;380.000;;0.000;-171.800;False;0.000;False;0.000;True;False
404.687;RECOVERY_REBASELINE;3;0;;390.000;380.000;;0.000;-157.136;False;0.000;False;0.000;True;False
404.828;RECOVERY_REBASELINE;3;0;;380.000;380.000;;0.000;-143.835;False;0.000;False;0.000;True;False
404.953;RECOVERY_REBASELINE;3;0;;380.000;380.000;;0.000;-132.180;False;0.000;False;0.000;True;False
405.062;RECOVERY_REBASELINE;3;0;;380.000;380.000;;0.000;-122.174;False;0.000;False;0.000;True;False
405.187;RECOVERY_REBASELINE;3;0;;380.000;380.000;;0.000;-113.229;False;0.000;False;0.000;True;False
405.312;RECOVERY_REBASELINE;3;0;;380.000;380.000;;0.000;-105.208;False;0.000;False;0.000;True;False
405.437;RECOVERY_REBASELINE;3;0;;380.000;380.000;;0.000;-97.991;False;0.000;False;0.000;True;False
405.578;RECOVERY_REBASELINE;3;0;;380.000;380.000;;0.000;-91.329;False;0.000;False;0.000;True;False
405.703;RECOVERY_REBASELINE;3;0;;380.000;380.000;;0.000;-85.335;False;0.000;False;0.000;True;False
405.828;RECOVERY_REBASELINE;3;0;;370.000;380.000;;0.000;-79.921;False;0.000;False;0.000;True;False
405.953;RECOVERY_REBASELINE;3;0;;370.000;380.000;;0.000;-75.012;False;0.000;False;0.000;True;False
406.078;RECOVERY_REBASELINE;3;0;;380.000;380.000;;0.000;-70.547;False;0.000;False;0.000;True;False
406.219;RECOVERY_REBASELINE;3;0;;380.000;380.000;;0.000;-66.394;False;0.000;False;0.000;True;False
406.344;RECOVERY_REBASELINE;3;0;;370.000;380.000;;0.000;-62.610;False;0.000;False;0.000;True;False
406.469;RECOVERY_REBASELINE;3;0;;380.000;380.000;;0.000;-59.150;False;0.000;False;0.000;True;False
406.594;RECOVERY_REBASELINE;3;0;;380.000;380.000;;0.000;-55.977;False;0.000;False;0.000;True;False
406.703;RECOVERY_REBASELINE;3;0;;380.000;380.000;;0.000;-53.108;False;0.000;False;0.000;True;False
406.844;RECOVERY_REBASELINE;3;0;;380.000;380.000;;0.000;-50.409;False;0.000;False;0.000;True;False
406.969;RECOVERY_REBASELINE;3;0;;380.000;380.000;;0.000;-47.915;False;0.000;False;0.000;True;False
407.078;RECOVERY_REBASELINE;3;0;;380.000;380.000;;0.000;-45.642;False;0.000;False;0.000;True;False
407.203;RECOVERY_REBASELINE;3;0;;380.000;380.000;;0.000;-43.525;False;0.000;False;0.000;True;False
407.312;RECOVERY_REBASELINE;3;0;;370.000;380.000;;0.000;-41.581;False;0.000;False;0.000;True;False
407.437;RECOVERY_REBASELINE;3;0;;370.000;380.000;;0.000;-39.761;False;0.000;False;0.000;True;False
407.578;RECOVERY_REBASELINE;3;0;;380.000;380.000;;0.000;-38.030;False;0.000;False;0.000;True;False
407.719;RECOVERY_REBASELINE;3;0;;370.000;380.000;;0.000;-36.386;False;0.000;False;0.000;True;False
407.844;RECOVERY_REBASELINE;3;0;;370.000;380.000;;0.000;-34.848;False;0.000;False;0.000;True;False
407.969;RECOVERY_REBASELINE;3;0;;360.000;370.000;;0.000;-33.630;False;0.000;False;0.000;True;False
408.094;RECOVERY_REBASELINE;3;0;;380.000;370.000;;0.000;-32.472;False;0.000;False;0.000;True;False
408.219;RECOVERY_REBASELINE;3;0;;370.000;370.000;;0.000;-31.371;False;0.000;False;0.000;True;False
408.344;RECOVERY_REBASELINE;3;0;;370.000;370.000;;0.000;-30.324;False;0.000;False;0.000;True;False
408.469;RECOVERY_REBASELINE;3;0;;370.000;370.000;;0.000;-29.327;False;0.000;False;0.000;True;False
408.594;RECOVERY_REBASELINE;3;0;;380.000;370.000;;0.000;-28.377;False;0.000;False;0.000;True;False
408.734;RECOVERY_REBASELINE;3;0;;370.000;370.000;;0.000;-27.461;False;0.000;False;0.000;True;False
408.859;RECOVERY_REBASELINE;3;0;;370.000;370.000;;0.000;-26.588;False;0.000;False;0.000;True;False
408.984;RECOVERY_REBASELINE;3;0;;370.000;370.000;;0.000;-25.755;False;0.000;False;0.000;True;False
409.109;RECOVERY_REBASELINE;3;0;;370.000;370.000;;0.000;-24.962;False;0.000;False;0.000;True;False
409.234;RECOVERY_REBASELINE;3;0;;370.000;370.000;;0.000;-24.204;False;0.000;False;0.000;True;False
409.359;RECOVERY_REBASELINE;3;0;;370.000;370.000;;0.000;-23.480;False;0.000;False;0.000;True;False
409.484;RECOVERY_REBASELINE;3;0;;370.000;370.000;;0.000;-22.788;False;0.000;False;0.000;True;False
409.625;RECOVERY_REBASELINE;3;0;;380.000;370.000;;0.000;-22.118;False;0.000;False;0.000;True;False
409.750;RECOVERY_REBASELINE;3;0;;370.000;370.000;;0.000;-21.478;False;0.000;False;0.000;True;False
409.875;RECOVERY_REBASELINE;3;0;;370.000;370.000;;0.000;-20.866;False;0.000;False;0.000;True;False
410.015;RECOVERY_REBASELINE;3;0;;380.000;370.000;;0.000;-20.274;False;0.000;False;0.000;True;False
410.140;RECOVERY_REBASELINE;3;0;;370.000;370.000;;0.000;-19.707;False;0.000;False;0.000;True;False
410.265;RECOVERY_REBASELINE;3;0;;380.000;370.000;;0.000;-19.164;False;0.000;False;0.000;True;False
410.390;RECOVERY_REBASELINE;3;0;;360.000;370.000;;0.000;-18.644;False;0.000;False;0.000;True;False
410.515;RECOVERY_REBASELINE;3;0;;380.000;370.000;;0.000;-18.145;False;0.000;False;0.000;True;False
410.625;RECOVERY_REBASELINE;3;0;;380.000;380.000;;5.139;-17.567;False;0.000;False;0.000;True;False
410.765;RECOVERY_REBASELINE;3;0;;380.000;380.000;;11.244;-17.011;False;0.000;False;0.000;True;False
410.890;RECOVERY_REBASELINE;3;0;;370.000;380.000;;14.261;-16.481;False;0.000;False;0.000;True;False
411.015;RECOVERY_REBASELINE;3;0;;370.000;380.000;;13.295;-15.977;False;0.000;False;0.000;True;False
411.125;RECOVERY_REBASELINE;3;0;;370.000;370.000;;8.109;-15.592;False;0.000;False;0.000;True;False
411.250;RECOVERY_REBASELINE;3;0;;380.000;380.000;;8.138;-15.131;False;0.000;False;0.000;True;False
411.375;RECOVERY_REBASELINE;3;0;;380.000;380.000;;6.800;-14.689;False;0.000;False;0.000;True;False
411.515;RECOVERY_REBASELINE;3;0;;370.000;380.000;;4.064;-14.264;False;0.000;False;0.000;True;False
411.640;RECOVERY_REBASELINE;3;0;;370.000;370.000;;0.000;-13.941;False;0.000;False;0.000;True;False
411.765;RECOVERY_REBASELINE;3;0;;370.000;370.000;;0.000;-13.628;False;0.000;False;0.000;True;False
411.890;RECOVERY_REBASELINE;3;0;;370.000;370.000;;0.000;-13.326;False;0.000;False;0.000;True;False
412.015;RECOVERY_REBASELINE;3;0;;370.000;370.000;;0.000;-13.034;False;0.000;False;0.000;True;False
412.156;RECOVERY_REBASELINE;3;0;;370.000;370.000;;0.000;-12.749;False;0.000;False;0.000;True;False
412.297;RECOVERY_REBASELINE;3;0;;360.000;370.000;;0.000;-12.471;False;0.000;False;0.000;True;False
412.422;RECOVERY_REBASELINE;3;0;;370.000;370.000;;0.000;-12.202;False;0.000;False;0.000;True;False
412.547;RECOVERY_REBASELINE;3;0;;370.000;370.000;;0.000;-11.942;False;0.000;False;0.000;True;False
412.672;RECOVERY_REBASELINE;3;0;;370.000;370.000;;0.000;-11.690;False;0.000;False;0.000;True;False
412.797;RECOVERY_REBASELINE;3;0;;380.000;370.000;;0.000;-11.446;False;0.000;False;0.000;True;False
412.937;RECOVERY_REBASELINE;3;0;;380.000;370.000;;0.000;-11.208;False;0.000;False;0.000;True;False
413.062;RECOVERY_REBASELINE;3;0;;370.000;370.000;;0.000;-10.978;False;0.000;False;0.000;True;False
413.187;RECOVERY_REBASELINE;3;0;;370.000;370.000;;0.000;-10.755;False;0.000;False;0.000;True;False
413.312;RECOVERY_REBASELINE;3;0;;360.000;370.000;;0.000;-10.539;False;0.000;False;0.000;True;False
413.437;RECOVERY_REBASELINE;3;0;;360.000;370.000;;0.000;-10.329;False;0.000;False;0.000;True;False
413.578;RECOVERY_REBASELINE;3;0;;370.000;370.000;;0.000;-10.124;False;0.000;False;0.000;True;False
413.703;RECOVERY_REBASELINE;3;0;;360.000;370.000;;0.000;-9.926;False;0.000;False;0.000;True;False
413.828;RECOVERY_REBASELINE;3;0;;370.000;370.000;;0.000;-9.733;False;0.000;False;0.000;True;False
413.953;RECOVERY_REBASELINE;3;0;;380.000;370.000;;0.000;-9.547;False;0.000;False;0.000;True;False
414.078;RECOVERY_REBASELINE;3;0;;370.000;370.000;;0.000;-9.365;False;0.000;False;0.000;True;False
414.203;RECOVERY_REBASELINE;3;0;;370.000;370.000;;0.000;-9.189;False;0.000;False;0.000;True;False
414.344;RECOVERY_REBASELINE;3;0;;360.000;370.000;;0.000;-9.017;False;0.000;False;0.000;True;False
414.469;RECOVERY_REBASELINE;3;0;;370.000;370.000;;0.000;-8.849;False;0.000;False;0.000;True;False
414.594;RECOVERY_REBASELINE;3;0;;380.000;370.000;;0.000;-8.687;False;0.000;False;0.000;True;False
414.703;RECOVERY_REBASELINE;3;0;;380.000;370.000;;0.000;-8.530;False;0.000;False;0.000;True;False
414.828;RECOVERY_REBASELINE;3;0;;380.000;370.000;;0.000;-8.377;False;0.000;False;0.000;True;False
414.953;RECOVERY_REBASELINE;3;0;;370.000;370.000;;0.000;-8.229;False;0.000;False;0.000;True;False
415.094;RECOVERY_REBASELINE;3;0;;380.000;370.000;;0.000;-8.083;False;0.000;False;0.000;True;False
415.219;RECOVERY_REBASELINE;3;0;;380.000;380.000;;6.815;-7.897;False;0.000;False;0.000;True;False
415.328;RECOVERY_REBASELINE;3;0;;370.000;380.000;;9.470;-7.719;False;0.000;False;0.000;True;False
415.453;RECOVERY_REBASELINE;3;0;;370.000;380.000;;12.143;-7.546;False;0.000;False;0.000;True;False
415.578;RECOVERY_REBASELINE;3;0;;370.000;380.000;;13.441;-7.379;False;0.000;False;0.000;True;False
415.719;RECOVERY_REBASELINE;3;0;;380.000;380.000;;14.176;-7.217;False;0.000;False;0.000;True;False
415.844;RECOVERY_REBASELINE;3;0;;360.000;370.000;;4.581;-7.100;False;0.000;False;0.000;True;False
415.969;RECOVERY_REBASELINE;3;0;;370.000;370.000;;0.000;-6.986;False;0.000;False;0.000;True;False
416.094;RECOVERY_REBASELINE;3;0;;370.000;370.000;;0.000;-6.875;False;0.000;False;0.000;True;False
416.219;RECOVERY_REBASELINE;3;0;;370.000;370.000;;0.000;-6.766;False;0.000;False;0.000;True;False
416.344;RECOVERY_REBASELINE;3;0;;370.000;370.000;;0.000;-6.660;False;0.000;False;0.000;True;False
416.469;RECOVERY_REBASELINE;3;0;;380.000;370.000;;0.000;-6.557;False;0.000;False;0.000;True;False
416.594;RECOVERY_REBASELINE;3;0;;370.000;370.000;;0.000;-6.456;False;0.000;False;0.000;True;False
416.719;RECOVERY_REBASELINE;3;0;;370.000;370.000;;0.000;-6.357;False;0.000;False;0.000;True;False
416.844;RECOVERY_REBASELINE;3;0;;370.000;370.000;;0.000;-6.260;False;0.000;False;0.000;True;False
416.969;RECOVERY_REBASELINE;3;0;;360.000;370.000;;0.000;-6.166;False;0.000;False;0.000;True;False
417.078;RECOVERY_REBASELINE;3;0;;360.000;370.000;;0.000;-6.075;False;0.000;False;0.000;True;False
417.203;RECOVERY_REBASELINE;3;0;;360.000;370.000;;0.000;-5.985;False;0.000;False;0.000;True;False
417.328;RECOVERY_REBASELINE;3;0;;380.000;370.000;;0.000;-5.897;False;0.000;False;0.000;True;False
417.453;RECOVERY_REBASELINE;3;0;;370.000;370.000;;0.000;-5.812;False;0.000;False;0.000;True;False
417.562;RECOVERY_REBASELINE;3;0;;380.000;370.000;;0.000;-5.728;False;0.000;False;0.000;True;False
417.672;RECOVERY_REBASELINE;3;0;;370.000;370.000;;0.000;-5.647;False;0.000;False;0.000;True;False
417.797;RECOVERY_REBASELINE;3;0;;380.000;370.000;;0.000;-5.567;False;0.000;False;0.000;True;False
417.922;RECOVERY_REBASELINE;3;0;;370.000;370.000;;0.000;-5.489;False;0.000;False;0.000;True;False
418.047;RECOVERY_REBASELINE;3;0;;370.000;370.000;;0.000;-5.413;False;0.000;False;0.000;True;False
418.172;RECOVERY_REBASELINE;3;0;;370.000;370.000;;0.000;-5.338;False;0.000;False;0.000;True;False
418.297;RECOVERY_REBASELINE;3;0;;370.000;370.000;;0.000;-5.265;False;0.000;False;0.000;True;False
418.406;RECOVERY_REBASELINE;3;0;;370.000;370.000;;0.000;-5.193;False;0.000;False;0.000;True;False
418.531;RECOVERY_REBASELINE;3;0;;380.000;370.000;;0.000;-5.123;False;0.000;False;0.000;True;False
418.672;RECOVERY_REBASELINE;3;0;;370.000;370.000;;0.000;-5.054;False;0.000;False;0.000;True;False
418.812;RECOVERY_REBASELINE;3;0;;380.000;370.000;;0.000;-4.986;False;0.000;False;0.000;True;False
418.937;RECOVERY_REBASELINE;3;0;;380.000;370.000;;0.000;-4.920;False;0.000;False;0.000;True;False
419.062;RECOVERY_REBASELINE;3;0;;370.000;370.000;;0.000;-4.854;False;0.000;False;0.000;True;False
419.187;RECOVERY_REBASELINE;3;0;;370.000;370.000;;0.000;-4.790;False;0.000;False;0.000;True;False
419.312;RECOVERY_REBASELINE;3;0;;370.000;370.000;;0.000;-4.727;False;0.000;False;0.000;True;False
419.422;RECOVERY_REBASELINE;3;0;;380.000;370.000;;0.000;-4.666;False;0.000;False;0.000;True;False
419.547;RECOVERY_REBASELINE;3;0;;380.000;380.000;;6.614;-4.581;False;0.000;False;0.000;True;False
419.672;RECOVERY_REBASELINE;3;0;;370.000;370.000;;3.989;-4.523;False;0.000;False;0.000;True;False
419.797;RECOVERY_REBASELINE;3;0;;380.000;380.000;;8.144;-4.442;False;0.000;False;0.000;True;False
419.922;RECOVERY_REBASELINE;3;0;;370.000;370.000;;5.404;-4.386;False;0.000;False;0.000;True;False
420.047;RECOVERY_REBASELINE;3;0;;370.000;370.000;;2.654;-4.332;False;0.000;False;0.000;True;False
420.187;RECOVERY_REBASELINE;3;0;;370.000;370.000;;0.000;-4.278;False;0.000;False;0.000;True;False
420.328;RECOVERY_REBASELINE;3;0;;370.000;370.000;;0.000;-4.225;False;0.000;False;0.000;True;False
420.437;RECOVERY_REBASELINE;3;0;;370.000;370.000;;0.000;-4.173;False;0.000;False;0.000;True;False
420.562;RECOVERY_REBASELINE;3;0;;370.000;370.000;;0.000;-4.122;False;0.000;False;0.000;True;False
420.687;RECOVERY_REBASELINE;3;0;;380.000;370.000;;0.000;-4.072;False;0.000;False;0.000;True;False
420.828;RECOVERY_REBASELINE;3;0;;370.000;370.000;;0.000;-4.023;False;0.000;False;0.000;True;False
420.953;RECOVERY_REBASELINE;3;0;;370.000;370.000;;0.000;-3.975;False;0.000;False;0.000;True;False
421.078;RECOVERY_REBASELINE;3;0;;380.000;370.000;;0.000;-3.927;False;0.000;False;0.000;True;False
421.203;RECOVERY_REBASELINE;3;0;;390.000;370.000;;0.000;-3.880;False;0.000;False;0.000;True;False
421.328;RECOVERY_REBASELINE;3;0;;370.000;370.000;;0.000;-3.835;False;0.000;False;0.000;True;False
421.437;RECOVERY_REBASELINE;3;0;;380.000;370.000;;0.000;-3.790;False;0.000;False;0.000;True;False
421.578;RECOVERY_REBASELINE;3;0;;370.000;370.000;;0.000;-3.745;False;0.000;False;0.000;True;False
421.703;RECOVERY_REBASELINE;3;0;;380.000;380.000;;6.757;-3.682;False;0.000;False;0.000;True;False
421.828;RECOVERY_REBASELINE;3;0;;370.000;370.000;;4.035;-3.640;False;0.000;False;0.000;True;False
421.969;RECOVERY_REBASELINE;3;0;;380.000;380.000;;9.528;-3.579;False;0.000;False;0.000;True;False
422.094;RECOVERY_REBASELINE;3;0;;370.000;380.000;;12.205;-3.520;False;0.000;False;0.000;True;False
422.234;RECOVERY_REBASELINE;3;0;;370.000;370.000;;6.357;-3.480;False;0.000;False;0.000;True;False
422.375;RECOVERY_REBASELINE;3;0;;380.000;370.000;;0.799;-2.724;False;0.000;False;0.000;True;False
422.500;RECOVERY_REBASELINE;3;0;;370.000;370.000;;0.000;-1.977;False;0.000;False;0.000;True;False
422.640;RECOVERY_REBASELINE;3;0;;370.000;370.000;;0.000;-1.221;False;0.000;False;0.000;True;False
422.765;RECOVERY_REBASELINE;3;0;;380.000;370.000;;0.000;-0.493;False;0.000;False;0.000;True;False
422.890;RECOVERY_REBASELINE;3;0;;370.000;370.000;;0.000;-0.488;False;0.000;False;0.000;True;False
423.047;RECOVERY_REBASELINE;3;0;;370.000;370.000;;0.000;-0.483;False;0.000;False;0.000;True;False
423.172;RECOVERY_REBASELINE;3;0;;360.000;370.000;;0.000;-0.477;False;0.000;False;0.000;True;False
423.297;RECOVERY_REBASELINE;3;0;;370.000;370.000;;0.000;-0.471;False;0.000;False;0.000;True;False
423.422;RECOVERY_REBASELINE;3;0;;370.000;370.000;;0.000;-0.465;False;0.000;False;0.000;True;False
423.547;RECOVERY_REBASELINE;3;0;;360.000;370.000;;0.000;-0.458;False;0.000;False;0.000;True;False
423.687;RECOVERY_REBASELINE;3;0;;370.000;370.000;;0.000;-0.452;False;0.000;False;0.000;True;False
423.812;RECOVERY_REBASELINE;3;0;;370.000;370.000;;0.000;-0.445;False;0.000;False;0.000;True;False
423.937;RECOVERY_REBASELINE;3;0;;380.000;370.000;;0.000;-0.437;False;0.000;False;0.000;True;False
424.062;RECOVERY_REBASELINE;3;0;;370.000;370.000;;0.000;-0.430;False;0.000;False;0.000;True;False
424.203;RECOVERY_REBASELINE;3;0;;380.000;370.000;;0.000;-0.422;False;0.000;False;0.000;True;False
424.344;RECOVERY_REBASELINE;3;0;;370.000;370.000;;0.000;-0.409;False;0.000;False;0.000;True;False
424.469;RECOVERY_REBASELINE;3;0;;370.000;370.000;;0.000;-0.400;False;0.000;False;0.000;True;False
424.594;RECOVERY_REBASELINE;3;0;;370.000;370.000;;0.000;-0.392;False;0.000;False;0.000;True;False
424.719;RECOVERY_REBASELINE;3;0;;370.000;370.000;;0.000;-0.383;False;0.000;False;0.000;True;False
424.844;RECOVERY_REBASELINE;3;0;;370.000;370.000;;0.000;-0.374;False;0.000;False;0.000;True;False
424.969;RECOVERY_REBASELINE;3;0;;370.000;370.000;;0.000;-0.365;False;0.000;False;0.000;True;False
425.109;RECOVERY_REBASELINE;3;0;;360.000;370.000;;0.000;-0.355;False;0.000;False;0.000;True;False
425.234;RECOVERY_REBASELINE;3;0;;360.000;370.000;;0.000;-0.345;False;0.000;False;0.000;True;False
425.375;RECOVERY_REBASELINE;3;0;;360.000;370.000;;0.000;-0.335;False;0.000;False;0.000;True;False
425.500;RECOVERY_REBASELINE;3;0;;370.000;370.000;;0.000;-0.325;False;0.000;False;0.000;True;False
425.625;RECOVERY_REBASELINE;3;0;;360.000;370.000;;0.000;-0.314;False;0.000;False;0.000;True;False
425.765;RECOVERY_REBASELINE;3;0;;370.000;370.000;;0.000;-0.304;False;0.000;False;0.000;True;False
425.890;RECOVERY_REBASELINE;3;0;;370.000;370.000;;0.000;-0.293;False;0.000;False;0.000;True;False
426.015;RECOVERY_REBASELINE;3;0;;380.000;370.000;;0.000;-0.281;False;0.000;False;0.000;True;False
426.140;RECOVERY_REBASELINE;3;0;;380.000;370.000;;0.000;-0.270;False;0.000;False;0.000;True;False
426.281;RECOVERY_REBASELINE;3;0;;370.000;370.000;;0.000;-0.258;False;0.000;False;0.000;True;False
426.390;RECOVERY_REBASELINE;3;0;;370.000;370.000;;0.000;-0.246;False;0.000;False;0.000;True;False
426.531;RECOVERY_REBASELINE;3;0;;370.000;370.000;;0.000;-0.234;False;0.000;False;0.000;True;False
426.656;RECOVERY_REBASELINE;3;0;;370.000;370.000;;0.000;-0.222;False;0.000;False;0.000;True;False
426.781;RECOVERY_REBASELINE;3;0;;370.000;370.000;;0.000;-0.209;False;0.000;False;0.000;True;False
426.906;RECOVERY_REBASELINE;3;0;;360.000;370.000;;0.000;-0.196;False;0.000;False;0.000;True;False
427.031;RECOVERY_REBASELINE;3;0;;360.000;370.000;;0.000;-0.183;False;0.000;False;0.000;True;False
427.156;RECOVERY_REBASELINE;3;0;;360.000;370.000;;0.000;-0.170;False;0.000;False;0.000;True;False
427.281;RECOVERY_REBASELINE;3;0;;360.000;370.000;;0.000;-0.156;False;0.000;False;0.000;True;False
427.406;RECOVERY_REBASELINE;3;0;;370.000;370.000;;0.000;-0.142;False;0.000;False;0.000;True;False
427.531;RECOVERY_REBASELINE;3;0;;370.000;370.000;;0.000;-0.128;False;0.000;False;0.000;True;False
427.656;RECOVERY_REBASELINE;3;0;;360.000;360.000;;0.000;-0.133;False;0.000;False;0.000;True;False
427.797;RECOVERY_REBASELINE;3;0;;360.000;360.000;;0.000;-0.137;False;0.000;False;0.000;True;False
427.922;RECOVERY_REBASELINE;3;0;;360.000;360.000;;0.000;-0.141;False;0.000;False;0.000;True;False
428.047;RECOVERY_REBASELINE;3;0;;360.000;360.000;;0.000;-0.163;False;0.000;False;0.000;True;False
428.172;RECOVERY_REBASELINE;3;0;;360.000;360.000;;0.000;-0.185;False;0.000;False;0.000;True;False
428.312;RECOVERY_REBASELINE;3;0;;360.000;360.000;;0.000;-0.207;False;0.000;False;0.000;True;False
428.422;RECOVERY_REBASELINE;3;0;;360.000;360.000;;0.000;-0.228;False;0.000;False;0.000;True;False
428.547;RECOVERY_REBASELINE;3;0;;360.000;360.000;;0.000;-0.250;False;0.000;False;0.000;True;False
428.672;RECOVERY_REBASELINE;3;0;;350.000;360.000;;0.000;-0.271;False;0.000;False;0.000;True;False
428.797;RECOVERY_REBASELINE;3;0;;360.000;360.000;;0.000;-0.291;False;0.000;False;0.000;True;False
428.937;RECOVERY_REBASELINE;3;0;;360.000;360.000;;0.000;-0.312;False;0.000;False;0.000;True;False
429.062;RECOVERY_REBASELINE;3;0;;350.000;360.000;;0.000;-0.332;False;0.000;False;0.000;True;False
429.187;RECOVERY_REBASELINE;3;0;;360.000;360.000;;0.000;-0.352;False;0.000;False;0.000;True;False
429.312;RECOVERY_REBASELINE;3;0;;360.000;360.000;;0.000;-0.372;False;0.000;False;0.000;True;False
429.437;RECOVERY_REBASELINE;3;0;;360.000;360.000;;0.000;-0.391;False;0.000;False;0.000;True;False
429.594;RECOVERY_REBASELINE;3;0;;360.000;360.000;;0.000;-0.411;False;0.000;False;0.000;True;False
429.719;RECOVERY_REBASELINE;3;0;;350.000;360.000;;0.000;-0.430;False;0.000;False;0.000;True;False
429.844;RECOVERY_REBASELINE;3;0;;360.000;360.000;;0.000;-0.449;False;0.000;False;0.000;True;False
429.969;RECOVERY_REBASELINE;3;0;;360.000;360.000;;0.000;-0.467;False;0.000;False;0.000;True;False
430.094;RECOVERY_REBASELINE;3;0;;360.000;360.000;;0.000;-0.485;False;0.000;False;0.000;True;False
430.234;RECOVERY_REBASELINE;3;0;;360.000;360.000;;0.000;-0.503;False;0.000;False;0.000;True;False
430.359;RECOVERY_REBASELINE;3;0;;360.000;360.000;;0.000;-0.521;False;0.000;False;0.000;True;False
430.484;RECOVERY_REBASELINE;3;0;;350.000;360.000;;0.000;-0.539;False;0.000;False;0.000;True;False
430.609;RECOVERY_REBASELINE;3;0;;360.000;360.000;;0.000;-0.556;False;0.000;False;0.000;True;False
430.734;RECOVERY_REBASELINE;3;0;;360.000;360.000;;0.000;-0.554;False;0.000;False;0.000;True;False
430.859;RECOVERY_REBASELINE;3;0;;360.000;360.000;;0.000;-0.552;False;0.000;False;0.000;True;False
430.984;RECOVERY_REBASELINE;3;0;;350.000;360.000;;0.000;-0.549;False;0.000;False;0.000;True;False
431.125;RECOVERY_REBASELINE;3;0;;350.000;360.000;;0.000;-0.545;False;0.000;False;0.000;True;False
431.250;RECOVERY_REBASELINE;3;0;;360.000;360.000;;0.000;-0.560;False;0.000;False;0.000;True;False
431.375;RECOVERY_REBASELINE;3;0;;360.000;360.000;;0.000;-0.556;False;0.000;False;0.000;True;False
431.500;RECOVERY_REBASELINE;3;0;;360.000;360.000;;0.000;-0.552;False;0.000;False;0.000;True;False
431.625;RECOVERY_REBASELINE;3;0;;350.000;360.000;;0.000;-0.547;False;0.000;False;0.000;True;False
431.765;RECOVERY_REBASELINE;3;0;;350.000;360.000;;0.000;-0.560;False;0.000;False;0.000;True;False
431.890;RECOVERY_REBASELINE;3;0;;360.000;360.000;;0.000;-0.573;False;0.000;False;0.000;True;False
432.015;RECOVERY_REBASELINE;3;0;;350.000;350.000;;0.000;-0.605;False;0.000;False;0.000;True;False
432.140;RECOVERY_REBASELINE;3;0;;350.000;350.000;;0.000;-0.636;False;0.000;False;0.000;True;False
432.265;RECOVERY_REBASELINE;3;0;;360.000;360.000;;0.000;-0.648;False;0.000;False;0.000;True;False
432.390;RECOVERY_REBASELINE;3;0;;360.000;360.000;;0.000;-0.660;False;0.000;False;0.000;True;False
451.469;ACQUIRE;4;11800;370.000;350.000;350.000;-20.000;0.000;;False;0.000;False;0.000;True;False
451.609;ACQUIRE;4;11800;370.000;360.000;350.000;-20.000;0.000;;True;150.000;True;150.000;True;False
451.734;ACQUIRE;4;11800;370.000;340.000;350.000;-20.000;0.000;;True;300.000;True;150.000;True;False
451.859;ACQUIRE;4;11800;370.000;340.000;350.000;-20.000;0.000;;True;450.000;True;450.000;True;False
452.000;ACQUIRE;4;11800;370.000;340.000;350.000;-20.000;0.000;;True;600.000;True;450.000;True;False
452.125;ACQUIRE;4;11800;370.000;350.000;350.000;-20.000;0.000;;True;750.000;True;600.000;True;False
452.265;ACQUIRE;4;11800;370.000;350.000;350.000;-20.000;0.000;;True;900.000;True;900.000;True;False
452.390;ACQUIRE;4;11800;370.000;360.000;350.000;-20.000;0.000;;True;1050.000;True;900.000;True;False
452.515;ACQUIRE;4;11800;370.000;350.000;350.000;-20.000;0.000;;True;1200.000;True;1050.000;True;False
452.640;ACQUIRE;4;11800;370.000;350.000;350.000;-20.000;0.000;;True;1200.000;True;1200.000;True;False
452.781;ACQUIRE;4;11800;370.000;350.000;350.000;-20.000;0.000;;True;1350.000;True;1350.000;True;False
452.906;ACQUIRE;4;11800;370.000;350.000;350.000;-20.000;0.000;;True;1500.000;True;1500.000;True;False
453.031;ACQUIRE;4;11800;370.000;340.000;350.000;-20.000;0.000;;True;1650.000;True;1650.000;True;False
453.156;ACQUIRE;4;11800;370.000;328.000;350.000;-20.000;0.000;;True;1800.000;True;1650.000;True;False
453.281;ACQUIRE;4;11800;370.000;340.000;350.000;-20.000;0.000;;True;1950.000;True;1950.000;True;False
453.422;ACQUIRE;4;11800;370.000;350.000;350.000;-20.000;0.000;;True;2100.000;True;1950.000;True;False
453.547;ACQUIRE;4;11800;370.000;350.000;350.000;-20.000;0.000;;True;2250.000;True;2100.000;True;False
453.672;ACQUIRE;4;11800;370.000;328.000;350.000;-20.000;0.000;;True;2400.000;True;2400.000;True;False
453.797;ACQUIRE;4;11800;370.000;318.000;340.000;-30.000;0.000;;True;2550.000;True;2400.000;True;False
453.922;ACQUIRE;4;11800;370.000;328.000;340.000;-30.000;0.000;;True;2700.000;True;2550.000;True;False
454.062;ACQUIRE;4;11800;370.000;318.000;328.000;-42.000;0.000;;True;2850.000;True;2700.000;True;False
454.187;ACQUIRE;4;11800;370.000;308.000;328.000;-42.000;0.000;;True;3000.000;True;2850.000;True;False
454.312;ACQUIRE;4;11800;370.000;308.000;328.000;-42.000;0.000;;True;3000.000;True;3000.000;True;False
454.437;ACQUIRE;4;11800;370.000;318.000;318.000;-52.000;0.000;;True;3150.000;True;3150.000;True;False
454.562;ACQUIRE;4;11800;370.000;318.000;318.000;-52.000;0.000;;True;3300.000;True;3300.000;True;False
454.687;ACQUIRE;4;11800;370.000;308.000;318.000;-52.000;0.000;;True;3450.000;True;3450.000;True;False
454.844;ACQUIRE;4;11800;370.000;308.000;318.000;-52.000;0.000;;True;3600.000;True;3450.000;True;False
454.969;ACQUIRE;4;11800;370.000;298.000;308.000;-62.000;0.000;;True;3750.000;True;3750.000;True;False
455.109;ACQUIRE;4;11800;370.000;308.000;308.000;-62.000;0.000;;True;3900.000;True;3900.000;True;False
455.234;ACQUIRE;4;11800;370.000;318.000;308.000;-62.000;0.000;;True;4050.000;True;3900.000;True;False
455.359;ACQUIRE;4;11800;370.000;298.000;308.000;-62.000;0.000;;True;4200.000;True;4200.000;True;False
455.500;ACQUIRE;4;11800;370.000;308.000;308.000;-62.000;0.000;;True;4350.000;True;4200.000;True;False
455.625;ACQUIRE;4;11800;370.000;308.000;308.000;-62.000;0.000;;True;4350.000;True;4350.000;True;False
455.750;ACQUIRE;4;11800;370.000;308.000;308.000;-62.000;0.000;;True;4500.000;True;4500.000;True;False
455.875;ACQUIRE;4;11800;370.000;308.000;308.000;-62.000;0.000;;True;4650.000;True;4650.000;True;False
456.000;ACQUIRE;4;11800;370.000;186.000;308.000;-62.000;0.000;;True;4800.000;True;4800.000;True;False
456.125;ACQUIRE;4;11800;370.000;186.000;308.000;-62.000;0.000;;True;4950.000;True;4800.000;True;False
456.265;ACQUIRE;4;11800;370.000;186.000;308.000;-62.000;0.000;;True;5100.000;True;4950.000;True;False
456.390;ACQUIRE;4;11800;370.000;217.000;298.000;-72.000;0.000;;True;5250.000;True;5250.000;True;False
456.500;ACQUIRE;4;11800;370.000;217.000;217.000;-153.000;0.000;;True;5400.000;True;5250.000;True;False
456.625;ACQUIRE;4;11800;370.000;217.000;217.000;-153.000;0.000;;True;5400.000;True;5400.000;True;False
456.750;ACQUIRE;4;11800;370.000;227.000;217.000;-153.000;0.000;;True;5550.000;True;5550.000;True;False
456.890;ACQUIRE;4;11800;370.000;247.000;217.000;-153.000;0.000;;True;5700.000;True;5700.000;True;False
457.015;ACQUIRE;4;11800;370.000;247.000;217.000;-153.000;0.000;;True;5850.000;True;5850.000;True;False
457.140;ACQUIRE;4;11800;370.000;227.000;217.000;-153.000;0.000;;True;6000.000;True;5850.000;True;False
457.250;ACQUIRE;4;11800;370.000;237.000;227.000;-143.000;0.000;;True;6150.000;True;6000.000;True;False
457.375;ACQUIRE;4;11800;370.000;237.000;227.000;-143.000;0.000;;True;6300.000;True;6150.000;True;False
457.515;ACQUIRE;4;11800;370.000;207.000;227.000;-143.000;14.002;;True;6300.000;True;6300.000;True;False
457.640;ACQUIRE;4;11800;370.000;217.000;227.000;-143.000;14.986;;True;6450.000;True;6450.000;True;False
457.781;ACQUIRE;4;11800;370.000;207.000;227.000;-143.000;13.895;;True;6600.000;True;6600.000;True;False
457.906;ACQUIRE;4;11800;370.000;227.000;227.000;-143.000;10.897;;True;6750.000;True;6750.000;True;False
458.031;ACQUIRE;4;11800;370.000;237.000;227.000;-143.000;6.260;;True;6900.000;True;6900.000;True;False
458.156;ACQUIRE;4;11800;370.000;257.000;227.000;-143.000;0.000;;True;7050.000;True;7050.000;True;False
458.265;ACQUIRE;4;11800;370.000;278.000;237.000;-133.000;6.285;;True;7200.000;True;7200.000;True;False
458.390;ACQUIRE;4;11800;370.000;298.000;237.000;-133.000;11.176;;True;7350.000;True;7350.000;True;False
458.531;ACQUIRE;4;11800;370.000;298.000;237.000;-133.000;14.105;;True;7500.000;True;7350.000;True;False
458.656;ACQUIRE;4;11800;370.000;308.000;257.000;-113.000;28.784;;True;7650.000;True;7500.000;True;False
458.781;ACQUIRE;4;11800;370.000;318.000;278.000;-92.000;43.447;;True;7800.000;True;7800.000;True;False
458.890;ACQUIRE;4;11800;370.000;328.000;298.000;-72.000;66.565;;True;7950.000;True;7950.000;True;False
459.000;ACQUIRE;4;11800;370.000;318.000;298.000;-72.000;80.921;;True;8100.000;True;7950.000;True;False
459.125;ACQUIRE;4;11800;370.000;318.000;308.000;-62.000;91.083;;True;8250.000;True;8100.000;True;False
459.265;ACQUIRE;4;11800;370.000;298.000;308.000;-62.000;89.044;;True;8400.000;True;8250.000;True;False
459.390;ACQUIRE;4;11800;370.000;308.000;308.000;-62.000;83.658;;True;8400.000;True;8400.000;True;False
459.515;ACQUIRE;4;11800;370.000;308.000;308.000;-62.000;68.344;;True;8550.000;True;8550.000;True;False
459.640;ACQUIRE;4;11800;370.000;308.000;308.000;-62.000;43.071;;True;8700.000;True;8700.000;True;False
459.765;ACQUIRE;4;11800;370.000;318.000;318.000;-52.000;27.702;;True;8850.000;True;8850.000;True;False
459.890;ACQUIRE;4;11800;370.000;298.000;308.000;-62.000;13.189;;True;9000.000;True;9000.000;True;False
460.031;ACQUIRE;4;11800;370.000;298.000;308.000;-62.000;2.740;;True;9150.000;True;9000.000;True;False
460.156;ACQUIRE;4;11800;370.000;308.000;308.000;-62.000;0.859;;True;9300.000;True;9150.000;True;False
460.281;ACQUIRE;4;11800;370.000;298.000;308.000;-62.000;0.000;;True;9450.000;True;9450.000;True;False
460.406;ACQUIRE;4;11800;370.000;298.000;308.000;-62.000;0.000;;True;9600.000;True;9450.000;True;False
460.531;ACQUIRE;4;11800;370.000;298.000;298.000;-72.000;0.000;;True;9600.000;True;9600.000;True;False
460.656;ACQUIRE;4;11800;370.000;298.000;298.000;-72.000;0.000;;True;9750.000;True;9750.000;True;False
460.797;ACQUIRE;4;11800;370.000;257.000;298.000;-72.000;0.000;;True;9900.000;True;9900.000;True;False
460.922;ACQUIRE;4;11800;370.000;267.000;298.000;-72.000;0.000;;True;10050.000;True;10050.000;True;False
461.047;ACQUIRE;4;11800;370.000;267.000;298.000;-72.000;0.000;;True;10200.000;True;10050.000;True;False
461.172;ACQUIRE;4;11800;370.000;278.000;298.000;-72.000;0.000;;True;10350.000;True;10350.000;True;False
461.297;ACQUIRE;4;11800;370.000;278.000;278.000;-92.000;0.000;;True;10500.000;True;10350.000;True;False
461.437;ACQUIRE;4;11800;370.000;278.000;278.000;-92.000;0.000;;True;10650.000;True;10500.000;True;False
461.562;ACQUIRE;4;11800;370.000;288.000;278.000;-92.000;0.000;;True;10800.000;True;10650.000;True;False
461.687;ACQUIRE;4;11800;370.000;298.000;278.000;-92.000;0.000;;True;10800.000;True;10800.000;True;False
461.812;ACQUIRE;4;11800;370.000;298.000;278.000;-92.000;0.000;;True;10950.000;True;10950.000;True;False
461.937;ACQUIRE;4;11800;370.000;298.000;278.000;-92.000;0.000;;True;11100.000;True;11100.000;True;False
462.078;ACQUIRE;4;11800;370.000;298.000;288.000;-82.000;0.000;;True;11250.000;True;11250.000;True;False
462.203;ACQUIRE;4;11800;370.000;308.000;298.000;-72.000;17.709;;True;11400.000;True;11400.000;True;False
462.328;ACQUIRE;4;11800;370.000;308.000;298.000;-72.000;25.301;;True;11550.000;True;11400.000;True;False
462.453;ACQUIRE;4;11800;370.000;308.000;298.000;-72.000;28.943;;True;11700.000;True;11550.000;True;False
462.562;ACQUIRE;4;11800;370.000;318.000;298.000;-72.000;26.485;;True;11800.000;True;11800.000;True;False
462.687;ACQUIRE;4;11800;370.000;318.000;308.000;-62.000;30.671;;True;11800.000;True;11800.000;True;False
462.828;ACQUIRE;4;11800;370.000;328.000;308.000;-62.000;29.745;;True;11800.000;True;11800.000;True;False
462.953;ACQUIRE;4;11800;370.000;318.000;308.000;-62.000;21.075;;True;11800.000;True;11800.000;True;False
463.078;ACQUIRE;4;11800;370.000;308.000;308.000;-62.000;18.682;;True;11800.000;True;11800.000;True;False
463.094;HOLD;4;11800;370.000;318.000;318.000;-52.000;19.106;;True;11800.000;True;11800.000;True;False
463.234;HOLD;4;11800;370.000;340.000;318.000;-52.000;22.652;;True;11800.000;True;11800.000;True;False
463.359;HOLD;4;11800;370.000;328.000;318.000;-52.000;23.205;;True;11800.000;True;11800.000;True;False
463.500;HOLD;4;11800;370.000;340.000;318.000;-52.000;20.075;;True;11800.000;True;11800.000;True;False
463.625;HOLD;4;11800;370.000;340.000;328.000;-42.000;20.047;;True;11800.000;True;11800.000;True;False
463.750;HOLD;4;11800;370.000;370.000;328.000;-42.000;22.819;;True;11800.000;True;11800.000;True;False
463.875;HOLD;4;11800;370.000;370.000;340.000;-30.000;29.061;;True;11800.000;True;11800.000;True;False
464.015;HOLD;4;11800;370.000;380.000;340.000;-30.000;29.833;;True;11800.000;True;11800.000;True;False
464.140;HOLD;4;11800;370.000;370.000;340.000;-30.000;30.277;;True;11800.000;True;11800.000;True;False
464.265;HOLD;4;11800;370.000;380.000;370.000;0.000;48.004;;True;11800.000;True;11800.000;True;False
464.390;HOLD;4;11800;370.000;380.000;370.000;0.000;56.677;;True;11800.000;True;11800.000;True;False
464.515;HOLD;4;11800;370.000;380.000;370.000;0.000;55.281;;True;11800.000;True;11800.000;True;False
464.656;HOLD;4;11800;370.000;370.000;370.000;0.000;52.058;;True;11800.000;True;11800.000;True;False
464.781;HOLD;4;11800;370.000;380.000;380.000;10.000;47.949;;True;11800.000;True;11800.000;True;False
464.906;HOLD;4;11800;370.000;380.000;380.000;10.000;44.501;;True;11800.000;True;11800.000;True;False
465.031;HOLD;4;11800;370.000;370.000;380.000;10.000;33.364;;True;11800.000;True;11800.000;True;False
465.156;HOLD;4;11800;370.000;380.000;380.000;10.000;14.911;;True;11800.000;True;11800.000;True;False
465.297;HOLD;4;11800;370.000;360.000;380.000;10.000;13.864;;True;11800.000;True;11800.000;True;False
465.422;HOLD;4;11800;370.000;451.000;380.000;10.000;11.079;;True;11800.000;True;11800.000;True;False
465.547;HOLD;4;11800;370.000;461.000;380.000;10.000;6.458;;True;11800.000;True;11800.000;True;False
465.672;HOLD;4;11800;370.000;461.000;380.000;10.000;0.000;;True;11800.000;True;11800.000;True;False
465.812;HOLD;4;11800;370.000;482.000;380.000;10.000;0.000;;True;11800.000;True;11800.000;True;False
465.937;HOLD;4;11800;370.000;492.000;451.000;81.000;45.680;;True;11800.000;True;11800.000;True;False
466.062;HOLD;4;11800;370.000;502.000;461.000;91.000;84.888;;True;11800.000;True;11800.000;True;False
466.187;HOLD;4;11800;370.000;502.000;461.000;91.000;110.398;;True;11800.000;True;11800.000;True;False
466.312;HOLD;4;11800;370.000;502.000;482.000;112.000;133.539;;True;11800.000;True;11800.000;True;False
466.437;HOLD;4;11800;370.000;502.000;492.000;122.000;144.847;;True;11800.000;True;11800.000;True;False
466.562;HOLD;4;11800;370.000;502.000;502.000;132.000;142.262;;True;11800.000;True;11800.000;True;False
466.687;HOLD;4;11800;370.000;482.000;502.000;132.000;116.476;;True;11800.000;True;11800.000;True;False
466.812;HOLD;4;11800;370.000;471.000;502.000;132.000;100.533;;True;11800.000;True;11800.000;True;False
466.937;HOLD;4;11800;370.000;471.000;502.000;132.000;57.200;;True;11800.000;True;11800.000;True;False
467.062;HOLD;4;11800;370.000;461.000;502.000;132.000;44.933;;True;11800.000;True;11800.000;True;False
467.187;HOLD;4;11800;370.000;461.000;482.000;112.000;21.867;;True;11800.000;True;11800.000;True;False
467.328;HOLD;4;11800;370.000;471.000;471.000;101.000;0.000;;True;11800.000;True;11800.000;True;False
467.453;HOLD;4;11800;370.000;471.000;471.000;101.000;0.000;;True;11800.000;True;11800.000;True;False
467.578;HOLD;4;11800;370.000;451.000;471.000;101.000;0.000;;True;11800.000;True;11800.000;True;False
467.703;HOLD;4;11800;370.000;461.000;471.000;101.000;0.000;;True;11800.000;True;11800.000;True;False
467.844;HOLD;4;11800;370.000;471.000;471.000;101.000;0.000;;True;11800.000;True;11800.000;True;False
467.969;HOLD;4;11800;370.000;482.000;471.000;101.000;0.000;;True;11800.000;True;11800.000;True;False
468.109;HOLD;4;11800;370.000;482.000;471.000;101.000;0.000;;True;11800.000;True;11800.000;True;False
468.234;HOLD;4;11800;370.000;502.000;471.000;101.000;0.000;;True;11800.000;True;11800.000;True;False
468.359;HOLD;4;11800;370.000;492.000;471.000;101.000;0.000;;True;11800.000;True;11800.000;True;False
468.484;HOLD;4;11800;370.000;502.000;482.000;112.000;6.941;;True;11800.000;True;11800.000;True;False
468.625;HOLD;4;11800;370.000;502.000;482.000;112.000;11.978;;True;11800.000;True;11800.000;True;False
468.765;HOLD;4;11800;370.000;492.000;492.000;122.000;21.495;;True;11800.000;True;11800.000;True;False
468.890;HOLD;4;11800;370.000;492.000;492.000;122.000;26.906;;True;11800.000;True;11800.000;True;False
469.015;HOLD;4;11800;370.000;471.000;492.000;122.000;28.771;;True;11800.000;True;11800.000;True;False
469.140;HOLD;4;11800;370.000;471.000;492.000;122.000;26.710;;True;11800.000;True;11800.000;True;False
469.281;HOLD;4;11800;370.000;390.000;492.000;122.000;20.690;;True;11800.000;True;11800.000;True;False
469.422;HOLD;4;11800;370.000;400.000;492.000;122.000;10.863;;True;11800.000;True;11800.000;True;False
469.531;HOLD;4;11800;370.000;380.000;471.000;101.000;0.000;;True;11800.000;True;11800.000;True;False
469.672;HOLD;4;11800;370.000;370.000;471.000;101.000;0.000;;True;11800.000;True;11800.000;True;False
469.797;HOLD;4;11800;370.000;360.000;400.000;30.000;0.000;;True;11800.000;True;11800.000;True;False
469.922;HOLD;4;11800;370.000;360.000;390.000;20.000;0.000;;True;11800.000;True;11800.000;True;False
470.047;HOLD;4;11800;370.000;350.000;380.000;10.000;0.000;;True;11800.000;True;11800.000;True;False
470.187;HOLD;4;11800;370.000;370.000;370.000;0.000;0.000;;True;11800.000;True;11800.000;True;False
470.297;HOLD;4;11800;370.000;360.000;370.000;0.000;0.000;;True;11800.000;True;11800.000;True;False
470.422;HOLD;4;11800;370.000;360.000;360.000;-10.000;0.000;;True;11800.000;True;11800.000;True;False
470.547;HOLD;4;11800;370.000;340.000;360.000;-10.000;0.000;;True;11800.000;True;11800.000;True;False
470.640;HOLD;4;11800;370.000;328.000;360.000;-10.000;0.000;;True;11800.000;True;11800.000;True;False
470.765;HOLD;4;11800;370.000;318.000;360.000;-10.000;0.000;;True;11800.000;True;11800.000;True;False
470.906;HOLD;4;11800;370.000;298.000;350.000;-20.000;0.000;;True;11800.000;True;11800.000;True;False
471.031;HOLD;4;11800;370.000;308.000;340.000;-30.000;0.000;;True;11800.000;True;11800.000;True;False
471.156;HOLD;4;11800;370.000;308.000;328.000;-42.000;0.000;;True;11800.000;True;11800.000;True;False
471.281;HOLD;4;11800;370.000;288.000;318.000;-52.000;0.000;;True;11800.000;True;11800.000;True;False
471.406;HOLD;4;11800;370.000;288.000;308.000;-62.000;0.000;;True;11800.000;True;11800.000;True;False
471.531;HOLD;4;11800;370.000;298.000;308.000;-62.000;0.000;;True;11800.000;True;11800.000;True;False
471.656;HOLD;4;11800;370.000;278.000;298.000;-72.000;0.000;;True;11800.000;True;11800.000;True;False
471.781;HOLD;4;11800;370.000;298.000;298.000;-72.000;0.000;;True;11800.000;True;11800.000;True;False
471.906;HOLD;4;11800;370.000;350.000;298.000;-72.000;0.000;;True;11800.000;True;11800.000;True;False
472.047;HOLD;4;11800;370.000;360.000;298.000;-72.000;0.000;;True;11800.000;True;11800.000;True;False
472.187;HOLD;4;11800;370.000;370.000;298.000;-72.000;0.000;;True;11800.000;True;11800.000;True;False
472.328;HOLD;4;11800;370.000;370.000;298.000;-72.000;0.000;;True;11800.000;True;11800.000;True;False
472.453;HOLD;4;11800;370.000;370.000;350.000;-20.000;26.531;;True;11800.000;True;11800.000;True;False
472.594;HOLD;4;11800;370.000;370.000;360.000;-10.000;61.228;;True;11800.000;True;11800.000;True;False
472.719;HOLD;4;11800;370.000;390.000;370.000;0.000;84.916;;True;11800.000;True;11800.000;True;False
472.844;HOLD;4;11800;370.000;421.000;370.000;0.000;97.339;;True;11800.000;True;11800.000;True;False
472.984;HOLD;4;11800;370.000;411.000;370.000;0.000;97.574;;True;11800.000;True;11800.000;True;False
473.109;HOLD;4;11800;370.000;482.000;370.000;0.000;84.753;;True;11800.000;True;11800.000;True;False
473.234;HOLD;4;11800;370.000;328.000;370.000;0.000;58.154;;True;11800.000;True;11800.000;True;False
473.359;HOLD;4;11800;370.000;350.000;370.000;0.000;17.628;;True;11800.000;True;11800.000;True;False
473.484;HOLD;4;11800;370.000;360.000;370.000;0.000;6.526;;True;11800.000;True;11800.000;True;False
473.609;HOLD;4;11800;370.000;350.000;370.000;0.000;0.000;;True;11800.000;True;11800.000;True;False
473.734;HOLD;4;11800;370.000;340.000;360.000;-10.000;0.000;;True;11800.000;True;11800.000;True;False
473.859;HOLD;4;11800;370.000;340.000;350.000;-20.000;0.000;;True;11800.000;True;11800.000;True;False
473.984;HOLD;4;11800;370.000;370.000;350.000;-20.000;0.000;;True;11800.000;True;11800.000;True;False
474.109;HOLD;4;11800;370.000;390.000;350.000;-20.000;0.000;;True;11800.000;True;11800.000;True;False
474.234;HOLD;4;11800;370.000;411.000;350.000;-20.000;0.000;;True;11800.000;True;11800.000;True;False
474.375;HOLD;4;11800;370.000;421.000;360.000;-10.000;0.000;;True;11800.000;True;11800.000;True;False
474.500;HOLD;4;11800;370.000;451.000;370.000;0.000;0.353;;True;11800.000;True;11800.000;True;False
474.625;HOLD;4;11800;370.000;421.000;390.000;20.000;31.876;;True;11800.000;True;11800.000;True;False
474.750;HOLD;4;11800;370.000;431.000;411.000;41.000;64.769;;True;11800.000;True;11800.000;True;False
474.875;HOLD;4;11800;370.000;461.000;421.000;51.000;86.587;;True;11800.000;True;11800.000;True;False
475.015;HOLD;4;11800;370.000;461.000;421.000;51.000;94.669;;True;11800.000;True;11800.000;True;False
475.140;HOLD;4;11800;370.000;482.000;431.000;61.000;96.672;;True;11800.000;True;11800.000;True;False
475.265;HOLD;4;11800;370.000;471.000;451.000;81.000;97.179;;True;11800.000;True;11800.000;True;False
475.390;HOLD;4;11800;370.000;492.000;461.000;91.000;93.076;;True;11800.000;True;11800.000;True;False
475.515;HOLD;4;11800;370.000;502.000;461.000;91.000;78.851;;True;11800.000;True;11800.000;True;False
475.640;HOLD;4;11800;370.000;512.000;471.000;101.000;71.051;;True;11800.000;True;11800.000;True;False
475.765;HOLD;4;11800;370.000;532.000;482.000;112.000;73.175;;True;11800.000;True;11800.000;True;False
475.906;HOLD;4;11800;370.000;543.000;492.000;122.000;76.486;;True;11800.000;True;11800.000;True;False
476.031;HOLD;4;11800;370.000;553.000;502.000;132.000;72.488;;True;11800.000;True;11800.000;True;False
476.156;HOLD;4;11800;370.000;522.000;512.000;142.000;68.592;;True;11800.000;True;11800.000;True;False
476.281;HOLD;4;11800;370.000;451.000;512.000;142.000;66.542;;True;11800.000;True;11800.000;True;False
476.406;HOLD;4;11800;370.000;451.000;512.000;142.000;61.764;;True;11800.000;True;11800.000;True;False
476.547;HOLD;4;11800;370.000;431.000;512.000;142.000;46.938;;True;11800.000;True;11800.000;True;False
476.687;HOLD;4;11800;370.000;390.000;512.000;142.000;30.989;;True;11800.000;True;11800.000;True;False
476.812;HOLD;4;11800;370.000;390.000;451.000;81.000;0.000;;True;11800.000;True;11800.000;True;False
476.937;HOLD;4;11800;370.000;411.000;451.000;81.000;0.000;;True;11800.000;True;11800.000;True;False
477.062;HOLD;4;11800;370.000;421.000;431.000;61.000;0.000;;True;11800.000;True;11800.000;True;False
477.203;HOLD;4;11800;370.000;451.000;431.000;61.000;0.000;;True;11800.000;True;11800.000;True;False
477.328;HOLD;4;11800;370.000;461.000;431.000;61.000;0.000;;True;11800.000;True;11800.000;True;False
477.469;HOLD;4;11800;370.000;451.000;431.000;61.000;0.000;;True;11800.000;True;11800.000;True;False
477.594;HOLD;4;11800;370.000;502.000;431.000;61.000;0.000;;True;11800.000;True;11800.000;True;False
477.687;HOLD;4;11800;370.000;522.000;451.000;81.000;0.000;;True;11800.000;True;11800.000;True;False
477.812;HOLD;4;11800;370.000;553.000;451.000;81.000;0.000;;True;11800.000;True;11800.000;True;False
477.953;HOLD;4;11800;370.000;543.000;461.000;91.000;34.516;;True;11800.000;True;11800.000;True;False
478.078;HOLD;4;11800;370.000;532.000;502.000;132.000;69.857;;True;11800.000;True;11800.000;True;False
478.187;HOLD;4;11800;370.000;645.000;522.000;152.000;88.714;;True;11800.000;True;11800.000;True;False
478.312;HOLD;4;11800;370.000;655.000;532.000;162.000;112.967;;True;11800.000;True;11800.000;True;False
478.437;HOLD;4;11800;370.000;635.000;543.000;173.000;129.498;;True;11800.000;True;11800.000;True;False
478.578;HOLD;4;11800;370.000;625.000;553.000;183.000;132.708;;True;11800.000;True;11800.000;True;False
478.703;HOLD;4;11800;370.000;563.000;563.000;193.000;129.837;;True;11800.000;True;11800.000;True;False
478.828;HOLD;4;11800;370.000;532.000;563.000;193.000;105.729;;True;11800.000;True;11800.000;True;False
478.953;HOLD;4;11800;370.000;482.000;563.000;193.000;91.376;;True;11800.000;True;11800.000;True;False
479.078;HOLD;4;11800;370.000;635.000;625.000;255.000;91.536;;True;11800.000;True;11800.000;True;False
479.203;HOLD;4;11800;370.000;635.000;635.000;265.000;108.238;;True;11800.000;True;11800.000;True;False
479.344;HOLD;4;11800;370.000;645.000;635.000;265.000;115.328;;True;11800.000;True;11800.000;True;False
479.469;HOLD;4;11800;370.000;655.000;635.000;265.000;113.103;;True;11800.000;True;11800.000;True;False
479.594;HOLD;4;11800;370.000;655.000;635.000;265.000;101.177;;True;11800.000;True;11800.000;True;False
479.719;HOLD;4;11800;370.000;645.000;635.000;265.000;82.913;;True;11800.000;True;11800.000;True;False
479.844;HOLD;4;11800;370.000;655.000;645.000;275.000;58.072;;True;11800.000;True;11800.000;True;False
479.969;HOLD;4;11800;370.000;615.000;645.000;275.000;17.741;;True;11800.000;True;11800.000;True;False
480.125;HOLD;4;11800;370.000;573.000;645.000;275.000;13.784;;True;11800.000;True;11800.000;True;False
480.265;HOLD;4;11800;370.000;573.000;645.000;275.000;14.460;;True;11800.000;True;11800.000;True;False
480.375;HOLD;4;11800;370.000;583.000;645.000;275.000;13.465;;True;11800.000;True;11800.000;True;False
480.500;HOLD;4;11800;370.000;645.000;645.000;275.000;10.802;;True;11800.000;True;11800.000;True;False
480.625;HOLD;4;11800;370.000;665.000;645.000;275.000;6.384;;True;11800.000;True;11800.000;True;False
480.765;HOLD;4;11800;370.000;706.000;645.000;275.000;0.000;;True;11800.000;True;11800.000;True;False
480.890;HOLD;4;11800;370.000;757.000;645.000;275.000;0.000;;True;11800.000;True;11800.000;True;False
481.015;HOLD;4;11800;370.000;787.000;645.000;275.000;0.000;;True;11800.000;True;11800.000;True;False
481.140;HOLD;4;11800;370.000;757.000;665.000;295.000;13.158;;True;11800.000;True;11800.000;True;False
481.281;HOLD;4;11800;370.000;747.000;706.000;336.000;48.923;;True;11800.000;True;11800.000;True;False
481.406;HOLD;4;11800;370.000;675.000;706.000;336.000;73.065;;True;11800.000;True;11800.000;True;False
481.531;HOLD;4;11800;370.000;645.000;706.000;336.000;86.440;;True;11800.000;True;11800.000;True;False
481.656;HOLD;4;11800;370.000;645.000;706.000;336.000;89.352;;True;11800.000;True;11800.000;True;False
481.781;HOLD;4;11800;370.000;665.000;706.000;336.000;80.188;;True;11800.000;True;11800.000;True;False
481.906;HOLD;4;11800;370.000;696.000;696.000;326.000;53.346;;True;11800.000;True;11800.000;True;False
482.047;HOLD;4;11800;370.000;726.000;696.000;326.000;15.967;;True;11800.000;True;11800.000;True;False
482.172;HOLD;4;11800;370.000;757.000;696.000;326.000;0.000;;True;11800.000;True;11800.000;True;False
482.297;HOLD;4;11800;370.000;807.000;696.000;326.000;0.000;;True;11800.000;True;11800.000;True;False
482.437;HOLD;4;11800;370.000;797.000;696.000;326.000;0.000;;True;11800.000;True;11800.000;True;False
482.562;HOLD;4;11800;370.000;787.000;726.000;356.000;8.265;;True;11800.000;True;11800.000;True;False
482.687;HOLD;4;11800;370.000;797.000;757.000;387.000;46.126;;True;11800.000;True;11800.000;True;False
482.812;HOLD;4;11800;370.000;787.000;787.000;417.000;94.456;;True;11800.000;True;11800.000;True;False
482.922;HOLD;4;11800;370.000;787.000;787.000;417.000;122.443;;True;11800.000;True;11800.000;True;False
483.031;HOLD;4;11800;370.000;797.000;787.000;417.000;117.743;;True;11800.000;True;11800.000;True;False
483.156;HOLD;4;11800;370.000;787.000;787.000;417.000;120.004;;True;11800.000;True;11800.000;True;False
483.281;HOLD;4;11800;370.000;716.000;787.000;417.000;109.304;;True;11800.000;True;11800.000;True;False
483.406;HOLD;4;11800;370.000;706.000;787.000;417.000;84.769;;True;11800.000;True;11800.000;True;False
483.547;HOLD;4;11800;370.000;696.000;787.000;417.000;45.601;;True;11800.000;True;11800.000;True;False
483.687;HOLD;4;11800;370.000;858.000;787.000;417.000;15.748;;True;11800.000;True;11800.000;True;False
483.812;HOLD;4;11800;370.000;828.000;787.000;417.000;0.000;;True;11800.000;True;11800.000;True;False
483.937;HOLD;4;11800;370.000;848.000;787.000;417.000;0.000;;True;11800.000;True;11800.000;True;False
484.062;HOLD;4;11800;370.000;818.000;797.000;427.000;6.282;;True;11800.000;True;11800.000;True;False
484.203;HOLD;4;11800;370.000;757.000;787.000;417.000;4.420;;True;11800.000;True;11800.000;True;False
484.328;HOLD;4;11800;370.000;716.000;757.000;387.000;0.000;;True;11800.000;True;11800.000;True;False
484.453;HOLD;4;11800;370.000;686.000;757.000;387.000;0.000;;True;11800.000;True;11800.000;True;False
484.578;HOLD;4;11800;370.000;675.000;757.000;387.000;0.000;;True;11800.000;True;11800.000;True;False
484.703;HOLD;4;11800;370.000;665.000;757.000;387.000;0.000;;True;11800.000;True;11800.000;True;False
484.812;HOLD;4;11800;370.000;635.000;716.000;346.000;0.000;;True;11800.000;True;11800.000;True;False
484.953;HOLD;4;11800;370.000;593.000;686.000;316.000;0.000;;True;11800.000;True;11800.000;True;False
485.078;HOLD;4;11800;370.000;553.000;675.000;305.000;0.000;;True;11800.000;True;11800.000;True;False
485.203;HOLD;4;11800;370.000;492.000;665.000;295.000;0.000;;True;11800.000;True;11800.000;True;False
485.328;HOLD;4;11800;370.000;512.000;635.000;265.000;0.000;;True;11800.000;True;11800.000;True;False
485.453;HOLD;4;11800;370.000;593.000;593.000;223.000;0.000;;True;11800.000;True;11800.000;True;False
485.578;HOLD;4;11800;370.000;675.000;593.000;223.000;0.000;;True;11800.000;True;11800.000;True;False
485.719;HOLD;4;11800;370.000;726.000;593.000;223.000;0.000;;True;11800.000;True;11800.000;True;False
485.844;HOLD;4;11800;370.000;726.000;593.000;223.000;0.000;;True;11800.000;True;11800.000;True;False
485.969;HOLD;4;11800;370.000;747.000;593.000;223.000;0.000;;True;11800.000;True;11800.000;True;False
486.125;HOLD;4;11800;370.000;807.000;675.000;305.000;0.000;;True;11800.000;True;11800.000;True;False
486.265;HOLD;4;11800;370.000;807.000;726.000;356.000;96.708;;True;11800.000;True;11800.000;True;False
486.390;HOLD;4;11800;370.000;807.000;726.000;356.000;164.516;;True;11800.000;True;11800.000;True;False
