elapsed_s;active_elapsed_s;gw_nivel;median9_raw;positive_median_rate_raw_per_s;gw_enable;gw_dac;gw_applied_enable;gw_applied_dac;gw_watchdog_healthy;plc_nivel;plc_enable;plc_dac;plc_applied_enable;plc_applied_dac;plc_watchdog_healthy;plc_watchdog_tripped
1.172000;-1.000000;125.0;125.000000;0.000000;False;0.0;False;0.0;True;125.0;False;0.0;False;0.0;True;False
1.297000;-1.000000;125.0;125.000000;0.000000;False;0.0;False;0.0;True;115.0;False;0.0;False;0.0;True;False
1.422000;-1.000000;115.0;125.000000;0.000000;False;0.0;False;0.0;True;125.0;False;0.0;False;0.0;True;False
1.547000;-1.000000;125.0;125.000000;0.000000;False;0.0;False;0.0;True;115.0;False;0.0;False;0.0;True;False
1.672000;-1.000000;115.0;125.000000;0.000000;False;0.0;False;0.0;True;115.0;False;0.0;False;0.0;True;False
1.797000;-1.000000;115.0;125.000000;0.000000;False;0.0;False;0.0;True;115.0;False;0.0;False;0.0;True;False
1.922000;-1.000000;115.0;115.000000;0.000000;False;0.0;False;0.0;True;136.0;False;0.0;False;0.0;True;False
2.031000;-1.000000;115.0;115.000000;0.000000;False;0.0;False;0.0;True;115.0;False;0.0;False;0.0;True;False
2.156000;-1.000000;125.0;115.000000;0.000000;False;0.0;False;0.0;True;125.0;False;0.0;False;0.0;True;False
2.281000;-1.000000;125.0;115.000000;0.000000;False;0.0;False;0.0;True;125.0;False;0.0;False;0.0;True;False
2.406000;-1.000000;125.0;115.000000;0.000000;False;0.0;False;0.0;True;115.0;False;0.0;False;0.0;True;False
2.531000;-1.000000;125.0;125.000000;0.000000;False;0.0;False;0.0;True;125.0;False;0.0;False;0.0;True;False
2.656000;-1.000000;125.0;125.000000;0.000000;False;0.0;False;0.0;True;125.0;False;0.0;False;0.0;True;False
2.781000;-1.000000;125.0;125.000000;0.000000;False;0.0;False;0.0;True;125.0;False;0.0;False;0.0;True;False
2.906000;-1.000000;125.0;125.000000;0.000000;False;0.0;False;0.0;True;115.0;False;0.0;False;0.0;True;False
3.031000;-1.000000;115.0;125.000000;0.000000;False;0.0;False;0.0;True;125.0;False;0.0;False;0.0;True;False
3.156000;-1.000000;125.0;125.000000;0.000000;False;0.0;False;0.0;True;125.0;False;0.0;False;0.0;True;False
3.281000;-1.000000;125.0;125.000000;0.000000;False;0.0;False;0.0;True;115.0;False;0.0;False;0.0;True;False
3.406000;-1.000000;115.0;125.000000;0.000000;False;0.0;False;0.0;True;125.0;False;0.0;False;0.0;True;False
3.531000;-1.000000;125.0;125.000000;0.000000;False;0.0;False;0.0;True;115.0;False;0.0;False;0.0;True;False
3.656000;-1.000000;115.0;125.000000;0.000000;False;0.0;False;0.0;True;115.0;False;0.0;False;0.0;True;False
3.781000;-1.000000;115.0;125.000000;0.000000;False;0.0;False;0.0;True;115.0;False;0.0;False;0.0;True;False
3.937000;-1.000000;115.0;115.000000;0.000000;False;0.0;False;0.0;True;115.0;False;0.0;False;0.0;True;False
4.047000;-1.000000;125.0;115.000000;0.000000;False;0.0;False;0.0;True;115.0;False;0.0;False;0.0;True;False
4.156000;-1.000000;115.0;115.000000;0.000000;False;0.0;False;0.0;True;125.0;False;0.0;False;0.0;True;False
4.266000;-1.000000;125.0;115.000000;0.000000;False;0.0;False;0.0;True;115.0;False;0.0;False;0.0;True;False
4.375000;-1.000000;115.0;115.000000;0.000000;False;0.0;False;0.0;True;125.0;False;0.0;False;0.0;True;False
4.484000;-1.000000;115.0;115.000000;0.000000;False;0.0;False;0.0;True;115.0;False;0.0;False;0.0;True;False
4.594000;-1.000000;115.0;115.000000;0.000000;False;0.0;False;0.0;True;125.0;False;0.0;False;0.0;True;False
4.719000;-1.000000;125.0;115.000000;0.000000;False;0.0;False;0.0;True;115.0;False;0.0;False;0.0;True;False
4.828000;-1.000000;115.0;115.000000;0.000000;False;0.0;False;0.0;True;115.0;False;0.0;False;0.0;True;False
4.937000;-1.000000;115.0;115.000000;0.000000;False;0.0;False;0.0;True;115.0;False;0.0;False;0.0;True;False
5.047000;-1.000000;115.0;115.000000;0.000000;False;0.0;False;0.0;True;125.0;False;0.0;False;0.0;True;False
5.172000;-1.000000;125.0;115.000000;0.000000;False;0.0;False;0.0;True;136.0;False;0.0;False;0.0;True;False
5.297000;-1.000000;136.0;115.000000;0.000000;False;0.0;False;0.0;True;115.0;False;0.0;False;0.0;True;False
5.422000;-1.000000;115.0;115.000000;0.000000;False;0.0;False;0.0;True;125.0;False;0.0;False;0.0;True;False
5.547000;-1.000000;125.0;115.000000;0.000000;False;0.0;False;0.0;True;125.0;False;0.0;False;0.0;True;False
5.672000;-1.000000;125.0;125.000000;0.000000;False;0.0;False;0.0;True;136.0;False;0.0;False;0.0;True;False
5.812000;-1.000000;136.0;125.000000;0.000000;False;0.0;False;0.0;True;125.0;False;0.0;False;0.0;True;False
5.937000;-1.000000;125.0;125.000000;0.000000;False;0.0;False;0.0;True;136.0;False;0.0;False;0.0;True;False
6.062000;-1.000000;136.0;125.000000;0.000000;False;0.0;False;0.0;True;125.0;False;0.0;False;0.0;True;False
6.187000;-1.000000;125.0;125.000000;4.444444;False;0.0;False;0.0;True;125.0;False;0.0;False;0.0;True;False
6.312000;-1.000000;115.0;125.000000;4.415011;False;0.0;False;0.0;True;115.0;False;0.0;False;0.0;True;False
6.437000;-1.000000;125.0;125.000000;4.384042;False;0.0;False;0.0;True;125.0;False;0.0;False;0.0;True;False
6.562000;-1.000000;125.0;125.000000;4.355401;False;0.0;False;0.0;True;125.0;False;0.0;False;0.0;True;False
6.672000;-1.000000;125.0;125.000000;4.353505;False;0.0;False;0.0;True;125.0;False;0.0;False;0.0;True;False
6.797000;-1.000000;125.0;125.000000;4.323390;False;0.0;False;0.0;True;125.0;False;0.0;False;0.0;True;False
6.922000;-1.000000;136.0;125.000000;4.295533;False;0.0;False;0.0;True;136.0;False;0.0;False;0.0;True;False
7.047000;-1.000000;125.0;125.000000;4.295533;False;0.0;False;0.0;True;125.0;False;0.0;False;0.0;True;False
7.172000;-1.000000;115.0;125.000000;4.266212;False;0.0;False;0.0;True;115.0;False;0.0;False;0.0;True;False
7.297000;-1.000000;115.0;125.000000;4.237288;False;0.0;False;0.0;True;115.0;False;0.0;False;0.0;True;False
7.406000;-1.000000;115.0;125.000000;4.239084;False;0.0;False;0.0;True;125.0;False;0.0;False;0.0;True;False
7.531000;-1.000000;125.0;125.000000;4.239084;False;0.0;False;0.0;True;125.0;False;0.0;False;0.0;True;False
7.641000;-1.000000;125.0;125.000000;4.266212;False;0.0;False;0.0;True;115.0;False;0.0;False;0.0;True;False
7.750000;-1.000000;115.0;125.000000;4.295533;False;0.0;False;0.0;True;115.0;False;0.0;False;0.0;True;False
7.859000;-1.000000;115.0;115.000000;0.000000;False;0.0;False;0.0;True;115.0;False;0.0;False;0.0;True;False
7.984000;-1.000000;115.0;115.000000;0.000000;False;0.0;False;0.0;True;115.0;False;0.0;False;0.0;True;False
8.109000;-1.000000;115.0;115.000000;0.000000;False;0.0;False;0.0;True;115.0;False;0.0;False;0.0;True;False
8.219000;-1.000000;125.0;115.000000;0.000000;False;0.0;False;0.0;True;125.0;False;0.0;False;0.0;True;False
8.328000;-1.000000;125.0;115.000000;0.000000;False;0.0;False;0.0;True;115.0;False;0.0;False;0.0;True;False
8.453000;-1.000000;115.0;115.000000;0.000000;False;0.0;False;0.0;True;115.0;False;0.0;False;0.0;True;False
8.578000;-1.000000;115.0;115.000000;0.000000;False;0.0;False;0.0;True;125.0;False;0.0;False;0.0;True;False
8.687000;-1.000000;125.0;115.000000;0.000000;False;0.0;False;0.0;True;115.0;False;0.0;False;0.0;True;False
8.812000;-1.000000;115.0;115.000000;0.000000;False;0.0;False;0.0;True;115.0;False;0.0;False;0.0;True;False
8.922000;-1.000000;125.0;115.000000;0.000000;False;0.0;False;0.0;True;125.0;False;0.0;False;0.0;True;False
9.047000;-1.000000;115.0;115.000000;0.000000;False;0.0;False;0.0;True;125.0;False;0.0;False;0.0;True;False
9.172000;-1.000000;115.0;115.000000;0.000000;False;0.0;False;0.0;True;125.0;False;0.0;False;0.0;True;False
9.297000;-1.000000;125.0;115.000000;0.000000;False;0.0;False;0.0;True;125.0;False;0.0;False;0.0;True;False
9.406000;-1.000000;125.0;115.000000;0.000000;False;0.0;False;0.0;True;136.0;False;0.0;False;0.0;True;False
9.531000;-1.000000;136.0;125.000000;0.000000;False;0.0;False;0.0;True;115.0;False;0.0;False;0.0;True;False
9.672000;-1.000000;115.0;125.000000;0.000000;False;0.0;False;0.0;True;125.0;False;0.0;False;0.0;True;False
9.781000;-1.000000;125.0;125.000000;0.000000;False;0.0;False;0.0;True;115.0;False;0.0;False;0.0;True;False
9.906000;-1.000000;115.0;125.000000;0.000000;False;0.0;False;0.0;True;105.0;False;0.0;False;0.0;True;False
10.016000;-1.000000;105.0;115.000000;0.000000;False;0.0;False;0.0;True;125.0;False;0.0;False;0.0;True;False
10.156000;-1.000000;125.0;125.000000;4.353505;False;0.0;False;0.0;True;125.0;False;0.0;False;0.0;True;False
10.266000;-1.000000;125.0;125.000000;4.382121;False;0.0;False;0.0;True;125.0;False;0.0;False;0.0;True;False
10.391000;-1.000000;125.0;125.000000;4.382121;False;0.0;False;0.0;True;115.0;False;0.0;False;0.0;True;False
10.500000;-1.000000;115.0;125.000000;4.384042;False;0.0;False;0.0;True;125.0;False;0.0;False;0.0;True;False
10.625000;-1.000000;125.0;125.000000;4.353505;False;0.0;False;0.0;True;115.0;False;0.0;False;0.0;True;False
10.750000;-1.000000;115.0;125.000000;4.353505;False;0.0;False;0.0;True;105.0;False;0.0;False;0.0;True;False
10.859000;-1.000000;105.0;115.000000;0.000000;False;0.0;False;0.0;True;125.0;False;0.0;False;0.0;True;False
10.969000;-1.000000;125.0;125.000000;4.382121;False;0.0;False;0.0;True;115.0;False;0.0;False;0.0;True;False
11.094000;-1.000000;115.0;125.000000;4.382121;False;0.0;False;0.0;True;125.0;False;0.0;False;0.0;True;False
11.219000;-1.000000;125.0;125.000000;4.353505;False;0.0;False;0.0;True;125.0;False;0.0;False;0.0;True;False
11.328000;-1.000000;125.0;125.000000;4.384042;False;0.0;False;0.0;True;115.0;False;0.0;False;0.0;True;False
11.453000;-1.000000;115.0;115.000000;0.000000;False;0.0;False;0.0;True;125.0;False;0.0;False;0.0;True;False
11.578000;-1.000000;125.0;125.000000;4.384042;False;0.0;False;0.0;True;115.0;False;0.0;False;0.0;True;False
11.719000;-1.000000;115.0;115.000000;0.000000;False;0.0;False;0.0;True;125.0;False;0.0;False;0.0;True;False
11.844000;-1.000000;125.0;125.000000;0.000000;False;0.0;False;0.0;True;125.0;False;0.0;False;0.0;True;False
11.969000;-1.000000;125.0;125.000000;0.000000;False;0.0;False;0.0;True;115.0;False;0.0;False;0.0;True;False
12.094000;-1.000000;115.0;125.000000;0.000000;False;0.0;False;0.0;True;125.0;False;0.0;False;0.0;True;False
12.219000;-1.000000;125.0;125.000000;0.000000;False;0.0;False;0.0;True;125.0;False;0.0;False;0.0;True;False
12.328000;-1.000000;136.0;125.000000;4.325260;False;0.0;False;0.0;True;136.0;False;0.0;False;0.0;True;False
12.453000;-1.000000;115.0;125.000000;0.000000;False;0.0;False;0.0;True;136.0;False;0.0;False;0.0;True;False
12.578000;-1.000000;115.0;125.000000;0.000000;False;0.0;False;0.0;True;125.0;False;0.0;False;0.0;True;False
12.719000;-1.000000;125.0;125.000000;0.000000;False;0.0;False;0.0;True;125.0;False;0.0;False;0.0;True;False
12.844000;-1.000000;136.0;125.000000;0.000000;False;0.0;False;0.0;True;125.0;False;0.0;False;0.0;True;False
12.969000;-1.000000;125.0;125.000000;0.000000;False;0.0;False;0.0;True;125.0;False;0.0;False;0.0;True;False
13.094000;-1.000000;125.0;125.000000;0.000000;False;0.0;False;0.0;True;125.0;False;0.0;False;0.0;True;False
13.203000;-1.000000;125.0;125.000000;4.266212;False;0.0;False;0.0;True;115.0;False;0.0;False;0.0;True;False
13.328000;-1.000000;115.0;125.000000;0.000000;False;0.0;False;0.0;True;115.0;False;0.0;False;0.0;True;False
13.453000;-1.000000;115.0;125.000000;0.000000;False;0.0;False;0.0;True;125.0;False;0.0;False;0.0;True;False
13.578000;-1.000000;125.0;125.000000;0.000000;False;0.0;False;0.0;True;115.0;False;0.0;False;0.0;True;False
13.719000;-1.000000;115.0;125.000000;0.000000;False;0.0;False;0.0;True;115.0;False;0.0;False;0.0;True;False
13.844000;-1.000000;115.0;125.000000;4.182350;False;0.0;False;0.0;True;115.0;False;0.0;False;0.0;True;False
13.953000;-1.000000;115.0;115.000000;0.000000;False;0.0;False;0.0;True;125.0;False;0.0;False;0.0;True;False
14.047000;-1.000000;125.0;115.000000;0.000000;False;0.0;False;0.0;True;125.0;False;0.0;False;0.0;True;False
14.156000;-1.000000;125.0;115.000000;0.000000;False;0.0;False;0.0;True;125.0;False;0.0;False;0.0;True;False
14.281000;-1.000000;125.0;115.000000;0.000000;False;0.0;False;0.0;True;125.0;False;0.0;False;0.0;True;False
14.391000;-1.000000;125.0;125.000000;0.000000;False;0.0;False;0.0;True;125.0;False;0.0;False;0.0;True;False
14.531000;-1.000000;125.0;125.000000;0.000000;False;0.0;False;0.0;True;115.0;False;0.0;False;0.0;True;False
14.656000;-1.000000;115.0;125.000000;0.000000;False;0.0;False;0.0;True;115.0;False;0.0;False;0.0;True;False
14.766000;0.000000;115.0;125.000000;0.000000;True;0.0;False;0.0;True;115.0;False;0.0;False;0.0;True;False
14.875000;0.109000;115.0;125.000000;0.000000;True;0.0;False;0.0;True;115.0;True;0.0;True;0.0;True;False
15.000000;0.234000;115.0;125.000000;0.000000;True;0.0;True;0.0;True;85.0;True;0.0;True;0.0;True;False
15.109000;0.343000;75.0;115.000000;0.000000;True;0.0;True;0.0;True;75.0;True;0.0;True;0.0;True;False
15.219000;0.453000;23.0;115.000000;0.000000;True;0.0;True;0.0;True;23.0;True;0.0;True;0.0;True;False
15.344000;0.578000;-68.0;115.000000;0.000000;True;300.0;True;0.0;True;43.0;True;150.0;True;150.0;True;False
15.453000;0.687000;43.0;115.000000;0.000000;True;300.0;True;150.0;True;43.0;True;300.0;True;300.0;True;False
15.578000;0.812000;43.0;75.000000;0.000000;True;600.0;True;300.0;True;33.0;True;450.0;True;300.0;True;False
15.687000;0.921000;23.0;43.000000;0.000000;True;600.0;True;450.0;True;23.0;True;600.0;True;450.0;True;False
15.812000;1.046000;-18.0;43.000000;0.000000;True;750.0;True;600.0;True;-18.0;True;750.0;True;600.0;True;False
15.922000;1.156000;-18.0;23.000000;0.000000;True;750.0;True;600.0;True;125.0;True;750.0;True;750.0;True;False
16.047000;1.281000;125.0;23.000000;0.000000;True;1050.0;True;750.0;True;156.0;True;750.0;True;750.0;True;False
16.172000;1.406000;156.0;23.000000;0.000000;True;1050.0;True;750.0;True;146.0;True;900.0;True;900.0;True;False
16.297000;1.531000;146.0;43.000000;0.000000;True;1350.0;True;900.0;True;95.0;True;1050.0;True;1050.0;True;False
16.422000;1.656000;95.0;43.000000;0.000000;True;1350.0;True;1050.0;True;33.0;True;1200.0;True;1200.0;True;False
16.578000;1.812000;33.0;43.000000;0.000000;True;1500.0;True;1200.0;True;136.0;True;1350.0;True;1350.0;True;False
16.703000;1.937000;136.0;95.000000;0.000000;True;1650.0;True;1350.0;True;75.0;True;1500.0;True;1500.0;True;False
16.812000;2.046000;75.0;95.000000;0.000000;True;1950.0;True;1500.0;True;3.0;True;1650.0;True;1650.0;True;False
16.937000;2.171000;3.0;95.000000;0.000000;True;1950.0;True;1650.0;True;-79.0;True;1800.0;True;1800.0;True;False
17.047000;2.281000;-79.0;95.000000;0.000000;True;2100.0;True;1800.0;True;105.0;True;1950.0;True;1950.0;True;False
17.172000;2.406000;105.0;95.000000;0.000000;True;2250.0;True;1950.0;True;43.0;True;2100.0;True;2100.0;True;False
17.281000;2.515000;43.0;75.000000;0.000000;True;2400.0;True;2100.0;True;13.0;True;2250.0;True;2100.0;True;False
17.422000;2.656000;13.0;43.000000;0.000000;True;2550.0;True;2250.0;True;43.0;True;2400.0;True;2250.0;True;False
17.531000;2.765000;-18.0;33.000000;0.000000;True;2700.0;True;2400.0;True;-18.0;True;2550.0;True;2400.0;True;False
17.641000;2.875000;-48.0;13.000000;0.000000;True;2850.0;True;2550.0;True;-68.0;True;2700.0;True;2700.0;True;False
17.750000;2.984000;-68.0;3.000000;0.000000;True;3000.0;True;2700.0;True;146.0;True;2850.0;True;2850.0;True;False
17.875000;3.109000;146.0;3.000000;0.000000;True;3150.0;True;2850.0;True;3.0;True;3000.0;True;3000.0;True;False
17.984000;3.218000;-38.0;-18.000000;0.000000;True;3300.0;True;3000.0;True;-38.0;True;3150.0;True;3000.0;True;False
18.094000;3.328000;-68.0;-18.000000;0.000000;True;3300.0;True;3150.0;True;-68.0;True;3300.0;True;3150.0;True;False
18.203000;3.437000;33.0;-18.000000;0.000000;True;3600.0;True;3300.0;True;33.0;True;3450.0;True;3300.0;True;False
18.312000;3.546000;146.0;-18.000000;0.000000;True;3600.0;True;3450.0;True;146.0;True;3600.0;True;3450.0;True;False
18.422000;3.656000;3.0;-18.000000;0.000000;True;3750.0;True;3600.0;True;3.0;True;3750.0;True;3600.0;True;False
18.547000;3.781000;-18.0;-18.000000;0.000000;True;4050.0;True;3750.0;True;-58.0;True;3900.0;True;3900.0;True;False
18.656000;3.890000;-58.0;-18.000000;0.000000;True;4050.0;True;3900.0;True;3.0;True;4050.0;True;3900.0;True;False
18.766000;4.000000;-58.0;-18.000000;0.000000;True;4350.0;True;3900.0;True;-68.0;True;4050.0;True;4050.0;True;False
18.875000;4.109000;-68.0;-38.000000;0.000000;True;4350.0;True;4050.0;True;105.0;True;4200.0;True;4200.0;True;False
19.000000;4.234000;105.0;-18.000000;0.000000;True;4650.0;True;4200.0;True;156.0;True;4350.0;True;4350.0;True;False
19.109000;4.343000;156.0;3.000000;0.000000;True;4650.0;True;4350.0;True;146.0;True;4500.0;True;4500.0;True;False
19.250000;4.484000;-8.0;-8.000000;0.000000;True;4800.0;True;4500.0;True;-38.0;True;4650.0;True;4650.0;True;False
19.359000;4.593000;-38.0;-18.000000;0.000000;True;4950.0;True;4650.0;True;166.0;True;4800.0;True;4800.0;True;False
19.484000;4.718000;166.0;-18.000000;0.000000;True;5100.0;True;4800.0;True;146.0;True;4950.0;True;4950.0;True;False
19.594000;4.828000;146.0;-8.000000;0.000000;True;5250.0;True;4950.0;True;146.0;True;5100.0;True;4950.0;True;False
19.719000;4.953000;-28.0;-8.000000;0.000000;True;5400.0;True;5100.0;True;-28.0;True;5250.0;True;5100.0;True;False
19.844000;5.078000;-28.0;-8.000000;0.000000;True;5550.0;True;5100.0;True;156.0;True;5250.0;True;5250.0;True;False
19.969000;5.203000;13.0;13.000000;4.506534;True;5550.0;True;5250.0;True;-28.0;True;5400.0;True;5400.0;True;False
20.094000;5.328000;-28.0;-8.000000;0.000000;True;5700.0;True;5400.0;True;166.0;True;5550.0;True;5550.0;True;False
20.219000;5.453000;166.0;-8.000000;4.474273;True;6000.0;True;5550.0;True;156.0;True;5700.0;True;5700.0;True;False
20.344000;5.578000;156.0;13.000000;13.777778;True;6150.0;True;5700.0;True;176.0;True;5850.0;True;5850.0;True;False
20.453000;5.687000;136.0;136.000000;68.444444;True;6300.0;True;5850.0;True;13.0;True;6000.0;True;6000.0;True;False
20.578000;5.812000;13.0;13.000000;13.680494;True;6300.0;True;6000.0;True;166.0;True;6150.0;True;6150.0;True;False
20.703000;5.937000;166.0;13.000000;13.590530;True;6600.0;True;6150.0;True;156.0;True;6300.0;True;6300.0;True;False
20.828000;6.062000;156.0;136.000000;67.514248;True;6600.0;True;6300.0;True;115.0;True;6450.0;True;6450.0;True;False
20.953000;6.187000;115.0;136.000000;67.043970;True;6900.0;True;6450.0;True;146.0;True;6600.0;True;6600.0;True;False
21.062000;6.296000;146.0;146.000000;71.428571;True;6900.0;True;6600.0;True;156.0;True;6750.0;True;6750.0;True;False
21.187000;6.421000;156.0;156.000000;83.910035;True;7200.0;True;6750.0;True;146.0;True;6900.0;True;6900.0;True;False
21.312000;6.546000;156.0;156.000000;75.259516;True;7200.0;True;6900.0;True;156.0;True;7050.0;True;6900.0;True;False
21.437000;6.671000;156.0;156.000000;65.721649;True;7200.0;True;7050.0;True;156.0;True;7200.0;True;7050.0;True;False
21.562000;6.796000;115.0;156.000000;70.934256;True;7200.0;True;7200.0;True;156.0;True;7200.0;True;7200.0;True;False
21.672000;6.906000;115.0;156.000000;75.226978;True;7350.0;True;7200.0;True;156.0;True;7200.0;True;7200.0;True;False
21.781000;7.015000;156.0;156.000000;75.750980;True;7350.0;True;7200.0;True;105.0;True;7350.0;True;7350.0;True;False
21.922000;7.156000;136.0;146.000000;66.151203;True;7650.0;True;7350.0;True;136.0;True;7500.0;True;7350.0;True;False
22.047000;7.281000;85.0;146.000000;66.151203;True;7650.0;True;7500.0;True;146.0;True;7650.0;True;7650.0;True;False
22.156000;7.390000;146.0;146.000000;66.608997;True;7950.0;True;7650.0;True;136.0;True;7800.0;True;7650.0;True;False
22.281000;7.515000;85.0;136.000000;53.200692;True;8100.0;True;7800.0;True;85.0;True;7950.0;True;7800.0;True;False
22.406000;7.640000;85.0;115.000000;53.200692;True;8100.0;True;7800.0;True;136.0;True;7950.0;True;7950.0;True;False
22.531000;7.765000;136.0;115.000000;53.200692;True;8250.0;True;7950.0;True;75.0;True;8100.0;True;8100.0;True;False
22.656000;7.890000;75.0;115.000000;44.117647;True;8550.0;True;8100.0;True;75.0;True;8250.0;True;8250.0;True;False
22.781000;8.015000;75.0;85.000000;0.000000;True;8550.0;True;8250.0;True;146.0;True;8400.0;True;8400.0;True;False
22.906000;8.140000;146.0;85.000000;30.927835;True;8700.0;True;8400.0;True;166.0;True;8550.0;True;8550.0;True;False
23.047000;8.281000;166.0;85.000000;30.716724;True;8700.0;True;8550.0;True;176.0;True;8700.0;True;8700.0;True;False
23.156000;8.390000;176.0;136.000000;0.000000;True;8700.0;True;8700.0;True;75.0;True;8700.0;True;8700.0;True;False
23.266000;8.500000;75.0;85.000000;0.000000;True;9000.0;True;8700.0;True;146.0;True;8850.0;True;8850.0;True;False
23.406000;8.640000;146.0;136.000000;0.000000;True;9300.0;True;8850.0;True;136.0;True;9000.0;True;8850.0;True;False
23.516000;8.750000;85.0;136.000000;0.000000;True;9300.0;True;9000.0;True;85.0;True;9150.0;True;9000.0;True;False
23.641000;8.875000;186.0;146.000000;0.000000;True;9300.0;True;9150.0;True;166.0;True;9300.0;True;9300.0;True;False
23.766000;9.000000;166.0;146.000000;0.000000;True;9600.0;True;9300.0;True;156.0;True;9450.0;True;9450.0;True;False
23.875000;9.109000;156.0;156.000000;0.000000;True;9750.0;True;9450.0;True;115.0;True;9600.0;True;9600.0;True;False
23.984000;9.218000;156.0;156.000000;0.000000;True;9900.0;True;9600.0;True;156.0;True;9750.0;True;9600.0;True;False
24.125000;9.359000;146.0;156.000000;0.000000;True;9900.0;True;9750.0;True;146.0;True;9900.0;True;9750.0;True;False
24.234000;9.468000;85.0;146.000000;0.000000;True;10050.0;True;9900.0;True;85.0;True;10050.0;True;10050.0;True;False
24.344000;9.578000;85.0;146.000000;0.000000;True;10200.0;True;9900.0;True;186.0;True;10050.0;True;10050.0;True;False
24.453000;9.687000;166.0;156.000000;4.353505;True;10350.0;True;10050.0;True;146.0;True;10200.0;True;10200.0;True;False
24.578000;9.812000;146.0;156.000000;8.707009;True;10350.0;True;10200.0;True;125.0;True;10350.0;True;10350.0;True;False
24.703000;9.937000;125.0;146.000000;13.495864;True;10650.0;True;10350.0;True;125.0;True;10350.0;True;10350.0;True;False
24.828000;10.062000;125.0;146.000000;13.495864;True;10650.0;True;10350.0;True;186.0;True;10500.0;True;10350.0;True;False
24.953000;10.187000;166.0;146.000000;13.495864;True;10650.0;True;10500.0;True;227.0;True;10650.0;True;10650.0;True;False
25.062000;10.296000;227.0;146.000000;26.742657;True;10800.0;True;10650.0;True;75.0;True;10800.0;True;10650.0;True;False
25.187000;10.421000;166.0;146.000000;26.742657;True;10950.0;True;10800.0;True;166.0;True;10950.0;True;10800.0;True;False
25.312000;10.546000;186.0;166.000000;35.761589;True;10950.0;True;10950.0;True;186.0;True;10950.0;True;10950.0;True;False
25.422000;10.656000;95.0;166.000000;13.239188;True;11250.0;True;10950.0;True;95.0;True;11100.0;True;10950.0;True;False
25.531000;10.765000;95.0;146.000000;26.931567;True;11400.0;True;10950.0;True;166.0;True;11100.0;True;11100.0;True;False
25.656000;10.890000;166.0;166.000000;13.333333;True;11550.0;True;11100.0;True;237.0;True;11250.0;True;11250.0;True;False
25.797000;11.031000;237.0;166.000000;13.152126;True;11550.0;True;11250.0;True;288.0;True;11400.0;True;11400.0;True;False
25.906000;11.140000;288.0;166.000000;8.830022;True;11700.0;True;11400.0;True;166.0;True;11550.0;True;11550.0;True;False
26.016000;11.250000;166.0;166.000000;8.888889;True;12000.0;True;11550.0;True;186.0;True;11700.0;True;11550.0;True;False
26.125000;11.359000;125.0;166.000000;4.444444;True;12000.0;True;11700.0;True;125.0;True;11850.0;True;11850.0;True;False
26.250000;11.484000;267.0;166.000000;4.413063;True;12000.0;True;11850.0;True;298.0;True;12000.0;True;12000.0;True;False
26.359000;11.593000;298.0;166.000000;4.476276;True;12300.0;True;12000.0;True;186.0;True;12150.0;True;12150.0;True;False
26.469000;11.703000;186.0;186.000000;17.897092;True;12450.0;True;12150.0;True;176.0;True;12300.0;True;12150.0;True;False
26.578000;11.812000;156.0;186.000000;17.905103;True;12600.0;True;12300.0;True;156.0;True;12450.0;True;12300.0;True;False
26.687000;11.921000;156.0;186.000000;13.428827;True;12600.0;True;12300.0;True;186.0;True;12450.0;True;12450.0;True;False
26.797000;12.031000;186.0;186.000000;13.519603;True;12900.0;True;12450.0;True;136.0;True;12600.0;True;12600.0;True;False
26.922000;12.156000;136.0;166.000000;9.013069;True;12900.0;True;12600.0;True;217.0;True;12750.0;True;12750.0;True;False
27.062000;12.296000;217.0;186.000000;17.905103;True;13050.0;True;12750.0;True;227.0;True;13050.0;True;12900.0;True;False
27.187000;12.421000;227.0;186.000000;17.905103;True;13200.0;True;12900.0;True;85.0;True;13050.0;True;13050.0;True;False
27.312000;12.546000;85.0;186.000000;17.777778;True;13500.0;True;13050.0;True;136.0;True;13200.0;True;13200.0;True;False
27.437000;12.671000;136.0;156.000000;4.444444;True;13500.0;True;13200.0;True;288.0;True;13350.0;True;13350.0;True;False
27.547000;12.781000;217.0;156.000000;0.000000;True;13800.0;True;13350.0;True;217.0;True;13500.0;True;13500.0;True;False
27.672000;12.906000;217.0;186.000000;8.888889;True;13800.0;True;13500.0;True;105.0;True;13650.0;True;13650.0;True;False
27.797000;13.031000;105.0;186.000000;17.652251;True;13800.0;True;13650.0;True;176.0;True;13800.0;True;13800.0;True;False
27.922000;13.156000;176.0;176.000000;4.413063;True;14100.0;True;13800.0;True;328.0;True;13800.0;True;13800.0;True;False
28.047000;13.281000;380.0;217.000000;22.666667;True;14100.0;True;13800.0;True;267.0;True;13950.0;True;13950.0;True;False
28.156000;13.390000;267.0;217.000000;22.666667;True;14100.0;True;13950.0;True;380.0;True;14100.0;True;14100.0;True;False
28.266000;13.500000;380.0;217.000000;22.666667;True;14400.0;True;14100.0;True;370.0;True;14250.0;True;14250.0;True;False
28.375000;13.609000;237.0;217.000000;22.666667;True;14400.0;True;14250.0;True;237.0;True;14400.0;True;14250.0;True;False
28.516000;13.750000;390.0;237.000000;31.332745;True;14550.0;True;14400.0;True;390.0;True;14550.0;True;14400.0;True;False
28.625000;13.859000;390.0;267.000000;44.571933;True;14850.0;True;14550.0;True;390.0;True;14700.0;True;14550.0;True;False
28.734000;13.968000;615.0;380.000000;85.651214;True;14850.0;True;14700.0;True;615.0;True;14850.0;True;14850.0;True;False
28.859000;14.093000;615.0;380.000000;85.050416;True;14850.0;True;14700.0;True;522.0;True;14850.0;True;14850.0;True;False
28.984000;14.218000;635.0;390.000000;88.811493;True;15000.0;True;14850.0;True;615.0;True;15000.0;True;15000.0;True;False
29.094000;14.328000;615.0;390.000000;88.811493;True;15150.0;True;15000.0;True;625.0;True;15000.0;True;15000.0;True;False
29.219000;14.453000;625.0;615.000000;195.472355;True;15450.0;True;15000.0;True;573.0;True;15150.0;True;15150.0;True;False
29.344000;14.578000;573.0;615.000000;187.992989;True;15450.0;True;15150.0;True;675.0;True;15300.0;True;15300.0;True;False
29.453000;14.687000;818.0;615.000000;189.320388;True;15600.0;True;15300.0;True;655.0;True;15450.0;True;15450.0;True;False
29.578000;14.812000;655.0;615.000000;189.320388;True;15750.0;True;15450.0;True;807.0;True;15600.0;True;15600.0;True;False
29.687000;14.921000;807.0;625.000000;208.444444;True;15843.0;True;15600.0;True;655.0;True;15750.0;True;15750.0;True;False
29.812000;15.046000;757.0;635.000000;211.479029;True;15963.0;True;15750.0;True;757.0;True;15900.0;True;15750.0;True;False
29.922000;15.156000;686.0;655.000000;208.444444;True;15963.0;True;15900.0;True;686.0;True;15963.0;True;15900.0;True;False
30.047000;15.281000;635.0;655.000000;208.444444;True;15885.0;True;15963.0;True;716.0;True;15885.0;True;15885.0;True;False
30.156000;15.390000;635.0;655.000000;214.413608;True;15885.0;True;15963.0;True;777.0;True;15885.0;True;15885.0;True;False
30.281000;15.515000;777.0;686.000000;209.937332;True;15854.0;True;15885.0;True;858.0;True;15885.0;True;15885.0;True;False
30.406000;15.640000;858.0;757.000000;240.000000;True;15932.0;True;15885.0;True;900.0;True;15854.0;True;15854.0;True;False
30.531000;15.765000;900.0;757.000000;238.410596;True;15882.0;True;15854.0;True;868.0;True;15932.0;True;15932.0;True;False
30.656000;15.890000;868.0;777.000000;245.506357;True;15882.0;True;15932.0;True;950.0;True;15882.0;True;15882.0;True;False
30.781000;16.015000;950.0;777.000000;238.410596;True;15836.0;True;15882.0;True;940.0;True;15836.0;True;15836.0;True;False
30.906000;16.140000;940.0;858.000000;259.096887;True;15901.0;True;15836.0;True;971.0;True;15836.0;True;15836.0;True;False
31.062000;16.296000;971.0;868.000000;209.621993;True;15901.0;True;15836.0;True;1113.0;True;15901.0;True;15901.0;True;False
31.203000;16.437000;1113.0;900.000000;221.843003;True;15954.0;True;15901.0;True;1062.0;True;15901.0;True;15901.0;True;False
31.312000;16.546000;1062.0;940.000000;236.254296;True;15954.0;True;15901.0;True;1011.0;True;15954.0;True;15954.0;True;False
31.437000;16.671000;1011.0;950.000000;239.009816;True;15846.0;True;15954.0;True;1123.0;True;15954.0;True;15954.0;True;False
31.562000;16.796000;1123.0;971.000000;151.941955;True;15846.0;True;15954.0;True;1175.0;True;15846.0;True;15846.0;True;False
31.687000;16.921000;1175.0;1011.000000;169.014085;True;15891.0;True;15846.0;True;1256.0;True;15846.0;True;15846.0;True;False
31.797000;17.031000;1256.0;1062.000000;190.699659;True;15891.0;True;15846.0;True;1266.0;True;15891.0;True;15891.0;True;False
31.922000;17.156000;1266.0;1113.000000;212.457338;True;15989.0;True;15891.0;True;1378.0;True;15891.0;True;15891.0;True;False
32.031000;17.265000;1388.0;1123.000000;212.457338;True;15922.0;True;15891.0;True;1388.0;True;15989.0;True;15989.0;True;False
32.156000;17.390000;1297.0;1175.000000;230.375427;True;15922.0;True;15989.0;True;1398.0;True;15922.0;True;15922.0;True;False
32.281000;17.515000;1398.0;1256.000000;254.768970;True;15945.0;True;15922.0;True;1378.0;True;15945.0;True;15945.0;True;False
32.391000;17.625000;1378.0;1266.000000;260.665529;True;15967.0;True;15945.0;True;1480.0;True;15945.0;True;15945.0;True;False
32.531000;17.765000;1480.0;1297.000000;270.315789;True;15967.0;True;15945.0;True;1582.0;True;15967.0;True;15945.0;True;False
32.641000;17.875000;1531.0;1378.000000;293.220339;True;15890.0;True;15967.0;True;1531.0;True;15890.0;True;15890.0;True;False
32.750000;17.984000;1602.0;1388.000000;269.197952;True;15975.0;True;15890.0;True;1582.0;True;15890.0;True;15890.0;True;False
32.859000;18.093000;1582.0;1398.000000;275.343643;True;15975.0;True;15890.0;True;1582.0;True;15975.0;True;15975.0;True;False
32.969000;18.203000;1582.0;1480.000000;303.934284;True;15975.0;True;15975.0;True;1683.0;True;15975.0;True;15975.0;True;False
33.078000;18.312000;1735.0;1531.000000;328.254245;True;15975.0;True;15975.0;True;1735.0;True;15975.0;True;15975.0;True;False
33.203000;18.437000;1816.0;1582.000000;315.193731;True;15884.0;True;15975.0;True;1816.0;True;15975.0;True;15975.0;True;False
33.328000;18.562000;1816.0;1582.000000;315.092674;True;15884.0;True;15975.0;True;1816.0;True;15884.0;True;15884.0;True;False
33.453000;18.687000;1816.0;1602.000000;312.000000;True;15952.0;True;15975.0;True;1867.0;True;15884.0;True;15884.0;True;False
33.562000;18.796000;1786.0;1735.000000;353.333333;True;15952.0;True;15884.0;True;1887.0;True;15952.0;True;15952.0;True;False
33.687000;18.921000;1887.0;1786.000000;371.555556;True;15926.0;True;15952.0;True;1816.0;True;15952.0;True;15952.0;True;False
33.812000;19.046000;1816.0;1816.000000;375.555556;True;15926.0;True;15952.0;True;1968.0;True;15926.0;True;15926.0;True;False
33.937000;19.171000;1968.0;1816.000000;357.777778;True;15898.0;True;15926.0;True;1928.0;True;15926.0;True;15926.0;True;False
34.047000;19.281000;1928.0;1816.000000;335.111111;True;15898.0;True;15926.0;True;2030.0;True;15898.0;True;15898.0;True;False
34.172000;19.406000;2030.0;1816.000000;312.444444;True;15966.0;True;15898.0;True;1980.0;True;15898.0;True;15898.0;True;False
34.297000;19.531000;1980.0;1887.000000;337.157988;True;15864.0;True;15898.0;True;2091.0;True;15864.0;True;15864.0;True;False
34.422000;19.656000;2091.0;1928.000000;332.303619;True;15990.0;True;15864.0;True;2061.0;True;15864.0;True;15864.0;True;False
34.531000;19.765000;1980.0;1968.000000;316.444444;True;15990.0;True;15864.0;True;1980.0;True;15990.0;True;15990.0;True;False
34.656000;19.890000;2020.0;1980.000000;315.231788;True;15990.0;True;15990.0;True;2061.0;True;15990.0;True;15990.0;True;False
34.781000;20.015000;2061.0;1980.000000;303.555556;True;15967.0;True;15990.0;True;2152.0;True;15967.0;True;15967.0;True;False
34.891000;20.125000;2193.0;2020.000000;285.333333;True;15873.0;True;15967.0;True;2193.0;True;15967.0;True;15967.0;True;False
35.016000;20.250000;2061.0;2030.000000;283.318623;True;15873.0;True;15967.0;True;2061.0;True;15873.0;True;15967.0;True;False
35.141000;20.375000;2122.0;2061.000000;290.534619;True;15931.0;True;15873.0;True;2172.0;True;15931.0;True;15931.0;True;False
35.266000;20.500000;2172.0;2061.000000;252.938616;True;15908.0;True;15931.0;True;2265.0;True;15908.0;True;15931.0;True;False
35.391000;20.625000;2305.0;2091.000000;242.109814;True;15972.0;True;15908.0;True;2305.0;True;15972.0;True;15908.0;True;False
35.500000;20.734000;2305.0;2122.000000;235.089247;True;15972.0;True;15908.0;True;2265.0;True;15972.0;True;15972.0;True;False
35.625000;20.859000;2265.0;2172.000000;256.856770;True;15928.0;True;15972.0;True;2315.0;True;15972.0;True;15972.0;True;False
35.750000;20.984000;2295.0;2193.000000;257.292120;True;15928.0;True;15972.0;True;2255.0;True;15928.0;True;15928.0;True;False
35.875000;21.109000;2255.0;2255.000000;224.816256;True;15988.0;True;15928.0;True;2336.0;True;15928.0;True;15928.0;True;False
36.000000;21.234000;2336.0;2265.000000;207.090359;True;15894.0;True;15928.0;True;2305.0;True;15894.0;True;15894.0;True;False
36.109000;21.343000;2305.0;2295.000000;208.532869;True;15954.0;True;15894.0;True;2508.0;True;15954.0;True;15894.0;True;False
36.219000;21.453000;2458.0;2305.000000;214.285714;True;15860.0;True;15954.0;True;2458.0;True;15954.0;True;15954.0;True;False
36.328000;21.562000;2407.0;2305.000000;214.379658;True;15860.0;True;15954.0;True;2407.0;True;15860.0;True;15954.0;True;False
36.437000;21.671000;2437.0;2305.000000;215.894040;True;15973.0;True;15860.0;True;2437.0;True;15973.0;True;15973.0;True;False
36.562000;21.796000;2437.0;2336.000000;198.233996;True;15874.0;True;15860.0;True;2437.0;True;15973.0;True;15973.0;True;False
36.687000;21.921000;2437.0;2407.000000;211.479029;True;15874.0;True;15973.0;True;2611.0;True;15874.0;True;15874.0;True;False
36.812000;22.046000;2611.0;2437.000000;205.611574;True;15874.0;True;15874.0;True;2540.0;True;15874.0;True;15874.0;True;False
36.937000;22.171000;2540.0;2437.000000;200.350723;True;15975.0;True;15874.0;True;2621.0;True;15874.0;True;15874.0;True;False
37.062000;22.296000;2621.0;2437.000000;200.350723;True;15975.0;True;15874.0;True;2631.0;True;15975.0;True;15975.0;True;False
37.187000;22.421000;2631.0;2458.000000;190.766551;True;15918.0;True;15975.0;True;2722.0;True;15975.0;True;15975.0;True;False
37.312000;22.546000;2722.0;2540.000000;222.125436;True;15918.0;True;15975.0;True;2662.0;True;15918.0;True;15918.0;True;False
37.437000;22.671000;2662.0;2611.000000;239.547038;True;15860.0;True;15918.0;True;2866.0;True;15918.0;True;15918.0;True;False
37.578000;22.812000;2692.0;2621.000000;242.214533;True;15860.0;True;15918.0;True;2906.0;True;15860.0;True;15860.0;True;False
37.703000;22.937000;2906.0;2631.000000;233.564014;True;15947.0;True;15860.0;True;2763.0;True;15860.0;True;15860.0;True;False
37.828000;23.062000;2763.0;2662.000000;231.958763;True;15947.0;True;15860.0;True;2835.0;True;15947.0;True;15947.0;True;False
37.953000;23.187000;2835.0;2692.000000;223.367698;True;15887.0;True;15947.0;True;2896.0;True;15947.0;True;15947.0;True;False
38.078000;23.312000;2896.0;2722.000000;227.233677;True;15887.0;True;15947.0;True;2987.0;True;15887.0;True;15887.0;True;False
38.187000;23.421000;2987.0;2763.000000;219.723183;True;15930.0;True;15887.0;True;2987.0;True;15887.0;True;15887.0;True;False
38.328000;23.562000;2987.0;2835.000000;244.845361;True;15968.0;True;15887.0;True;2947.0;True;15968.0;True;15968.0;True;False
38.453000;23.687000;2886.0;2886.000000;252.133106;True;15968.0;True;15968.0;True;2967.0;True;15968.0;True;15968.0;True;False
38.578000;23.812000;2967.0;2896.000000;250.529886;True;15861.0;True;15968.0;True;2997.0;True;15861.0;True;15861.0;True;False
38.703000;23.937000;2997.0;2906.000000;253.052632;True;15946.0;True;15861.0;True;2906.0;True;15861.0;True;15861.0;True;False
38.812000;24.046000;2906.0;2906.000000;253.052632;True;15946.0;True;15861.0;True;3070.0;True;15946.0;True;15861.0;True;False
38.937000;24.171000;3120.0;2967.000000;265.684211;True;15998.0;True;15946.0;True;3120.0;True;15998.0;True;15998.0;True;False
39.047000;24.281000;3130.0;2987.000000;245.762712;True;15881.0;True;15998.0;True;3100.0;True;15998.0;True;15998.0;True;False
39.156000;24.390000;3100.0;2987.000000;234.641638;True;15919.0;True;15998.0;True;3028.0;True;15881.0;True;15881.0;True;False
39.266000;24.500000;3028.0;2997.000000;240.446544;True;15961.0;True;15881.0;True;3171.0;True;15961.0;True;15961.0;True;False
39.391000;24.625000;3171.0;3028.000000;253.756977;True;15899.0;True;15961.0;True;3323.0;True;15961.0;True;15961.0;True;False
39.516000;24.750000;3323.0;3100.000000;275.654787;True;15899.0;True;15961.0;True;3303.0;True;15899.0;True;15961.0;True;False
39.625000;24.859000;3222.0;3120.000000;250.756593;True;15899.0;True;15899.0;True;3222.0;True;15899.0;True;15899.0;True;False
39.750000;24.984000;3345.0;3130.000000;224.383917;True;15969.0;True;15899.0;True;3242.0;True;15969.0;True;15969.0;True;False
39.859000;25.093000;3242.0;3171.000000;241.122315;True;15850.0;True;15969.0;True;3365.0;True;15969.0;True;15969.0;True;False
39.969000;25.203000;3365.0;3222.000000;260.812004;True;15892.0;True;15969.0;True;3375.0;True;15892.0;True;15969.0;True;False
40.094000;25.328000;3405.0;3242.000000;255.957635;True;15927.0;True;15892.0;True;3405.0;True;15927.0;True;15892.0;True;False
40.203000;25.437000;3426.0;3323.000000;280.444444;True;15960.0;True;15927.0;True;3426.0;True;15927.0;True;15927.0;True;False
40.328000;25.562000;3355.0;3345.000000;276.888889;True;15960.0;True;15927.0;True;3355.0;True;15960.0;True;15927.0;True;False
40.437000;25.671000;3405.0;3355.000000;263.111111;True;15886.0;True;15960.0;True;3507.0;True;15886.0;True;15886.0;True;False
40.547000;25.781000;3405.0;3365.000000;238.846327;True;15925.0;True;15960.0;True;3517.0;True;15886.0;True;15886.0;True;False
40.672000;25.906000;3507.0;3405.000000;233.889139;True;15925.0;True;15886.0;True;3608.0;True;15925.0;True;15925.0;True;False
40.797000;26.031000;3608.0;3405.000000;229.382605;True;15958.0;True;15925.0;True;3630.0;True;15925.0;True;15925.0;True;False
40.922000;26.156000;3630.0;3405.000000;224.876070;True;15864.0;True;15925.0;True;3598.0;True;15958.0;True;15958.0;True;False
41.047000;26.281000;3691.0;3426.000000;232.662192;True;15864.0;True;15958.0;True;3670.0;True;15864.0;True;15864.0;True;False
41.172000;26.406000;3670.0;3507.000000;241.610738;True;15889.0;True;15864.0;True;3588.0;True;15864.0;True;15864.0;True;False
41.297000;26.531000;3588.0;3588.000000;267.111111;True;15917.0;True;15864.0;True;3660.0;True;15917.0;True;15917.0;True;False
41.406000;26.640000;3558.0;3588.000000;267.111111;True;15955.0;True;15917.0;True;3558.0;True;15955.0;True;15917.0;True;False
41.531000;26.765000;3537.0;3588.000000;260.927152;True;15996.0;True;15955.0;True;3620.0;True;15955.0;True;15955.0;True;False
41.656000;26.890000;3620.0;3608.000000;256.070640;True;15996.0;True;15955.0;True;3527.0;True;15996.0;True;15996.0;True;False
41.781000;27.015000;3527.0;3608.000000;224.282561;True;15934.0;True;15996.0;True;3620.0;True;15934.0;True;15934.0;True;False
41.891000;27.125000;3620.0;3620.000000;220.653133;True;15881.0;True;15934.0;True;3680.0;True;15934.0;True;15934.0;True;False
41.984000;27.218000;3620.0;3620.000000;219.337511;True;15881.0;True;15934.0;True;3680.0;True;15934.0;True;15934.0;True;False
42.109000;27.343000;3680.0;3620.000000;199.555556;True;15881.0;True;15934.0;True;3620.0;True;15881.0;True;15881.0;True;False
42.234000;27.468000;3620.0;3620.000000;175.717439;True;15970.0;True;15881.0;True;3650.0;True;15881.0;True;15881.0;True;False
42.375000;27.609000;3650.0;3620.000000;165.716791;True;15970.0;True;15881.0;True;3782.0;True;15970.0;True;15970.0;True;False
42.500000;27.734000;3782.0;3620.000000;129.299086;True;15871.0;True;15970.0;True;3802.0;True;15970.0;True;15970.0;True;False
42.609000;27.843000;3802.0;3620.000000;120.561157;True;15909.0;True;15970.0;True;3762.0;True;15871.0;True;15871.0;True;False
42.734000;27.968000;3762.0;3650.000000;128.428385;True;15990.0;True;15871.0;True;3741.0;True;15909.0;True;15909.0;True;False
42.859000;28.093000;3853.0;3680.000000;136.245675;True;15990.0;True;15909.0;True;3873.0;True;15990.0;True;15990.0;True;False
42.984000;28.218000;3873.0;3762.000000;154.411765;True;15883.0;True;15990.0;True;3873.0;True;15883.0;True;15883.0;True;False
43.109000;28.343000;3873.0;3782.000000;163.062284;True;15921.0;True;15883.0;True;3883.0;True;15883.0;True;15883.0;True;False
43.234000;28.468000;3883.0;3802.000000;171.712803;True;15961.0;True;15883.0;True;3996.0;True;15921.0;True;15921.0;True;False
43.359000;28.593000;3823.0;3823.000000;171.712803;True;15863.0;True;15921.0;True;3976.0;True;15961.0;True;15961.0;True;False
43.469000;28.703000;3976.0;3853.000000;150.631258;True;15863.0;True;15961.0;True;3905.0;True;15863.0;True;15863.0;True;False
43.594000;28.828000;3905.0;3873.000000;124.074880;True;15898.0;True;15863.0;True;4047.0;True;15863.0;True;15863.0;True;False
43.719000;28.953000;4047.0;3873.000000;123.216602;True;15974.0;True;15863.0;True;4118.0;True;15898.0;True;15898.0;True;False
43.844000;29.078000;4118.0;3883.000000;127.539991;True;15974.0;True;15898.0;True;4180.0;True;15974.0;True;15974.0;True;False
43.953000;29.187000;4180.0;3905.000000;129.299086;True;15860.0;True;15974.0;True;4138.0;True;15860.0;True;15860.0;True;False
44.062000;29.296000;4138.0;3976.000000;161.332749;True;15887.0;True;15860.0;True;4160.0;True;15860.0;True;15860.0;True;False
44.172000;29.406000;4160.0;4047.000000;187.198597;True;15919.0;True;15860.0;True;4281.0;True;15887.0;True;15887.0;True;False
44.281000;29.515000;4281.0;4118.000000;216.804528;True;15951.0;True;15887.0;True;4281.0;True;15951.0;True;15887.0;True;False
44.406000;29.640000;4281.0;4138.000000;225.511537;True;15951.0;True;15887.0;True;4231.0;True;15951.0;True;15951.0;True;False
44.531000;29.765000;4231.0;4160.000000;235.089247;True;15864.0;True;15951.0;True;4413.0;True;15951.0;True;15951.0;True;False
44.641000;29.875000;4413.0;4180.000000;247.131509;True;15864.0;True;15951.0;True;4332.0;True;15864.0;True;15864.0;True;False
44.766000;30.000000;4332.0;4231.000000;269.638129;True;15882.0;True;15864.0;True;4393.0;True;15864.0;True;15864.0;True;False
44.891000;30.125000;4393.0;4281.000000;289.658195;True;15931.0;True;15864.0;True;4261.0;True;15882.0;True;15882.0;True;False
45.031000;30.265000;4261.0;4281.000000;274.706138;True;15931.0;True;15882.0;True;4435.0;True;15931.0;True;15931.0;True;False
45.156000;30.390000;4435.0;4281.000000;261.645625;True;15991.0;True;15931.0;True;4413.0;True;15931.0;True;15931.0;True;False
45.250000;30.484000;4455.0;4332.000000;251.544572;True;15991.0;True;15931.0;True;4455.0;True;15991.0;True;15991.0;True;False
45.375000;30.609000;4455.0;4393.000000;269.638129;True;15876.0;True;15991.0;True;4577.0;True;15991.0;True;15991.0;True;False
45.484000;30.718000;4577.0;4413.000000;271.555556;True;15876.0;True;15991.0;True;4577.0;True;15876.0;True;15876.0;True;False
45.609000;30.843000;4577.0;4435.000000;272.000000;True;15893.0;True;15876.0;True;4495.0;True;15876.0;True;15876.0;True;False
45.734000;30.968000;4495.0;4455.000000;265.783664;True;15893.0;True;15876.0;True;4465.0;True;15893.0;True;15893.0;True;False
45.859000;31.093000;4465.0;4455.000000;256.953642;True;15918.0;True;15893.0;True;4678.0;True;15893.0;True;15893.0;True;False
45.984000;31.218000;4678.0;4465.000000;261.368653;True;15962.0;True;15893.0;True;4710.0;True;15918.0;True;15918.0;True;False
46.094000;31.328000;4710.0;4495.000000;272.000000;True;15962.0;True;15918.0;True;4617.0;True;15962.0;True;15962.0;True;False
46.219000;31.453000;4617.0;4577.000000;296.557811;True;15976.0;True;15962.0;True;4617.0;True;15976.0;True;15962.0;True;False
46.359000;31.593000;4587.0;4577.000000;261.645625;True;15862.0;True;15976.0;True;4658.0;True;15976.0;True;15976.0;True;False
46.484000;31.718000;4658.0;4587.000000;233.564014;True;15915.0;True;15976.0;True;4658.0;True;15862.0;True;15976.0;True;False
46.594000;31.828000;4617.0;4617.000000;215.737138;True;15915.0;True;15862.0;True;4617.0;True;15915.0;True;15862.0;True;False
46.719000;31.953000;4730.0;4617.000000;207.090359;True;15915.0;True;15915.0;True;4730.0;True;15915.0;True;15915.0;True;False
46.859000;32.093000;4811.0;4658.000000;213.917526;True;15967.0;True;15915.0;True;4791.0;True;15945.0;True;15945.0;True;False
46.969000;32.203000;4791.0;4678.000000;213.917526;True;15985.0;True;15945.0;True;4648.0;True;15967.0;True;15967.0;True;False
47.094000;32.328000;4720.0;4710.000000;205.756014;True;15871.0;True;15967.0;True;4720.0;True;15871.0;True;15967.0;True;False
47.203000;32.437000;4698.0;4698.000000;180.363322;True;15900.0;True;15871.0;True;4698.0;True;15900.0;True;15871.0;True;False
47.312000;32.546000;4842.0;4720.000000;192.459448;True;15900.0;True;15900.0;True;4842.0;True;15900.0;True;15900.0;True;False
47.422000;32.656000;4842.0;4730.000000;198.146514;True;15933.0;True;15900.0;True;4852.0;True;15900.0;True;15900.0;True;False
47.531000;32.765000;4852.0;4791.000000;201.227532;True;15981.0;True;15900.0;True;4740.0;True;15933.0;True;15933.0;True;False
47.656000;32.890000;4740.0;4791.000000;174.484875;True;15981.0;True;15933.0;True;4801.0;True;15981.0;True;15981.0;True;False
47.781000;33.015000;4801.0;4801.000000;168.915977;True;15882.0;True;15981.0;True;4862.0;True;15882.0;True;15882.0;True;False
47.906000;33.140000;4862.0;4801.000000;159.338267;True;15914.0;True;15882.0;True;4963.0;True;15882.0;True;15882.0;True;False
48.031000;33.265000;4963.0;4842.000000;168.480627;True;15966.0;True;15882.0;True;4943.0;True;15914.0;True;15914.0;True;False
48.156000;33.390000;4801.0;4842.000000;168.480627;True;15966.0;True;15914.0;True;5015.0;True;15966.0;True;15966.0;True;False
48.266000;33.500000;5015.0;4842.000000;165.205960;True;15870.0;True;15966.0;True;4953.0;True;15870.0;True;15870.0;True;False
48.375000;33.609000;4953.0;4852.000000;156.510302;True;15892.0;True;15870.0;True;4842.0;True;15870.0;True;15870.0;True;False
48.484000;33.718000;4842.0;4852.000000;121.412804;True;15922.0;True;15870.0;True;4953.0;True;15892.0;True;15870.0;True;False
48.609000;33.843000;4902.0;4862.000000;126.666667;True;15922.0;True;15892.0;True;4902.0;True;15922.0;True;15892.0;True;False
48.734000;33.968000;4862.0;4862.000000;122.222222;True;15998.0;True;15922.0;True;4862.0;True;15998.0;True;15922.0;True;False
48.844000;34.078000;5096.0;4902.000000;126.666667;True;15908.0;True;15998.0;True;4995.0;True;15998.0;True;15998.0;True;False
48.969000;34.203000;4995.0;4953.000000;149.333333;True;15932.0;True;15998.0;True;4923.0;True;15932.0;True;15998.0;True;False
49.078000;34.312000;5035.0;4953.000000;132.942767;True;15967.0;True;15932.0;True;5035.0;True;15967.0;True;15932.0;True;False
49.203000;34.437000;4963.0;4963.000000;127.573859;True;16000.0;True;15967.0;True;4963.0;True;16000.0;True;15967.0;True;False
49.328000;34.562000;4963.0;4963.000000;113.249776;True;15909.0;True;16000.0;True;4963.0;True;16000.0;True;16000.0;True;False
49.453000;34.687000;5056.0;4963.000000;117.777778;True;15909.0;True;16000.0;True;5106.0;True;15909.0;True;15909.0;True;False
49.578000;34.812000;5096.0;4995.000000;121.359223;True;15943.0;True;15909.0;True;5096.0;True;15943.0;True;15909.0;True;False
49.703000;34.937000;5188.0;5035.000000;133.713284;True;15943.0;True;15943.0;True;5188.0;True;15943.0;True;15943.0;True;False
49.828000;35.062000;5127.0;5056.000000;115.367871;True;15873.0;True;15943.0;True;5127.0;True;15873.0;True;15943.0;True;False
49.953000;35.187000;5167.0;5056.000000;115.367871;True;15873.0;True;15873.0;True;5218.0;True;15873.0;True;15873.0;True;False
50.078000;35.312000;5218.0;5096.000000;128.428385;True;15940.0;True;15873.0;True;5198.0;True;15940.0;True;15940.0;True;False
50.187000;35.421000;5228.0;5127.000000;142.919772;True;15970.0;True;15940.0;True;5228.0;True;15970.0;True;15940.0;True;False
50.281000;35.515000;5228.0;5167.000000;144.444444;True;15970.0;True;15940.0;True;5381.0;True;15970.0;True;15970.0;True;False
50.406000;35.640000;5381.0;5188.000000;153.777778;True;15872.0;True;15970.0;True;5290.0;True;15970.0;True;15970.0;True;False
50.531000;35.765000;5290.0;5218.000000;166.004415;True;15922.0;True;15970.0;True;5463.0;True;15872.0;True;15872.0;True;False
50.672000;35.906000;5422.0;5228.000000;163.691772;True;15922.0;True;15872.0;True;5432.0;True;15922.0;True;15922.0;True;False
50.797000;36.031000;5432.0;5228.000000;162.559447;True;15943.0;True;15922.0;True;5503.0;True;15943.0;True;15943.0;True;False
50.922000;36.156000;5503.0;5290.000000;185.041072;True;15984.0;True;15943.0;True;5555.0;True;15943.0;True;15943.0;True;False
51.031000;36.265000;5555.0;5381.000000;225.946887;True;15872.0;True;15943.0;True;5473.0;True;15984.0;True;15984.0;True;False
51.156000;36.390000;5513.0;5422.000000;224.913495;True;15872.0;True;15984.0;True;5473.0;True;15872.0;True;15872.0;True;False
51.266000;36.500000;5473.0;5432.000000;208.532869;True;15893.0;True;15872.0;True;5483.0;True;15893.0;True;15872.0;True;False
51.406000;36.640000;5565.0;5473.000000;223.367698;True;15920.0;True;15893.0;True;5565.0;True;15920.0;True;15893.0;True;False
51.516000;36.750000;5493.0;5493.000000;229.139645;True;15941.0;True;15920.0;True;5493.0;True;15920.0;True;15920.0;True;False
51.641000;36.875000;5525.0;5503.000000;233.463035;True;15941.0;True;15920.0;True;5606.0;True;15941.0;True;15941.0;True;False
51.766000;37.000000;5606.0;5513.000000;237.786425;True;15997.0;True;15941.0;True;5575.0;True;15997.0;True;15941.0;True;False
51.875000;37.109000;5545.0;5525.000000;230.735742;True;15893.0;True;15997.0;True;5545.0;True;15893.0;True;15997.0;True;False
51.984000;37.218000;5545.0;5545.000000;223.586146;True;15893.0;True;15997.0;True;5565.0;True;15893.0;True;15893.0;True;False
52.109000;37.343000;5565.0;5545.000000;214.379658;True;15923.0;True;15893.0;True;5656.0;True;15893.0;True;15893.0;True;False
52.234000;37.468000;5656.0;5545.000000;214.379658;True;15977.0;True;15893.0;True;5596.0;True;15923.0;True;15923.0;True;False
52.359000;37.593000;5596.0;5565.000000;205.611574;True;15882.0;True;15923.0;True;5738.0;True;15977.0;True;15977.0;True;False
52.484000;37.718000;5738.0;5565.000000;190.683500;True;15882.0;True;15977.0;True;5667.0;True;15882.0;True;15882.0;True;False
52.594000;37.828000;5667.0;5596.000000;185.473411;True;15903.0;True;15882.0;True;5728.0;True;15882.0;True;15882.0;True;False
52.719000;37.953000;5728.0;5606.000000;180.717683;True;15957.0;True;15882.0;True;5820.0;True;15957.0;True;15903.0;True;False
52.828000;38.062000;5820.0;5656.000000;190.683500;True;15957.0;True;15903.0;True;5758.0;True;15957.0;True;15957.0;True;False
52.953000;38.187000;5860.0;5667.000000;192.459448;True;15995.0;True;15957.0;True;5820.0;True;15957.0;True;15957.0;True;False
53.078000;38.312000;5820.0;5728.000000;219.202104;True;15995.0;True;15957.0;True;5800.0;True;15995.0;True;15995.0;True;False
53.203000;38.437000;5800.0;5738.000000;196.405085;True;15921.0;True;15995.0;True;5931.0;True;15995.0;True;15995.0;True;False
53.328000;38.562000;5931.0;5800.000000;182.411842;True;15921.0;True;15995.0;True;5800.0;True;15921.0;True;15921.0;True;False
53.469000;38.703000;5800.0;5800.000000;163.424125;True;15970.0;True;15921.0;True;5901.0;True;15921.0;True;15921.0;True;False
53.594000;38.828000;5901.0;5820.000000;166.666667;True;15970.0;True;15921.0;True;5931.0;True;15970.0;True;15970.0;True;False
53.703000;38.937000;5931.0;5820.000000;151.066609;True;15894.0;True;15970.0;True;5830.0;True;15970.0;True;15970.0;True;False
53.828000;39.062000;5830.0;5830.000000;145.761246;True;15894.0;True;15970.0;True;5840.0;True;15894.0;True;15894.0;True;False
53.953000;39.187000;5840.0;5840.000000;145.761246;True;15961.0;True;15894.0;True;5952.0;True;15894.0;True;15894.0;True;False
54.078000;39.312000;5911.0;5840.000000;141.435986;True;15961.0;True;15894.0;True;6063.0;True;15961.0;True;15961.0;True;False
54.203000;39.437000;6063.0;5901.000000;161.512027;True;15888.0;True;15961.0;True;5992.0;True;15961.0;True;15961.0;True;False
54.344000;39.578000;5992.0;5911.000000;155.084746;True;15888.0;True;15961.0;True;5992.0;True;15888.0;True;15888.0;True;False
54.469000;39.703000;5992.0;5911.000000;155.084746;True;15914.0;True;15888.0;True;6063.0;True;15914.0;True;15914.0;True;False
54.578000;39.812000;6063.0;5931.000000;164.675768;True;15914.0;True;15914.0;True;6125.0;True;15914.0;True;15914.0;True;False
54.703000;39.937000;6125.0;5992.000000;182.167235;True;15937.0;True;15914.0;True;6196.0;True;15937.0;True;15914.0;True;False
54.812000;40.046000;6095.0;5992.000000;183.419244;True;15956.0;True;15937.0;True;6095.0;True;15956.0;True;15937.0;True;False
54.922000;40.156000;6095.0;6063.000000;200.601375;True;15956.0;True;15937.0;True;6186.0;True;15956.0;True;15956.0;True;False
55.047000;40.281000;6186.0;6063.000000;196.305842;True;15998.0;True;15956.0;True;6156.0;True;15956.0;True;15956.0;True;False
55.172000;40.406000;6156.0;6095.000000;187.286689;True;15998.0;True;15956.0;True;6146.0;True;15998.0;True;15998.0;True;False
55.297000;40.531000;6146.0;6095.000000;182.593857;True;15924.0;True;15998.0;True;6207.0;True;15998.0;True;15998.0;True;False
55.422000;40.656000;6207.0;6125.000000;169.368601;True;15924.0;True;15998.0;True;6156.0;True;15924.0;True;15924.0;True;False
55.547000;40.781000;6156.0;6146.000000;174.061433;True;15973.0;True;15924.0;True;6308.0;True;15924.0;True;15924.0;True;False
55.687000;40.921000;6308.0;6156.000000;150.911403;True;15973.0;True;15924.0;True;6196.0;True;15973.0;True;15973.0;True;False
55.812000;41.046000;6196.0;6156.000000;151.941955;True;15898.0;True;15973.0;True;6186.0;True;15973.0;True;15973.0;True;False
55.922000;41.156000;6186.0;6186.000000;157.216495;True;15898.0;True;15973.0;True;6196.0;True;15898.0;True;15898.0;True;False
56.031000;41.265000;6196.0;6186.000000;157.216495;True;15928.0;True;15898.0;True;6186.0;True;15898.0;True;15898.0;True;False
56.141000;41.375000;6146.0;6186.000000;153.912668;True;15959.0;True;15898.0;True;6288.0;True;15928.0;True;15928.0;True;False
56.281000;41.515000;6288.0;6196.000000;152.920962;True;15995.0;True;15928.0;True;6267.0;True;15995.0;True;15995.0;True;False
56.391000;41.625000;6267.0;6196.000000;153.912668;True;15903.0;True;15995.0;True;6278.0;True;15903.0;True;15903.0;True;False
56.500000;41.734000;6278.0;6196.000000;128.428385;True;15933.0;True;15903.0;True;6318.0;True;15903.0;True;15903.0;True;False
56.609000;41.843000;6338.0;6267.000000;157.174393;True;15933.0;True;15903.0;True;6338.0;True;15933.0;True;15903.0;True;False
56.719000;41.953000;6350.0;6267.000000;158.222222;True;15990.0;True;15933.0;True;6350.0;True;15990.0;True;15933.0;True;False
56.828000;42.062000;6350.0;6278.000000;154.222222;True;15900.0;True;15933.0;True;6370.0;True;15990.0;True;15990.0;True;False
56.953000;42.187000;6370.0;6288.000000;131.555556;True;15900.0;True;15990.0;True;6308.0;True;15900.0;True;15900.0;True;False
57.094000;42.328000;6308.0;6308.000000;138.475022;True;15928.0;True;15900.0;True;6461.0;True;15928.0;True;15928.0;True;False
57.219000;42.453000;6461.0;6338.000000;119.721376;True;15985.0;True;15928.0;True;6542.0;True;15928.0;True;15928.0;True;False
57.312000;42.546000;6542.0;6350.000000;126.710817;True;15985.0;True;15928.0;True;6512.0;True;15985.0;True;15928.0;True;False
57.422000;42.656000;6441.0;6350.000000;113.333333;True;15887.0;True;15985.0;True;6441.0;True;15887.0;True;15985.0;True;False
57.547000;42.781000;6451.0;6370.000000;122.222222;True;15916.0;True;15887.0;True;6421.0;True;15916.0;True;15916.0;True;False
57.656000;42.890000;6421.0;6421.000000;132.497762;True;15945.0;True;15916.0;True;6583.0;True;15916.0;True;15916.0;True;False
57.781000;43.015000;6583.0;6441.000000;132.050134;True;15978.0;True;15916.0;True;6675.0;True;15978.0;True;15978.0;True;False
57.891000;43.125000;6675.0;6451.000000;133.847550;True;15899.0;True;15978.0;True;6686.0;True;15999.0;True;15999.0;True;False
58.000000;43.234000;6613.0;6461.000000;139.396709;True;15899.0;True;15999.0;True;6613.0;True;15899.0;True;15999.0;True;False
58.094000;43.328000;6613.0;6542.000000;163.904236;True;15899.0;True;15999.0;True;6603.0;True;15899.0;True;15899.0;True;False
58.219000;43.453000;6603.0;6583.000000;181.444241;True;15947.0;True;15899.0;True;6563.0;True;15899.0;True;15899.0;True;False
58.328000;43.562000;6563.0;6583.000000;181.527206;True;15947.0;True;15899.0;True;6716.0;True;15947.0;True;15899.0;True;False
58.437000;43.671000;6716.0;6603.000000;188.775510;True;15976.0;True;15947.0;True;6655.0;True;15976.0;True;15947.0;True;False
58.547000;43.781000;6603.0;6603.000000;188.775510;True;15995.0;True;15976.0;True;6746.0;True;15976.0;True;15976.0;True;False
58.656000;43.890000;6746.0;6613.000000;193.413729;True;15911.0;True;15976.0;True;6828.0;True;15995.0;True;15995.0;True;False
58.766000;44.000000;6828.0;6613.000000;160.407974;True;15930.0;True;15995.0;True;6848.0;True;15930.0;True;15930.0;True;False
58.875000;44.109000;6848.0;6613.000000;160.482375;True;15960.0;True;15930.0;True;6797.0;True;15930.0;True;15930.0;True;False
59.000000;44.234000;6797.0;6716.000000;201.657459;True;15960.0;True;15930.0;True;6848.0;True;15960.0;True;15930.0;True;False
59.141000;44.375000;6940.0;6746.000000;209.323583;True;15960.0;True;15960.0;True;6940.0;True;15960.0;True;15960.0;True;False
59.250000;44.484000;6868.0;6797.000000;226.808905;True;15992.0;True;15960.0;True;6961.0;True;15992.0;True;15992.0;True;False
59.375000;44.609000;6961.0;6828.000000;227.272727;True;15910.0;True;15992.0;True;6961.0;True;15992.0;True;15992.0;True;False
59.484000;44.718000;6961.0;6848.000000;229.281768;True;15910.0;True;15992.0;True;6920.0;True;15910.0;True;15910.0;True;False
59.609000;44.843000;6920.0;6868.000000;236.854138;True;15910.0;True;15910.0;True;6961.0;True;15910.0;True;15910.0;True;False
59.719000;44.953000;7021.0;6920.000000;253.222836;True;15927.0;True;15910.0;True;7021.0;True;15927.0;True;15910.0;True;False
59.844000;45.078000;7021.0;6940.000000;237.202925;True;15939.0;True;15927.0;True;7052.0;True;15927.0;True;15927.0;True;False
59.969000;45.203000;7052.0;6961.000000;237.659963;True;15939.0;True;15927.0;True;7062.0;True;15939.0;True;15939.0;True;False
60.094000;45.328000;7062.0;6961.000000;231.502497;True;15949.0;True;15939.0;True;7042.0;True;15939.0;True;15939.0;True;False
60.203000;45.437000;7062.0;7021.000000;254.198820;True;15961.0;True;15939.0;True;7062.0;True;15961.0;True;15939.0;True;False
60.312000;45.546000;7165.0;7021.000000;215.960325;True;15961.0;True;15961.0;True;7165.0;True;15961.0;True;15961.0;True;False
60.437000;45.671000;7153.0;7052.000000;211.451758;True;15966.0;True;15961.0;True;7153.0;True;15961.0;True;15961.0;True;False
60.547000;45.781000;7153.0;7062.000000;215.863001;True;15966.0;True;15961.0;True;7225.0;True;15966.0;True;15966.0;True;False
60.672000;45.906000;7256.0;7062.000000;205.369128;True;15973.0;True;15966.0;True;7256.0;True;15973.0;True;15966.0;True;False
60.797000;46.031000;7256.0;7153.000000;244.444444;True;15973.0;True;15973.0;True;7256.0;True;15973.0;True;15973.0;True;False
60.906000;46.140000;7236.0;7153.000000;240.000000;True;15975.0;True;15973.0;True;7236.0;True;15975.0;True;15973.0;True;False
61.016000;46.250000;7236.0;7165.000000;245.333333;True;15980.0;True;15973.0;True;7276.0;True;15975.0;True;15975.0;True;False
61.156000;46.390000;7276.0;7236.000000;273.125822;True;15980.0;True;15975.0;True;7296.0;True;15980.0;True;15980.0;True;False
61.281000;46.515000;7296.0;7236.000000;227.970189;True;15983.0;True;15980.0;True;7347.0;True;15983.0;True;15983.0;True;False
61.406000;46.640000;7347.0;7256.000000;225.165563;True;15989.0;True;15983.0;True;7337.0;True;15983.0;True;15983.0;True;False
61.531000;46.765000;7337.0;7256.000000;201.227532;True;15993.0;True;15983.0;True;7276.0;True;15989.0;True;15989.0;True;False
61.641000;46.875000;7276.0;7276.000000;197.705207;True;15993.0;True;15989.0;True;7388.0;True;15993.0;True;15993.0;True;False
61.766000;47.000000;7388.0;7276.000000;187.554777;True;15895.0;True;15993.0;True;7347.0;True;15993.0;True;15993.0;True;False
61.891000;47.125000;7347.0;7296.000000;187.554777;True;15907.0;True;15993.0;True;7388.0;True;15895.0;True;15895.0;True;False
62.016000;47.250000;7388.0;7337.000000;181.541141;True;15907.0;True;15895.0;True;7378.0;True;15907.0;True;15907.0;True;False
62.141000;47.375000;7378.0;7347.000000;177.187636;True;15925.0;True;15907.0;True;7470.0;True;15915.0;True;15915.0;True;False
62.250000;47.484000;7470.0;7347.000000;169.224025;True;15925.0;True;15915.0;True;7490.0;True;15925.0;True;15925.0;True;False
62.359000;47.593000;7490.0;7378.000000;184.105960;True;15929.0;True;15925.0;True;7440.0;True;15925.0;True;15925.0;True;False
62.469000;47.703000;7440.0;7388.000000;161.959400;True;15934.0;True;15925.0;True;7521.0;True;15934.0;True;15934.0;True;False
62.594000;47.828000;7521.0;7388.000000;160.823839;True;15950.0;True;15934.0;True;7582.0;True;15934.0;True;15934.0;True;False
62.719000;47.953000;7561.0;7440.000000;170.026293;True;15950.0;True;15934.0;True;7561.0;True;15950.0;True;15934.0;True;False
62.844000;48.078000;7551.0;7470.000000;177.622987;True;15950.0;True;15950.0;True;7551.0;True;15950.0;True;15950.0;True;False
62.953000;48.187000;7541.0;7490.000000;187.637001;True;15960.0;True;15950.0;True;7511.0;True;15960.0;True;15960.0;True;False
63.062000;48.296000;7511.0;7511.000000;158.057395;True;15970.0;True;15960.0;True;7612.0;True;15960.0;True;15960.0;True;False
63.187000;48.421000;7612.0;7521.000000;161.332749;True;15983.0;True;15960.0;True;7643.0;True;15983.0;True;15983.0;True;False
63.312000;48.546000;7643.0;7541.000000;163.763066;True;15990.0;True;15983.0;True;7643.0;True;15990.0;True;15983.0;True;False
63.422000;48.656000;7622.0;7551.000000;139.011474;True;15996.0;True;15990.0;True;7622.0;True;15990.0;True;15990.0;True;False
63.531000;48.765000;7735.0;7561.000000;144.444444;True;15996.0;True;15990.0;True;7735.0;True;15996.0;True;15990.0;True;False
63.656000;48.890000;7582.0;7582.000000;144.888889;True;15902.0;True;15996.0;True;7622.0;True;15902.0;True;15902.0;True;False
63.766000;49.000000;7622.0;7612.000000;159.284116;True;15919.0;True;15902.0;True;7715.0;True;15902.0;True;15902.0;True;False
63.875000;49.109000;7622.0;7622.000000;154.879141;True;15933.0;True;15902.0;True;7715.0;True;15902.0;True;15902.0;True;False
63.984000;49.218000;7715.0;7622.000000;155.996393;True;15933.0;True;15902.0;True;7673.0;True;15933.0;True;15933.0;True;False
64.094000;49.328000;7673.0;7622.000000;147.980027;True;15942.0;True;15933.0;True;7735.0;True;15933.0;True;15933.0;True;False
64.203000;49.437000;7735.0;7643.000000;139.917695;True;15956.0;True;15933.0;True;7776.0;True;15956.0;True;15956.0;True;False
64.328000;49.562000;7776.0;7673.000000;149.062643;True;15975.0;True;15956.0;True;7755.0;True;15956.0;True;15956.0;True;False
64.453000;49.687000;7755.0;7715.000000;167.044939;True;15975.0;True;15956.0;True;7897.0;True;15975.0;True;15975.0;True;False
64.578000;49.812000;7897.0;7715.000000;151.870212;True;15988.0;True;15975.0;True;7938.0;True;15988.0;True;15988.0;True;False
64.703000;49.937000;7938.0;7735.000000;155.326768;True;15991.0;True;15988.0;True;7857.0;True;15988.0;True;15988.0;True;False
64.828000;50.062000;7857.0;7755.000000;164.279320;True;16000.0;True;15988.0;True;7877.0;True;15991.0;True;15991.0;True;False
64.937000;50.171000;7877.0;7776.000000;151.487827;True;16000.0;True;15991.0;True;7877.0;True;16000.0;True;16000.0;True;False
65.062000;50.296000;7877.0;7857.000000;174.481515;True;15906.0;True;16000.0;True;7968.0;True;15906.0;True;15906.0;True;False
65.203000;50.437000;7968.0;7877.000000;172.000000;True;15906.0;True;15906.0;True;8000.0;True;15906.0;True;15906.0;True;False
65.344000;50.578000;8000.0;7877.000000;160.385627;True;15913.0;True;15906.0;True;7968.0;True;15906.0;True;15906.0;True;False
65.469000;50.703000;7948.0;7897.000000;164.767748;True;15913.0;True;15906.0;True;7938.0;True;15913.0;True;15913.0;True;False
65.594000;50.828000;7938.0;7938.000000;173.970202;True;15932.0;True;15913.0;True;7897.0;True;15913.0;True;15913.0;True;False
65.719000;50.953000;7897.0;7938.000000;168.480627;True;15932.0;True;15913.0;True;7990.0;True;15932.0;True;15932.0;True;False
65.828000;51.062000;7990.0;7938.000000;164.127122;True;15958.0;True;15932.0;True;7968.0;True;15932.0;True;15932.0;True;False
65.937000;51.171000;7968.0;7948.000000;160.455940;True;15958.0;True;15932.0;True;7948.0;True;15958.0;True;15958.0;True;False
66.062000;51.296000;7948.0;7948.000000;146.341463;True;15972.0;True;15958.0;True;8071.0;True;15972.0;True;15972.0;True;False
66.187000;51.421000;8071.0;7968.000000;149.653979;True;15988.0;True;15972.0;True;8081.0;True;15972.0;True;15972.0;True;False
66.312000;51.546000;8081.0;7968.000000;148.625430;True;15905.0;True;15972.0;True;8030.0;True;15988.0;True;15988.0;True;False
66.437000;51.671000;8030.0;7968.000000;147.673922;True;15905.0;True;15988.0;True;8040.0;True;15905.0;True;15905.0;True;False
66.562000;51.796000;8040.0;7990.000000;147.096227;True;15919.0;True;15905.0;True;8203.0;True;15919.0;True;15919.0;True;False
66.672000;51.906000;8203.0;8030.000000;152.303754;True;15935.0;True;15919.0;True;8203.0;True;15919.0;True;15919.0;True;False
66.781000;52.015000;8203.0;8040.000000;139.604811;True;15939.0;True;15919.0;True;8295.0;True;15935.0;True;15919.0;True;False
66.922000;52.156000;8356.0;8071.000000;151.877133;True;15939.0;True;15935.0;True;8356.0;True;15939.0;True;15935.0;True;False
67.031000;52.265000;8366.0;8081.000000;148.625430;True;15939.0;True;15939.0;True;8366.0;True;15939.0;True;15939.0;True;False
67.141000;52.375000;8305.0;8203.000000;193.687851;True;15926.0;True;15939.0;True;8366.0;True;15926.0;True;15926.0;True;False
67.266000;52.500000;8366.0;8203.000000;183.340489;True;15927.0;True;15926.0;True;8417.0;True;15926.0;True;15926.0;True;False
67.359000;52.593000;8417.0;8305.000000;195.037005;True;15925.0;True;15926.0;True;8336.0;True;15925.0;True;15926.0;True;False
67.484000;52.718000;8498.0;8356.000000;209.995616;True;15920.0;True;15925.0;True;8498.0;True;15920.0;True;15925.0;True;False
67.609000;52.843000;8498.0;8366.000000;215.894040;True;15911.0;True;15920.0;True;8498.0;True;15911.0;True;15920.0;True;False
67.719000;52.953000;8498.0;8366.000000;208.444444;True;15911.0;True;15920.0;True;8417.0;True;15911.0;True;15911.0;True;False
67.859000;53.093000;8366.0;8366.000000;188.962472;True;15911.0;True;15911.0;True;8498.0;True;15911.0;True;15911.0;True;False
67.969000;53.203000;8498.0;8417.000000;212.888889;True;15915.0;True;15911.0;True;8458.0;True;15915.0;True;15911.0;True;False
68.078000;53.312000;8498.0;8498.000000;248.888889;True;15911.0;True;15911.0;True;8376.0;True;15915.0;True;15915.0;True;False
68.203000;53.437000;8417.0;8498.000000;242.718447;True;15911.0;True;15911.0;True;8417.0;True;15911.0;True;15911.0;True;False
68.328000;53.562000;8437.0;8498.000000;242.718447;True;15919.0;True;15911.0;True;8437.0;True;15919.0;True;15911.0;True;False
68.437000;53.671000;8366.0;8498.000000;235.555556;True;15930.0;True;15919.0;True;8366.0;True;15930.0;True;15930.0;True;False
68.562000;53.796000;8366.0;8437.000000;208.444444;True;15930.0;True;15919.0;True;8458.0;True;15930.0;True;15930.0;True;False
68.687000;53.921000;8458.0;8437.000000;208.444444;True;15943.0;True;15930.0;True;8488.0;True;15930.0;True;15930.0;True;False
68.812000;54.046000;8488.0;8437.000000;198.666667;True;15951.0;True;15930.0;True;8478.0;True;15943.0;True;15943.0;True;False
68.953000;54.187000;8570.0;8458.000000;187.637001;True;15966.0;True;15951.0;True;8530.0;True;15966.0;True;15951.0;True;False
69.078000;54.312000;8570.0;8458.000000;181.976491;True;15969.0;True;15951.0;True;8508.0;True;15966.0;True;15966.0;True;False
69.187000;54.421000;8508.0;8458.000000;170.860927;True;15969.0;True;15966.0;True;8540.0;True;15969.0;True;15969.0;True;False
69.297000;54.531000;8540.0;8488.000000;179.611650;True;15978.0;True;15969.0;True;8611.0;True;15969.0;True;15969.0;True;False
69.422000;54.656000;8611.0;8508.000000;133.713284;True;15991.0;True;15969.0;True;8590.0;True;15978.0;True;15978.0;True;False
69.547000;54.781000;8590.0;8540.000000;147.742218;True;15991.0;True;15978.0;True;8662.0;True;15991.0;True;15991.0;True;False
69.687000;54.921000;8662.0;8570.000000;113.831615;True;15999.0;True;15991.0;True;8631.0;True;15991.0;True;15991.0;True;False
69.812000;55.046000;8651.0;8570.000000;91.924399;True;15915.0;True;15999.0;True;8651.0;True;15915.0;True;15999.0;True;False
69.922000;55.156000;8651.0;8590.000000;96.843926;True;15915.0;True;15999.0;True;8773.0;True;15915.0;True;15915.0;True;False
70.047000;55.281000;8773.0;8611.000000;105.240550;True;15921.0;True;15915.0;True;8672.0;True;15915.0;True;15915.0;True;False
70.172000;55.406000;8702.0;8651.000000;123.216602;True;15921.0;True;15915.0;True;8712.0;True;15921.0;True;15921.0;True;False
70.297000;55.531000;8712.0;8651.000000;100.515464;True;15935.0;True;15921.0;True;8773.0;True;15921.0;True;15921.0;True;False
70.422000;55.656000;8773.0;8662.000000;69.965870;True;15935.0;True;15921.0;True;8722.0;True;15935.0;True;15935.0;True;False
70.547000;55.781000;8722.0;8702.000000;87.030717;True;15948.0;True;15935.0;True;8773.0;True;15939.0;True;15939.0;True;False
70.672000;55.906000;8773.0;8712.000000;91.296928;True;15948.0;True;15939.0;True;8773.0;True;15948.0;True;15948.0;True;False
70.797000;56.031000;8773.0;8722.000000;94.915254;True;15955.0;True;15948.0;True;8773.0;True;15948.0;True;15948.0;True;False
70.922000;56.156000;8773.0;8773.000000;142.372881;True;15955.0;True;15948.0;True;8815.0;True;15955.0;True;15955.0;True;False
71.047000;56.281000;8815.0;8773.000000;142.372881;True;15960.0;True;15955.0;True;8855.0;True;15955.0;True;15955.0;True;False
71.172000;56.406000;8855.0;8773.000000;142.372881;True;15960.0;True;15955.0;True;8835.0;True;15960.0;True;15960.0;True;False
71.281000;56.515000;8835.0;8773.000000;135.309278;True;15963.0;True;15960.0;True;8865.0;True;15963.0;True;15963.0;True;False
71.391000;56.625000;8865.0;8773.000000;136.186770;True;15975.0;True;15963.0;True;8977.0;True;15963.0;True;15963.0;True;False
71.500000;56.734000;8926.0;8815.000000;154.345006;True;15975.0;True;15963.0;True;8926.0;True;15975.0;True;15963.0;True;False
71.609000;56.843000;8997.0;8835.000000;150.086505;True;15975.0;True;15975.0;True;8997.0;True;15975.0;True;15975.0;True;False
71.734000;56.968000;9028.0;8855.000000;150.086505;True;15975.0;True;15975.0;True;9028.0;True;15975.0;True;15975.0;True;False
71.844000;57.078000;9028.0;8865.000000;141.488899;True;15975.0;True;15975.0;True;8997.0;True;15975.0;True;15975.0;True;False
71.953000;57.187000;8997.0;8926.000000;157.105031;True;15974.0;True;15975.0;True;9130.0;True;15974.0;True;15975.0;True;False
72.078000;57.312000;9048.0;8997.000000;188.437776;True;15974.0;True;15975.0;True;9048.0;True;15974.0;True;15974.0;True;False
72.172000;57.406000;9048.0;8997.000000;180.888889;True;15973.0;True;15974.0;True;9058.0;True;15974.0;True;15974.0;True;False
72.297000;57.531000;9058.0;9028.000000;185.333333;True;15973.0;True;15974.0;True;9100.0;True;15973.0;True;15973.0;True;False
72.406000;57.640000;9100.0;9028.000000;168.755595;True;15972.0;True;15973.0;True;9181.0;True;15973.0;True;15973.0;True;False
72.531000;57.765000;9181.0;9048.000000;177.708147;True;15963.0;True;15973.0;True;9100.0;True;15972.0;True;15972.0;True;False
72.641000;57.875000;9100.0;9048.000000;173.952231;True;15963.0;True;15972.0;True;9068.0;True;15963.0;True;15963.0;True;False
72.766000;58.000000;9068.0;9058.000000;160.432627;True;15964.0;True;15963.0;True;9141.0;True;15963.0;True;15963.0;True;False
72.891000;58.125000;9141.0;9068.000000;160.432627;True;15970.0;True;15963.0;True;9191.0;True;15964.0;True;15964.0;True;False
73.016000;58.250000;9191.0;9100.000000;170.347003;True;15969.0;True;15964.0;True;9252.0;True;15970.0;True;15970.0;True;False
73.156000;58.390000;9252.0;9100.000000;146.374217;True;15969.0;True;15970.0;True;9222.0;True;15969.0;True;15969.0;True;False
73.281000;58.515000;9222.0;9141.000000;164.726947;True;15964.0;True;15969.0;True;9232.0;True;15964.0;True;15964.0;True;False
73.406000;58.640000;9232.0;9181.000000;182.632050;True;15964.0;True;15964.0;True;9262.0;True;15964.0;True;15964.0;True;False
73.531000;58.765000;9262.0;9191.000000;185.777778;True;15963.0;True;15964.0;True;9293.0;True;15964.0;True;15964.0;True;False
73.656000;58.890000;9293.0;9222.000000;198.233996;True;15963.0;True;15964.0;True;9466.0;True;15963.0;True;15963.0;True;False
73.797000;59.031000;9466.0;9232.000000;181.541141;True;15961.0;True;15963.0;True;9355.0;True;15963.0;True;15963.0;True;False
73.922000;59.156000;9355.0;9252.000000;180.285344;True;15944.0;True;15963.0;True;9385.0;True;15961.0;True;15961.0;True;False
74.047000;59.281000;9385.0;9262.000000;175.961954;True;15944.0;True;15961.0;True;9426.0;True;15944.0;True;15944.0;True;False
74.172000;59.406000;9355.0;9293.000000;183.848797;True;15939.0;True;15944.0;True;9355.0;True;15939.0;True;15944.0;True;False
74.266000;59.500000;9355.0;9355.000000;185.473411;True;15934.0;True;15944.0;True;9345.0;True;15939.0;True;15939.0;True;False
74.406000;59.640000;9345.0;9355.000000;153.780069;True;15939.0;True;15939.0;True;9405.0;True;15934.0;True;15934.0;True;False
74.531000;59.765000;9405.0;9355.000000;151.759220;True;15939.0;True;15934.0;True;9375.0;True;15939.0;True;15939.0;True;False
74.656000;59.890000;9375.0;9355.000000;138.618058;True;15943.0;True;15939.0;True;9537.0;True;15939.0;True;15939.0;True;False
74.781000;60.015000;9537.0;9375.000000;146.105263;True;15943.0;True;15939.0;True;9446.0;True;15943.0;True;15943.0;True;False
74.906000;60.140000;9446.0;9375.000000;137.684211;True;15938.0;True;15943.0;True;9385.0;True;15943.0;True;15943.0;True;False
75.016000;60.250000;9385.0;9385.000000;141.894737;True;15938.0;True;15943.0;True;9385.0;True;15938.0;True;15938.0;True;False
75.141000;60.375000;9385.0;9385.000000;137.684211;True;15946.0;True;15938.0;True;9426.0;True;15938.0;True;15938.0;True;False
75.281000;60.515000;9426.0;9385.000000;132.635983;True;15946.0;True;15938.0;True;9385.0;True;15946.0;True;15946.0;True;False
75.406000;60.640000;9385.0;9385.000000;119.246862;True;15952.0;True;15946.0;True;9476.0;True;15946.0;True;15946.0;True;False
75.516000;60.750000;9476.0;9405.000000;129.237288;True;15968.0;True;15946.0;True;9630.0;True;15952.0;True;15952.0;True;False
75.641000;60.875000;9527.0;9426.000000;120.762712;True;15968.0;True;15952.0;True;9527.0;True;15968.0;True;15968.0;True;False
75.750000;60.984000;9527.0;9446.000000;113.054608;True;15968.0;True;15968.0;True;9598.0;True;15968.0;True;15968.0;True;False
75.875000;61.109000;9598.0;9446.000000;108.788396;True;15970.0;True;15968.0;True;9630.0;True;15970.0;True;15970.0;True;False
76.000000;61.234000;9630.0;9476.000000;108.361775;True;15968.0;True;15970.0;True;9588.0;True;15968.0;True;15970.0;True;False
76.109000;61.343000;9608.0;9527.000000;127.595156;True;15965.0;True;15968.0;True;9608.0;True;15968.0;True;15968.0;True;False
76.234000;61.468000;9680.0;9527.000000;118.944637;True;15965.0;True;15968.0;True;9680.0;True;15965.0;True;15965.0;True;False
76.344000;61.578000;9680.0;9598.000000;146.277754;True;15961.0;True;15968.0;True;9598.0;True;15965.0;True;15965.0;True;False
76.437000;61.671000;9630.0;9608.000000;139.072848;True;15961.0;True;15965.0;True;9711.0;True;15961.0;True;15961.0;True;False
76.578000;61.812000;9711.0;9630.000000;118.944637;True;15962.0;True;15961.0;True;9863.0;True;15962.0;True;15962.0;True;False
76.703000;61.937000;9863.0;9630.000000;119.721376;True;15959.0;True;15962.0;True;9883.0;True;15962.0;True;15962.0;True;False
76.828000;62.062000;9883.0;9680.000000;141.488899;True;15930.0;True;15962.0;True;9843.0;True;15959.0;True;15959.0;True;False
76.953000;62.187000;9843.0;9680.000000;141.488899;True;15930.0;True;15959.0;True;9812.0;True;15930.0;True;15930.0;True;False
77.078000;62.312000;9812.0;9711.000000;146.277754;True;15921.0;True;15930.0;True;9762.0;True;15921.0;True;15921.0;True;False
77.219000;62.453000;9762.0;9762.000000;167.315175;True;15916.0;True;15921.0;True;9905.0;True;15921.0;True;15921.0;True;False
77.344000;62.578000;9905.0;9812.000000;183.419244;True;15906.0;True;15921.0;True;10016.0;True;15916.0;True;15916.0;True;False
77.469000;62.703000;10016.0;9843.000000;196.735395;True;15906.0;True;15916.0;True;9986.0;True;15906.0;True;15906.0;True;False
77.594000;62.828000;9986.0;9863.000000;206.658020;True;15890.0;True;15906.0;True;9925.0;True;15906.0;True;15906.0;True;False
77.719000;62.953000;9925.0;9883.000000;215.304799;True;15877.0;True;15906.0;True;9935.0;True;15877.0;True;15890.0;True;False
77.844000;63.078000;9935.0;9905.000000;214.776632;True;15865.0;True;15890.0;True;10027.0;True;15877.0;True;15877.0;True;False
77.969000;63.203000;10027.0;9925.000000;214.347079;True;15865.0;True;15877.0;True;10148.0;True;15865.0;True;15865.0;True;False
78.109000;63.343000;10148.0;9935.000000;207.291225;True;15854.0;True;15865.0;True;10158.0;True;15865.0;True;15865.0;True;False
78.219000;63.453000;10158.0;9986.000000;230.375427;True;15834.0;True;15865.0;True;9966.0;True;15854.0;True;15854.0;True;False
78.344000;63.578000;9966.0;9986.000000;217.576792;True;15814.0;True;15854.0;True;10180.0;True;15834.0;True;15834.0;True;False
78.469000;63.703000;10180.0;10016.000000;207.203390;True;15814.0;True;15834.0;True;10200.0;True;15814.0;True;15814.0;True;False
78.594000;63.828000;10200.0;10027.000000;211.864407;True;15797.0;True;15814.0;True;10180.0;True;15814.0;True;15814.0;True;False
78.703000;63.937000;10180.0;10148.000000;233.149640;True;15780.0;True;15814.0;True;10118.0;True;15780.0;True;15780.0;True;False
78.844000;64.078000;10118.0;10148.000000;224.345658;True;15760.0;True;15780.0;True;10210.0;True;15780.0;True;15780.0;True;False
78.953000;64.187000;10210.0;10158.000000;222.315789;True;15760.0;True;15780.0;True;10291.0;True;15760.0;True;15760.0;True;False
79.094000;64.328000;10291.0;10180.000000;230.029276;True;15747.0;True;15760.0;True;10281.0;True;15747.0;True;15747.0;True;False
79.219000;64.453000;10281.0;10180.000000;209.117524;True;15714.0;True;15747.0;True;10322.0;True;15747.0;True;15747.0;True;False
79.359000;64.593000;10322.0;10200.000000;216.126351;True;15697.0;True;15747.0;True;10291.0;True;15714.0;True;15714.0;True;False
79.469000;64.703000;10352.0;10210.000000;208.699289;True;15697.0;True;15714.0;True;10302.0;True;15697.0;True;15697.0;True;False
79.594000;64.828000;10302.0;10281.000000;218.526316;True;15679.0;True;15697.0;True;10423.0;True;15697.0;True;15697.0;True;False
79.719000;64.953000;10423.0;10291.000000;201.684211;True;15647.0;True;15697.0;True;10393.0;True;15679.0;True;15679.0;True;False
79.828000;65.062000;10393.0;10302.000000;194.573972;True;15647.0;True;15679.0;True;10383.0;True;15647.0;True;15647.0;True;False
79.953000;65.187000;10383.0;10322.000000;194.573972;True;15617.0;True;15647.0;True;10423.0;True;15631.0;True;15631.0;True;False
80.109000;65.343000;10423.0;10352.000000;196.234310;True;15617.0;True;15631.0;True;10352.0;True;15617.0;True;15617.0;True;False
80.219000;65.453000;10423.0;10383.000000;201.263158;True;15594.0;True;15617.0;True;10423.0;True;15594.0;True;15617.0;True;False
80.312000;65.546000;10423.0;10393.000000;199.743918;True;15594.0;True;15617.0;True;10485.0;True;15594.0;True;15594.0;True;False
80.437000;65.671000;10485.0;10423.000000;209.621993;True;15567.0;True;15594.0;True;10413.0;True;15594.0;True;15594.0;True;False
80.562000;65.796000;10413.0;10423.000000;186.513017;True;15567.0;True;15594.0;True;10536.0;True;15567.0;True;15567.0;True;False
80.687000;65.921000;10577.0;10423.000000;186.513017;True;15542.0;True;15567.0;True;10577.0;True;15559.0;True;15567.0;True;False
80.828000;66.062000;10546.0;10423.000000;172.530733;True;15542.0;True;15559.0;True;10546.0;True;15542.0;True;15559.0;True;False
80.937000;66.171000;10506.0;10423.000000;169.014085;True;15510.0;True;15542.0;True;10506.0;True;15510.0;True;15542.0;True;False
81.062000;66.296000;10617.0;10485.000000;142.857143;True;15501.0;True;15510.0;True;10688.0;True;15510.0;True;15510.0;True;False
81.172000;66.406000;10617.0;10506.000000;153.780069;True;15484.0;True;15510.0;True;10566.0;True;15510.0;True;15510.0;True;False
81.281000;66.515000;10566.0;10546.000000;166.666667;True;15484.0;True;15510.0;True;10668.0;True;15484.0;True;15484.0;True;False
81.406000;66.640000;10668.0;10566.000000;166.955017;True;15456.0;True;15484.0;True;10678.0;True;15484.0;True;15484.0;True;False
81.531000;66.765000;10678.0;10577.000000;171.712803;True;15456.0;True;15484.0;True;10668.0;True;15456.0;True;15456.0;True;False
81.656000;66.890000;10617.0;10617.000000;181.541141;True;15439.0;True;15456.0;True;10710.0;True;15439.0;True;15439.0;True;False
81.766000;67.000000;10710.0;10617.000000;177.187636;True;15429.0;True;15439.0;True;10760.0;True;15439.0;True;15439.0;True;False
81.875000;67.109000;10760.0;10617.000000;147.303814;True;15413.0;True;15439.0;True;10750.0;True;15429.0;True;15429.0;True;False
81.984000;67.218000;10730.0;10668.000000;166.445916;True;15394.0;True;15429.0;True;10730.0;True;15394.0;True;15429.0;True;False
82.109000;67.343000;10760.0;10678.000000;164.839982;True;15394.0;True;15394.0;True;10760.0;True;15394.0;True;15394.0;True;False
82.234000;67.468000;10740.0;10710.000000;170.100833;True;15364.0;True;15394.0;True;10740.0;True;15364.0;True;15394.0;True;False
82.328000;67.562000;10740.0;10730.000000;170.347003;True;15364.0;True;15394.0;True;10730.0;True;15364.0;True;15364.0;True;False
82.453000;67.687000;10730.0;10730.000000;155.326768;True;15351.0;True;15364.0;True;10872.0;True;15364.0;True;15364.0;True;False
82.578000;67.812000;10872.0;10740.000000;153.133274;True;15321.0;True;15364.0;True;10831.0;True;15351.0;True;15351.0;True;False
82.703000;67.937000;10831.0;10740.000000;139.894086;True;15321.0;True;15351.0;True;10770.0;True;15321.0;True;15321.0;True;False
82.828000;68.062000;10770.0;10760.000000;148.720212;True;15306.0;True;15321.0;True;10821.0;True;15321.0;True;15321.0;True;False
82.969000;68.203000;10821.0;10760.000000;147.677476;True;15297.0;True;15321.0;True;10933.0;True;15306.0;True;15306.0;True;False
83.078000;68.312000;10933.0;10770.000000;154.222222;True;15286.0;True;15306.0;True;10923.0;True;15297.0;True;15297.0;True;False
83.203000;68.437000;10923.0;10821.000000;175.639894;True;15267.0;True;15297.0;True;10892.0;True;15286.0;True;15286.0;True;False
83.312000;68.546000;10892.0;10831.000000;153.777778;True;15251.0;True;15286.0;True;10902.0;True;15267.0;True;15267.0;True;False
83.437000;68.671000;10902.0;10872.000000;161.589404;True;15227.0;True;15267.0;True;11066.0;True;15251.0;True;15251.0;True;False
83.562000;68.796000;11066.0;10892.000000;151.687856;True;15227.0;True;15251.0;True;10831.0;True;15227.0;True;15227.0;True;False
83.703000;68.937000;10831.0;10892.000000;141.924249;True;15203.0;True;15227.0;True;10892.0;True;15203.0;True;15203.0;True;False
83.828000;69.062000;10892.0;10892.000000;137.135394;True;15194.0;True;15203.0;True;10933.0;True;15203.0;True;15203.0;True;False
83.953000;69.187000;10933.0;10902.000000;124.074880;True;15185.0;True;15203.0;True;10943.0;True;15194.0;True;15194.0;True;False
84.078000;69.312000;10943.0;10923.000000;132.352941;True;15185.0;True;15194.0;True;10923.0;True;15185.0;True;15185.0;True;False
84.203000;69.437000;10923.0;10923.000000;131.443299;True;15177.0;True;15185.0;True;11005.0;True;15177.0;True;15177.0;True;False
84.328000;69.562000;11005.0;10923.000000;108.788396;True;15162.0;True;15177.0;True;11066.0;True;15177.0;True;15177.0;True;False
84.453000;69.687000;11066.0;10933.000000;108.788396;True;15148.0;True;15177.0;True;11086.0;True;15162.0;True;15162.0;True;False
84.578000;69.812000;11106.0;10943.000000;99.402730;True;15148.0;True;15162.0;True;11035.0;True;15148.0;True;15148.0;True;False
84.687000;69.921000;11035.0;10943.000000;90.292497;True;15133.0;True;15148.0;True;11066.0;True;15148.0;True;15148.0;True;False
84.797000;70.031000;11066.0;11005.000000;117.320819;True;15115.0;True;15148.0;True;11056.0;True;15133.0;True;15133.0;True;False
84.922000;70.156000;11056.0;11035.000000;125.853242;True;15115.0;True;15133.0;True;11086.0;True;15115.0;True;15115.0;True;False
85.062000;70.296000;11086.0;11056.000000;133.955066;True;15100.0;True;15115.0;True;11116.0;True;15108.0;True;15108.0;True;False
85.187000;70.421000;11116.0;11066.000000;129.715981;True;15100.0;True;15108.0;True;11127.0;True;15100.0;True;15100.0;True;False
85.312000;70.546000;11127.0;11066.000000;130.601793;True;15082.0;True;15100.0;True;11188.0;True;15100.0;True;15100.0;True;False
85.437000;70.671000;11188.0;11086.000000;133.955066;True;15069.0;True;15100.0;True;11300.0;True;15082.0;True;15082.0;True;False
85.562000;70.796000;11260.0;11106.000000;120.813904;True;15069.0;True;15082.0;True;11260.0;True;15069.0;True;15069.0;True;False
85.719000;70.953000;11260.0;11116.000000;118.404653;True;15053.0;True;15069.0;True;11157.0;True;15053.0;True;15053.0;True;False
85.844000;71.078000;11157.0;11127.000000;105.941005;True;15053.0;True;15053.0;True;11137.0;True;15053.0;True;15053.0;True;False
85.969000;71.203000;11208.0;11157.000000;110.095555;True;15046.0;True;15053.0;True;11177.0;True;15053.0;True;15053.0;True;False
86.094000;71.328000;11177.0;11177.000000;119.196989;True;15030.0;True;15053.0;True;11300.0;True;15046.0;True;15046.0;True;False
86.219000;71.453000;11300.0;11188.000000;123.797574;True;15030.0;True;15046.0;True;11371.0;True;15030.0;True;15030.0;True;False
86.344000;71.578000;11371.0;11208.000000;127.979925;True;15015.0;True;15030.0;True;11392.0;True;15015.0;True;15015.0;True;False
86.453000;71.687000;11392.0;11260.000000;141.894737;True;14996.0;True;15015.0;True;11290.0;True;15015.0;True;15015.0;True;False
86.578000;71.812000;11290.0;11260.000000;141.894737;True;14977.0;True;15015.0;True;11341.0;True;14996.0;True;14996.0;True;False
86.703000;71.937000;11341.0;11290.000000;154.526316;True;14968.0;True;14996.0;True;11381.0;True;14968.0;True;14968.0;True;False
86.828000;72.062000;11381.0;11300.000000;154.526316;True;14942.0;True;14968.0;True;11320.0;True;14968.0;True;14968.0;True;False
86.953000;72.187000;11320.0;11320.000000;158.736842;True;14935.0;True;14968.0;True;11503.0;True;14942.0;True;14942.0;True;False
87.078000;72.312000;11341.0;11341.000000;166.457549;True;14935.0;True;14942.0;True;11503.0;True;14935.0;True;14935.0;True;False
87.187000;72.421000;11503.0;11341.000000;140.585774;True;14927.0;True;14935.0;True;11402.0;True;14935.0;True;14935.0;True;False
87.312000;72.546000;11402.0;11371.000000;140.585774;True;14897.0;True;14935.0;True;11392.0;True;14927.0;True;14927.0;True;False
87.437000;72.671000;11392.0;11381.000000;136.842105;True;14889.0;True;14927.0;True;11442.0;True;14897.0;True;14897.0;True;False
87.562000;72.796000;11442.0;11381.000000;132.631579;True;14878.0;True;14897.0;True;11452.0;True;14889.0;True;14889.0;True;False
87.687000;72.921000;11452.0;11392.000000;137.263158;True;14878.0;True;14889.0;True;11402.0;True;14878.0;True;14878.0;True;False
87.828000;73.062000;11402.0;11402.000000;132.162275;True;14863.0;True;14878.0;True;11442.0;True;14878.0;True;14878.0;True;False
87.937000;73.171000;11442.0;11402.000000;124.631579;True;14863.0;True;14878.0;True;11513.0;True;14863.0;True;14863.0;True;False
88.062000;73.296000;11513.0;11442.000000;139.137857;True;14856.0;True;14863.0;True;11392.0;True;14856.0;True;14856.0;True;False
88.203000;73.437000;11392.0;11442.000000;133.531157;True;14845.0;True;14856.0;True;11412.0;True;14845.0;True;14845.0;True;False
88.328000;73.562000;11463.0;11442.000000;120.813904;True;14840.0;True;14845.0;True;11463.0;True;14845.0;True;14845.0;True;False
88.469000;73.703000;11503.0;11442.000000;111.578947;True;14840.0;True;14845.0;True;11452.0;True;14840.0;True;14840.0;True;False
88.594000;73.828000;11452.0;11452.000000;111.157895;True;14833.0;True;14840.0;True;11463.0;True;14840.0;True;14840.0;True;False
88.719000;73.953000;11463.0;11452.000000;102.736842;True;14830.0;True;14840.0;True;11513.0;True;14831.0;True;14840.0;True;False
88.828000;74.062000;11463.0;11463.000000;85.473684;True;14830.0;True;14831.0;True;11463.0;True;14830.0;True;14831.0;True;False
88.953000;74.187000;11463.0;11463.000000;85.473684;True;14830.0;True;14830.0;True;11503.0;True;14830.0;True;14830.0;True;False
89.062000;74.296000;11503.0;11463.000000;73.336159;True;14830.0;True;14830.0;True;11545.0;True;14830.0;True;14830.0;True;False
89.172000;74.406000;11545.0;11463.000000;69.539249;True;14830.0;True;14830.0;True;11606.0;True;14830.0;True;14830.0;True;False
89.281000;74.515000;11545.0;11463.000000;61.426117;True;14827.0;True;14830.0;True;11555.0;True;14830.0;True;14830.0;True;False
89.391000;74.625000;11555.0;11503.000000;70.038911;True;14816.0;True;14830.0;True;11545.0;True;14827.0;True;14827.0;True;False
89.516000;74.750000;11545.0;11503.000000;69.557750;True;14816.0;True;14827.0;True;11667.0;True;14816.0;True;14816.0;True;False
89.625000;74.859000;11667.0;11545.000000;75.226978;True;14813.0;True;14816.0;True;11616.0;True;14816.0;True;14816.0;True;False
89.750000;74.984000;11616.0;11545.000000;70.903588;True;14795.0;True;14813.0;True;11606.0;True;14795.0;True;14813.0;True;False
89.875000;75.109000;11616.0;11545.000000;70.903588;True;14795.0;True;14813.0;True;11646.0;True;14795.0;True;14795.0;True;False
90.000000;75.234000;11646.0;11555.000000;70.471249;True;14795.0;True;14795.0;True;11656.0;True;14795.0;True;14795.0;True;False
90.125000;75.359000;11656.0;11616.000000;93.164998;True;14787.0;True;14795.0;True;11626.0;True;14787.0;True;14787.0;True;False
90.250000;75.484000;11626.0;11616.000000;92.520536;True;14777.0;True;14787.0;True;11656.0;True;14787.0;True;14787.0;True;False
90.359000;75.593000;11656.0;11626.000000;80.104484;True;14777.0;True;14787.0;True;11707.0;True;14777.0;True;14777.0;True;False
90.484000;75.718000;11707.0;11646.000000;89.434459;True;14772.0;True;14777.0;True;11717.0;True;14777.0;True;14777.0;True;False
90.609000;75.843000;11717.0;11656.000000;93.818501;True;14764.0;True;14777.0;True;11646.0;True;14764.0;True;14764.0;True;False
90.734000;75.968000;11646.0;11646.000000;90.066225;True;14756.0;True;14764.0;True;11667.0;True;14764.0;True;14764.0;True;False
90.859000;76.093000;11667.0;11656.000000;90.066225;True;14755.0;True;14764.0;True;11717.0;True;14756.0;True;14756.0;True;False
90.969000;76.203000;11717.0;11656.000000;90.666667;True;14755.0;True;14756.0;True;11758.0;True;14755.0;True;14755.0;True;False
91.094000;76.328000;11758.0;11667.000000;90.026478;True;14751.0;True;14755.0;True;11738.0;True;14755.0;True;14755.0;True;False
91.219000;76.453000;11738.0;11707.000000;107.678729;True;14742.0;True;14755.0;True;11727.0;True;14751.0;True;14751.0;True;False
91.359000;76.593000;11727.0;11717.000000;110.579016;True;14742.0;True;14751.0;True;11788.0;True;14742.0;True;14742.0;True;False
91.484000;76.718000;11788.0;11717.000000;109.861592;True;14741.0;True;14742.0;True;11727.0;True;14741.0;True;14741.0;True;False
91.609000;76.843000;11727.0;11727.000000;113.402062;True;14735.0;True;14741.0;True;11707.0;True;14741.0;True;14741.0;True;False
91.734000;76.968000;11707.0;11727.000000;95.603927;True;14740.0;True;14741.0;True;11707.0;True;14735.0;True;14735.0;True;False
91.859000;77.093000;11707.0;11727.000000;95.603927;True;14740.0;True;14735.0;True;11830.0;True;14740.0;True;14740.0;True;False
91.969000;77.203000;11830.0;11727.000000;77.645051;True;14740.0;True;14740.0;True;11820.0;True;14740.0;True;14740.0;True;False
92.094000;77.328000;11820.0;11738.000000;82.337884;True;14735.0;True;14740.0;True;11778.0;True;14735.0;True;14735.0;True;False
92.219000;77.453000;11778.0;11738.000000;82.337884;True;14732.0;True;14735.0;True;11717.0;True;14735.0;True;14735.0;True;False
92.344000;77.578000;11717.0;11727.000000;73.378840;True;14739.0;True;14735.0;True;11768.0;True;14732.0;True;14732.0;True;False
92.469000;77.703000;11748.0;11748.000000;56.313993;True;14739.0;True;14732.0;True;11840.0;True;14739.0;True;14739.0;True;False
92.594000;77.828000;11840.0;11748.000000;56.313993;True;14745.0;True;14739.0;True;11850.0;True;14739.0;True;14739.0;True;False
92.734000;77.968000;11850.0;11778.000000;64.000000;True;14743.0;True;14739.0;True;11871.0;True;14745.0;True;14745.0;True;False
92.859000;78.093000;11871.0;11820.000000;73.263158;True;14741.0;True;14745.0;True;11972.0;True;14743.0;True;14743.0;True;False
92.984000;78.218000;11972.0;11830.000000;73.263158;True;14741.0;True;14743.0;True;11962.0;True;14741.0;True;14741.0;True;False
93.094000;78.328000;11962.0;11840.000000;82.203390;True;14733.0;True;14741.0;True;11942.0;True;14741.0;True;14741.0;True;False
93.219000;78.453000;11942.0;11850.000000;82.203390;True;14723.0;True;14741.0;True;11972.0;True;14733.0;True;14733.0;True;False
93.344000;78.578000;11972.0;11871.000000;90.526316;True;14723.0;True;14733.0;True;12033.0;True;14723.0;True;14723.0;True;False
93.469000;78.703000;12023.0;11942.000000;115.789474;True;14718.0;True;14723.0;True;11952.0;True;14718.0;True;14718.0;True;False
93.594000;78.828000;11952.0;11952.000000;103.157895;True;14710.0;True;14718.0;True;11901.0;True;14718.0;True;14718.0;True;False
93.719000;78.953000;11921.0;11952.000000;99.576271;True;14712.0;True;14710.0;True;11921.0;True;14712.0;True;14710.0;True;False
93.828000;79.062000;11921.0;11952.000000;100.255973;True;14712.0;True;14710.0;True;11921.0;True;14712.0;True;14712.0;True;False
93.953000;79.187000;11921.0;11952.000000;95.989761;True;14716.0;True;14712.0;True;11901.0;True;14712.0;True;14712.0;True;False
94.094000;79.328000;11901.0;11942.000000;91.101695;True;14716.0;True;14712.0;True;11881.0;True;14716.0;True;14716.0;True;False
94.219000;79.453000;12085.0;11942.000000;91.101695;True;14730.0;True;14716.0;True;12085.0;True;14730.0;True;14716.0;True;False
94.328000;79.562000;12085.0;11952.000000;95.379398;True;14723.0;True;14716.0;True;12043.0;True;14730.0;True;14730.0;True;False
94.437000;79.671000;12043.0;11952.000000;91.335894;True;14723.0;True;14730.0;True;11992.0;True;14723.0;True;14723.0;True;False
94.562000;79.796000;11992.0;11952.000000;91.335894;True;14720.0;True;14723.0;True;11982.0;True;14723.0;True;14723.0;True;False
94.687000;79.921000;11982.0;11982.000000;108.834827;True;14727.0;True;14723.0;True;11982.0;True;14720.0;True;14720.0;True;False
94.797000;80.031000;11982.0;11982.000000;100.515464;True;14727.0;True;14720.0;True;12013.0;True;14727.0;True;14720.0;True;False
94.922000;80.156000;11942.0;11982.000000;100.515464;True;14727.0;True;14727.0;True;11942.0;True;14727.0;True;14727.0;True;False
95.031000;80.265000;11911.0;11982.000000;88.811493;True;14727.0;True;14727.0;True;11911.0;True;14727.0;True;14727.0;True;False
95.141000;80.375000;11972.0;11982.000000;70.990359;True;14747.0;True;14727.0;True;11972.0;True;14747.0;True;14747.0;True;False
95.250000;80.484000;12075.0;11982.000000;67.078553;True;14747.0;True;14747.0;True;12105.0;True;14747.0;True;14747.0;True;False
95.375000;80.609000;12105.0;11982.000000;62.253398;True;14754.0;True;14747.0;True;12023.0;True;14754.0;True;14747.0;True;False
95.484000;80.718000;11992.0;11982.000000;58.278146;True;14753.0;True;14754.0;True;11992.0;True;14754.0;True;14754.0;True;False
95.609000;80.843000;12023.0;11982.000000;49.006623;True;14753.0;True;14754.0;True;12023.0;True;14753.0;True;14754.0;True;False
95.719000;80.953000;12013.0;11992.000000;22.222222;True;14769.0;True;14753.0;True;12013.0;True;14769.0;True;14753.0;True;False
95.828000;81.062000;12013.0;12013.000000;27.305282;True;14778.0;True;14753.0;True;12002.0;True;14769.0;True;14769.0;True;False
95.953000;81.187000;12002.0;12013.000000;27.305282;True;14778.0;True;14769.0;True;12033.0;True;14778.0;True;14778.0;True;False
96.078000;81.312000;12033.0;12013.000000;27.111111;True;14788.0;True;14778.0;True;12063.0;True;14778.0;True;14778.0;True;False
96.203000;81.437000;12063.0;12023.000000;31.555556;True;14805.0;True;14778.0;True;12033.0;True;14788.0;True;14788.0;True;False
96.312000;81.546000;12033.0;12023.000000;36.519387;True;14805.0;True;14788.0;True;11992.0;True;14805.0;True;14805.0;True;False
96.437000;81.671000;11992.0;12013.000000;32.010821;True;14815.0;True;14805.0;True;12023.0;True;14815.0;True;14815.0;True;False
96.562000;81.796000;12023.0;12023.000000;31.781558;True;14830.0;True;14815.0;True;12217.0;True;14815.0;True;14815.0;True;False
96.687000;81.921000;12217.0;12023.000000;31.555556;True;14840.0;True;14815.0;True;12247.0;True;14830.0;True;14830.0;True;False
96.812000;82.046000;12247.0;12033.000000;36.000000;True;14840.0;True;14830.0;True;12206.0;True;14840.0;True;14840.0;True;False
96.937000;82.171000;12146.0;12033.000000;22.666667;True;14837.0;True;14840.0;True;12115.0;True;14837.0;True;14837.0;True;False
97.078000;82.312000;12115.0;12063.000000;35.510741;True;14842.0;True;14837.0;True;12043.0;True;14842.0;True;14842.0;True;False
97.187000;82.421000;12043.0;12063.000000;35.761589;True;14867.0;True;14842.0;True;12002.0;True;14842.0;True;14842.0;True;False
97.297000;82.531000;12095.0;12095.000000;49.867608;True;14867.0;True;14842.0;True;12095.0;True;14867.0;True;14842.0;True;False
97.406000;82.640000;12237.0;12115.000000;58.719647;True;14867.0;True;14867.0;True;12237.0;True;14867.0;True;14867.0;True;False
97.516000;82.750000;12278.0;12146.000000;72.374228;True;14881.0;True;14867.0;True;12278.0;True;14881.0;True;14867.0;True;False
97.641000;82.875000;12278.0;12217.000000;103.706973;True;14881.0;True;14881.0;True;12278.0;True;14881.0;True;14881.0;True;False
97.750000;82.984000;12278.0;12237.000000;112.533098;True;14880.0;True;14881.0;True;12227.0;True;14881.0;True;14881.0;True;False
97.859000;83.093000;12247.0;12237.000000;113.333333;True;14882.0;True;14881.0;True;12278.0;True;14880.0;True;14880.0;True;False
97.984000;83.218000;12278.0;12247.000000;112.582781;True;14882.0;True;14880.0;True;12350.0;True;14882.0;True;14882.0;True;False
98.109000;83.343000;12350.0;12278.000000;116.177115;True;14879.0;True;14882.0;True;12338.0;True;14882.0;True;14882.0;True;False
98.234000;83.468000;12338.0;12278.000000;116.177115;True;14879.0;True;14882.0;True;12288.0;True;14879.0;True;14879.0;True;False
98.359000;83.593000;12288.0;12278.000000;116.177115;True;14880.0;True;14879.0;True;12400.0;True;14879.0;True;14879.0;True;False
98.484000;83.718000;12400.0;12278.000000;111.793073;True;14875.0;True;14879.0;True;12390.0;True;14880.0;True;14880.0;True;False
98.594000;83.828000;12390.0;12288.000000;116.126205;True;14875.0;True;14880.0;True;12308.0;True;14875.0;True;14875.0;True;False
98.719000;83.953000;12400.0;12338.000000;142.418931;True;14876.0;True;14875.0;True;12400.0;True;14876.0;True;14875.0;True;False
98.828000;84.062000;12400.0;12350.000000;144.307149;True;14874.0;True;14875.0;True;12421.0;True;14876.0;True;14876.0;True;False
99.187000;84.421000;12421.0;12390.000000;146.800000;True;14874.0;True;14876.0;True;12380.0;True;14874.0;True;14874.0;True;False
99.312000;84.546000;12380.0;12390.000000;142.800000;True;14872.0;True;14874.0;True;12471.0;True;14874.0;True;14874.0;True;False
99.437000;84.671000;12471.0;12400.000000;146.800000;True;14867.0;True;14874.0;True;12492.0;True;14872.0;True;14872.0;True;False
99.547000;84.781000;12492.0;12400.000000;136.492507;True;14867.0;True;14872.0;True;12481.0;True;14867.0;True;14867.0;True;False
99.656000;84.890000;12481.0;12400.000000;136.492507;True;14867.0;True;14867.0;True;12451.0;True;14867.0;True;14867.0;True;False
99.781000;85.015000;12481.0;12421.000000;131.239936;True;14862.0;True;14867.0;True;12471.0;True;14867.0;True;14867.0;True;False
99.922000;85.156000;12471.0;12471.000000;141.494436;True;14856.0;True;14867.0;True;12593.0;True;14862.0;True;14862.0;True;False
100.047000;85.281000;12593.0;12471.000000;128.407744;True;14856.0;True;14862.0;True;12481.0;True;14856.0;True;14856.0;True;False
100.172000;85.406000;12481.0;12481.000000;104.306598;True;14845.0;True;14856.0;True;12563.0;True;14845.0;True;14845.0;True;False
100.297000;85.531000;12563.0;12481.000000;95.798979;True;14844.0;True;14845.0;True;12625.0;True;14845.0;True;14845.0;True;False
100.406000;85.640000;12625.0;12481.000000;95.798979;True;14827.0;True;14845.0;True;12603.0;True;14844.0;True;14844.0;True;False
100.516000;85.750000;12603.0;12492.000000;96.761453;True;14827.0;True;14844.0;True;12593.0;True;14827.0;True;14827.0;True;False
100.625000;85.859000;12563.0;12563.000000;113.275040;True;14820.0;True;14827.0;True;12563.0;True;14820.0;True;14827.0;True;False
100.750000;85.984000;12532.0;12563.000000;113.275040;True;14816.0;True;14820.0;True;12655.0;True;14820.0;True;14820.0;True;False
100.859000;86.093000;12655.0;12563.000000;114.000000;True;14816.0;True;14820.0;True;12685.0;True;14816.0;True;14816.0;True;False
100.969000;86.203000;12685.0;12593.000000;126.760563;True;14807.0;True;14816.0;True;12696.0;True;14807.0;True;14807.0;True;False
101.094000;86.328000;12696.0;12603.000000;126.000000;True;14787.0;True;14807.0;True;12675.0;True;14807.0;True;14807.0;True;False
101.219000;86.453000;12675.0;12625.000000;114.800000;True;14787.0;True;14807.0;True;12675.0;True;14787.0;True;14807.0;True;False
101.328000;86.562000;12685.0;12655.000000;122.000000;True;14787.0;True;14787.0;True;12685.0;True;14787.0;True;14787.0;True;False
101.422000;86.656000;12655.0;12655.000000;118.568233;True;14773.0;True;14787.0;True;12655.0;True;14773.0;True;14787.0;True;False
101.531000;86.765000;12655.0;12655.000000;119.423164;True;14773.0;True;14787.0;True;12613.0;True;14773.0;True;14773.0;True;False
101.641000;86.875000;12613.0;12655.000000;115.698730;True;14769.0;True;14773.0;True;12685.0;True;14773.0;True;14773.0;True;False
101.766000;87.000000;12685.0;12675.000000;123.929698;True;14770.0;True;14773.0;True;12767.0;True;14769.0;True;14769.0;True;False
101.875000;87.109000;12767.0;12685.000000;128.436233;True;14770.0;True;14769.0;True;12736.0;True;14770.0;True;14770.0;True;False
101.984000;87.218000;12736.0;12685.000000;119.836586;True;14755.0;True;14770.0;True;12706.0;True;14755.0;True;14755.0;True;False
102.094000;87.328000;12665.0;12675.000000;93.922652;True;14749.0;True;14755.0;True;12665.0;True;14749.0;True;14755.0;True;False
102.219000;87.453000;12787.0;12685.000000;98.526703;True;14749.0;True;14749.0;True;12787.0;True;14749.0;True;14749.0;True;False
102.328000;87.562000;12787.0;12685.000000;94.619666;True;14749.0;True;14749.0;True;12858.0;True;14749.0;True;14749.0;True;False
102.437000;87.671000;12858.0;12736.000000;119.158879;True;14727.0;True;14749.0;True;12878.0;True;14749.0;True;14749.0;True;False
102.562000;87.796000;12878.0;12767.000000;132.653061;True;14727.0;True;14749.0;True;12828.0;True;14727.0;True;14727.0;True;False
102.687000;87.921000;12828.0;12787.000000;135.882082;True;14714.0;True;14727.0;True;12817.0;True;14714.0;True;14714.0;True;False
102.812000;88.046000;12817.0;12787.000000;102.423411;True;14705.0;True;14714.0;True;12920.0;True;14714.0;True;14714.0;True;False
102.937000;88.171000;12920.0;12817.000000;116.140832;True;14684.0;True;14714.0;True;13021.0;True;14705.0;True;14705.0;True;False
103.062000;88.296000;13021.0;12828.000000;120.290513;True;14684.0;True;14705.0;True;13021.0;True;14684.0;True;14684.0;True;False
103.187000;88.421000;13021.0;12858.000000;119.477006;True;14663.0;True;14684.0;True;12858.0;True;14663.0;True;14663.0;True;False
103.312000;88.546000;12858.0;12858.000000;114.968440;True;14663.0;True;14663.0;True;12930.0;True;14663.0;True;14663.0;True;False
103.422000;88.656000;12930.0;12878.000000;114.843395;True;14656.0;True;14663.0;True;12950.0;True;14663.0;True;14663.0;True;False
103.531000;88.765000;12940.0;12920.000000;120.290513;True;14644.0;True;14663.0;True;12940.0;True;14656.0;True;14663.0;True;False
103.641000;88.875000;12920.0;12920.000000;119.423164;True;14644.0;True;14656.0;True;12868.0;True;14644.0;True;14644.0;True;False
103.750000;88.984000;12868.0;12920.000000;119.423164;True;14624.0;True;14644.0;True;12930.0;True;14624.0;True;14624.0;True;False
103.859000;89.093000;12930.0;12930.000000;123.985573;True;14624.0;True;14624.0;True;13032.0;True;14624.0;True;14624.0;True;False
103.984000;89.218000;13032.0;12930.000000;114.968440;True;14613.0;True;14624.0;True;13062.0;True;14613.0;True;14624.0;True;False
104.094000;89.328000;13032.0;12930.000000;110.410095;True;14598.0;True;14624.0;True;13082.0;True;14613.0;True;14613.0;True;False
104.219000;89.453000;13082.0;12930.000000;109.619687;True;14598.0;True;14613.0;True;13042.0;True;14598.0;True;14598.0;True;False
104.344000;89.578000;13042.0;12940.000000;117.777778;True;14581.0;True;14598.0;True;12888.0;True;14581.0;True;14581.0;True;False
104.469000;89.703000;12888.0;12940.000000;113.333333;True;14567.0;True;14581.0;True;12900.0;True;14581.0;True;14581.0;True;False
104.594000;89.828000;12900.0;12930.000000;108.120035;True;14567.0;True;14581.0;True;12950.0;True;14567.0;True;14567.0;True;False
104.719000;89.953000;12878.0;12930.000000;85.013146;True;14567.0;True;14567.0;True;12878.0;True;14567.0;True;14567.0;True;False
104.828000;90.062000;12878.0;12930.000000;71.932921;True;14564.0;True;14567.0;True;12981.0;True;14567.0;True;14567.0;True;False
104.953000;90.187000;12981.0;12981.000000;85.613416;True;14567.0;True;14567.0;True;13153.0;True;14564.0;True;14564.0;True;False
105.078000;90.312000;13153.0;12981.000000;85.613416;True;14546.0;True;14564.0;True;13195.0;True;14567.0;True;14567.0;True;False
105.203000;90.437000;13195.0;12981.000000;72.374228;True;14546.0;True;14567.0;True;13175.0;True;14546.0;True;14546.0;True;False
105.328000;90.562000;13175.0;12981.000000;67.519859;True;14526.0;True;14546.0;True;13062.0;True;14526.0;True;14526.0;True;False
105.453000;90.687000;13062.0;12981.000000;54.280671;True;14510.0;True;14526.0;True;13195.0;True;14526.0;True;14526.0;True;False
105.578000;90.812000;13195.0;13062.000000;90.026478;True;14487.0;True;14526.0;True;13185.0;True;14510.0;True;14510.0;True;False
105.703000;90.937000;13185.0;13153.000000;120.561157;True;14487.0;True;14510.0;True;13175.0;True;14487.0;True;14487.0;True;False
105.828000;91.062000;13175.0;13175.000000;111.014367;True;14473.0;True;14487.0;True;13123.0;True;14487.0;True;14487.0;True;False
105.953000;91.187000;13123.0;13175.000000;110.294118;True;14453.0;True;14487.0;True;13011.0;True;14473.0;True;14473.0;True;False
106.094000;91.328000;13011.0;13175.000000;108.788396;True;14455.0;True;14473.0;True;13021.0;True;14453.0;True;14453.0;True;False
106.219000;91.453000;13021.0;13175.000000;103.813559;True;14455.0;True;14453.0;True;13042.0;True;14455.0;True;14455.0;True;False
106.328000;91.562000;13042.0;13123.000000;82.337884;True;14460.0;True;14455.0;True;13042.0;True;14455.0;True;14455.0;True;False
106.453000;91.687000;13042.0;13062.000000;55.955914;True;14460.0;True;14455.0;True;13001.0;True;14460.0;True;14460.0;True;False
106.578000;91.812000;13001.0;13042.000000;47.477745;True;14460.0;True;14460.0;True;13032.0;True;14460.0;True;14460.0;True;False
106.703000;91.937000;13032.0;13042.000000;43.238660;True;14469.0;True;14460.0;True;13072.0;True;14460.0;True;14460.0;True;False
106.828000;92.062000;13072.0;13042.000000;43.238660;True;14469.0;True;14460.0;True;13205.0;True;14469.0;True;14469.0;True;False
106.953000;92.187000;13205.0;13042.000000;47.477745;True;14471.0;True;14469.0;True;13092.0;True;14469.0;True;14469.0;True;False
107.078000;92.312000;13092.0;13042.000000;47.477745;True;14462.0;True;14469.0;True;13082.0;True;14471.0;True;14471.0;True;False
107.203000;92.437000;13082.0;13042.000000;47.157895;True;14467.0;True;14471.0;True;13133.0;True;14462.0;True;14462.0;True;False
107.328000;92.562000;13133.0;13072.000000;38.315789;True;14467.0;True;14462.0;True;13185.0;True;14467.0;True;14467.0;True;False
107.453000;92.687000;13185.0;13082.000000;42.526316;True;14466.0;True;14467.0;True;13143.0;True;14466.0;True;14466.0;True;False
107.578000;92.812000;13143.0;13092.000000;46.736842;True;14463.0;True;14466.0;True;13103.0;True;14466.0;True;14466.0;True;False
107.703000;92.937000;13103.0;13103.000000;51.368421;True;14463.0;True;14466.0;True;13103.0;True;14463.0;True;14466.0;True;False
107.828000;93.062000;13123.0;13123.000000;59.789474;True;14463.0;True;14463.0;True;13123.0;True;14463.0;True;14463.0;True;False
107.937000;93.171000;13153.0;13133.000000;30.097499;True;14471.0;True;14463.0;True;13153.0;True;14471.0;True;14463.0;True;False
108.047000;93.281000;13195.0;13133.000000;0.000000;True;14473.0;True;14471.0;True;13195.0;True;14471.0;True;14471.0;True;False
108.172000;93.406000;13195.0;13143.000000;0.000000;True;14473.0;True;14471.0;True;13133.0;True;14473.0;True;14471.0;True;False
108.297000;93.531000;13163.0;13153.000000;0.000000;True;14472.0;True;14473.0;True;13163.0;True;14472.0;True;14473.0;True;False
108.422000;93.656000;13225.0;13163.000000;0.000000;True;14472.0;True;14472.0;True;13225.0;True;14472.0;True;14472.0;True;False
108.547000;93.781000;13195.0;13163.000000;0.000000;True;14473.0;True;14472.0;True;13133.0;True;14473.0;True;14473.0;True;False
108.672000;93.906000;13133.0;13163.000000;17.064846;True;14474.0;True;14473.0;True;13143.0;True;14473.0;True;14473.0;True;False
108.812000;94.046000;13143.0;13163.000000;42.814752;True;14481.0;True;14473.0;True;13133.0;True;14481.0;True;14473.0;True;False
108.937000;94.171000;13143.0;13163.000000;51.292921;True;14481.0;True;14481.0;True;13143.0;True;14481.0;True;14481.0;True;False
109.047000;94.281000;13225.0;13195.000000;65.273038;True;14488.0;True;14481.0;True;13225.0;True;14488.0;True;14488.0;True;False
109.156000;94.390000;13163.0;13163.000000;51.975945;True;14490.0;True;14488.0;True;13133.0;True;14488.0;True;14488.0;True;False
109.266000;94.500000;13163.0;13163.000000;52.313013;True;14496.0;True;14488.0;True;13123.0;True;14488.0;True;14488.0;True;False
109.375000;94.609000;13123.0;13163.000000;52.677405;True;14496.0;True;14488.0;True;13143.0;True;14496.0;True;14496.0;True;False
109.531000;94.765000;13143.0;13143.000000;43.384880;True;14516.0;True;14496.0;True;13163.0;True;14496.0;True;14496.0;True;False
109.656000;94.890000;13163.0;13143.000000;30.498282;True;14525.0;True;14496.0;True;13215.0;True;14516.0;True;14516.0;True;False
109.781000;95.015000;13205.0;13163.000000;34.793814;True;14525.0;True;14516.0;True;13175.0;True;14525.0;True;14525.0;True;False
109.891000;95.125000;13175.0;13163.000000;30.696066;True;14531.0;True;14525.0;True;13153.0;True;14531.0;True;14531.0;True;False
110.016000;95.250000;13153.0;13163.000000;25.940337;True;14551.0;True;14531.0;True;13143.0;True;14531.0;True;14531.0;True;False
110.141000;95.375000;13143.0;13163.000000;17.293558;True;14563.0;True;14531.0;True;13195.0;True;14551.0;True;14551.0;True;False
110.266000;95.500000;13195.0;13163.000000;12.881065;True;14563.0;True;14551.0;True;13256.0;True;14563.0;True;14563.0;True;False
110.391000;95.625000;13256.0;13163.000000;12.798635;True;14572.0;True;14563.0;True;13266.0;True;14572.0;True;14572.0;True;False
110.516000;95.750000;13266.0;13175.000000;13.651877;True;14577.0;True;14572.0;True;13195.0;True;14577.0;True;14572.0;True;False
110.641000;95.875000;13225.0;13195.000000;17.918089;True;14581.0;True;14577.0;True;13225.0;True;14577.0;True;14577.0;True;False
110.766000;96.000000;13256.0;13205.000000;17.918089;True;14589.0;True;14577.0;True;13286.0;True;14581.0;True;14581.0;True;False
110.891000;96.125000;13286.0;13225.000000;26.450512;True;14596.0;True;14581.0;True;13236.0;True;14596.0;True;14596.0;True;False
111.016000;96.250000;13236.0;13236.000000;31.143345;True;14601.0;True;14596.0;True;13195.0;True;14601.0;True;14596.0;True;False
111.141000;96.375000;13195.0;13236.000000;31.343924;True;14610.0;True;14601.0;True;13195.0;True;14601.0;True;14601.0;True;False
111.266000;96.500000;13225.0;13236.000000;31.343924;True;14623.0;True;14601.0;True;13236.0;True;14610.0;True;14601.0;True;False
111.375000;96.609000;13246.0;13246.000000;21.907216;True;14634.0;True;14610.0;True;13246.0;True;14634.0;True;14610.0;True;False
111.484000;96.718000;13246.0;13246.000000;35.652921;True;14634.0;True;14610.0;True;13296.0;True;14634.0;True;14634.0;True;False
111.609000;96.843000;13296.0;13246.000000;35.424669;True;14651.0;True;14634.0;True;13236.0;True;14634.0;True;14634.0;True;False
111.734000;96.968000;13236.0;13246.000000;35.184400;True;14651.0;True;14634.0;True;13163.0;True;14651.0;True;14651.0;True;False
111.859000;97.093000;13163.0;13236.000000;39.948454;True;14663.0;True;14651.0;True;13133.0;True;14663.0;True;14663.0;True;False
111.984000;97.218000;13133.0;13236.000000;39.948454;True;14682.0;True;14663.0;True;13153.0;True;14663.0;True;14663.0;True;False
112.109000;97.343000;13153.0;13225.000000;26.632302;True;14723.0;True;14663.0;True;13205.0;True;14682.0;True;14682.0;True;False
112.250000;97.484000;13205.0;13225.000000;26.282323;True;14739.0;True;14682.0;True;13276.0;True;14723.0;True;14723.0;True;False
112.375000;97.609000;13256.0;13236.000000;30.945316;True;14752.0;True;14723.0;True;13296.0;True;14739.0;True;14739.0;True;False
112.484000;97.718000;13296.0;13236.000000;31.156637;True;14752.0;True;14739.0;True;13357.0;True;14752.0;True;14752.0;True;False
112.594000;97.828000;13357.0;13236.000000;31.357388;True;14767.0;True;14752.0;True;13418.0;True;14752.0;True;14752.0;True;False
112.719000;97.953000;13418.0;13236.000000;31.357388;True;14767.0;True;14752.0;True;13378.0;True;14767.0;True;14767.0;True;False
112.844000;98.078000;13378.0;13256.000000;34.793814;True;14768.0;True;14767.0;True;13286.0;True;14768.0;True;14768.0;True;False
112.969000;98.203000;13286.0;13286.000000;39.089347;True;14773.0;True;14768.0;True;13398.0;True;14773.0;True;14773.0;True;False
113.094000;98.328000;13398.0;13296.000000;39.089347;True;14787.0;True;14773.0;True;13460.0;True;14787.0;True;14773.0;True;False
113.219000;98.453000;13428.0;13357.000000;56.701031;True;14791.0;True;14787.0;True;13428.0;True;14787.0;True;14787.0;True;False
113.344000;98.578000;13347.0;13357.000000;51.975945;True;14791.0;True;14787.0;True;13347.0;True;14791.0;True;14791.0;True;False
113.469000;98.703000;13337.0;13357.000000;51.975945;True;14804.0;True;14791.0;True;13327.0;True;14804.0;True;14804.0;True;False
113.594000;98.828000;13327.0;13357.000000;51.975945;True;14828.0;True;14804.0;True;13347.0;True;14815.0;True;14804.0;True;False
113.719000;98.953000;13388.0;13378.000000;56.313993;True;14828.0;True;14815.0;True;13388.0;True;14828.0;True;14815.0;True;False
113.844000;99.078000;13398.0;13378.000000;55.932203;True;14828.0;True;14828.0;True;13398.0;True;14828.0;True;14828.0;True;False
113.969000;99.203000;13307.0;13347.000000;42.796610;True;14844.0;True;14828.0;True;13276.0;True;14844.0;True;14844.0;True;False
114.094000;99.328000;13276.0;13347.000000;42.796610;True;14879.0;True;14844.0;True;13357.0;True;14844.0;True;14844.0;True;False
114.203000;99.437000;13357.0;13347.000000;47.354949;True;14879.0;True;14844.0;True;13480.0;True;14879.0;True;14844.0;True;False
114.312000;99.546000;13398.0;13347.000000;47.680412;True;14879.0;True;14879.0;True;13398.0;True;14879.0;True;14879.0;True;False
114.422000;99.656000;13398.0;13357.000000;57.068742;True;14901.0;True;14879.0;True;13367.0;True;14879.0;True;14879.0;True;False
114.547000;99.781000;13367.0;13367.000000;61.819765;True;14914.0;True;14879.0;True;13418.0;True;14901.0;True;14901.0;True;False
114.687000;99.921000;13367.0;13367.000000;56.660900;True;14914.0;True;14901.0;True;13480.0;True;14914.0;True;14914.0;True;False
114.797000;100.031000;13480.0;13367.000000;56.636403;True;14914.0;True;14914.0;True;13418.0;True;14914.0;True;14914.0;True;False
114.906000;100.140000;13418.0;13367.000000;56.660900;True;14918.0;True;14914.0;True;13337.0;True;14914.0;True;14914.0;True;False
115.047000;100.281000;13337.0;13367.000000;56.271478;True;14945.0;True;14914.0;True;13337.0;True;14918.0;True;14918.0;True;False
115.172000;100.406000;13418.0;13398.000000;60.996564;True;14945.0;True;14918.0;True;13531.0;True;14945.0;True;14945.0;True;False
115.297000;100.531000;13531.0;13398.000000;48.109966;True;14956.0;True;14945.0;True;13571.0;True;14956.0;True;14956.0;True;False
115.422000;100.656000;13571.0;13418.000000;52.405498;True;14957.0;True;14956.0;True;13571.0;True;14956.0;True;14956.0;True;False
115.547000;100.781000;13571.0;13418.000000;26.202749;True;14957.0;True;14956.0;True;13511.0;True;14957.0;True;14957.0;True;False
115.672000;100.906000;13511.0;13480.000000;52.835052;True;14957.0;True;14957.0;True;13480.0;True;14957.0;True;14957.0;True;False
115.812000;101.046000;13511.0;13511.000000;65.727700;True;14971.0;True;14957.0;True;13511.0;True;14962.0;True;14957.0;True;False
115.922000;101.156000;13511.0;13511.000000;66.151203;True;14971.0;True;14957.0;True;13428.0;True;14962.0;True;14962.0;True;False
116.047000;101.281000;13428.0;13511.000000;57.130584;True;14990.0;True;14962.0;True;13428.0;True;14971.0;True;14971.0;True;False
116.172000;101.406000;13500.0;13511.000000;57.130584;True;14990.0;True;14971.0;True;13632.0;True;14990.0;True;14990.0;True;False
116.297000;101.531000;13632.0;13511.000000;70.446735;True;14997.0;True;14990.0;True;13715.0;True;14990.0;True;14990.0;True;False
116.422000;101.656000;13715.0;13511.000000;70.446735;True;14997.0;True;14990.0;True;13551.0;True;14997.0;True;14997.0;True;False
116.547000;101.781000;13551.0;13511.000000;69.965870;True;14989.0;True;14997.0;True;13500.0;True;14997.0;True;14997.0;True;False
116.656000;101.890000;13531.0;13511.000000;69.965870;True;14995.0;True;14997.0;True;13653.0;True;14989.0;True;14989.0;True;False
116.781000;102.015000;13653.0;13531.000000;73.760068;True;15003.0;True;14989.0;True;13745.0;True;14995.0;True;14995.0;True;False
116.906000;102.140000;13745.0;13551.000000;77.999152;True;15002.0;True;14995.0;True;13775.0;True;15002.0;True;15002.0;True;False
117.031000;102.265000;13775.0;13632.000000;113.054608;True;14985.0;True;15002.0;True;13786.0;True;15002.0;True;15002.0;True;False
117.156000;102.390000;13755.0;13653.000000;121.237813;True;14985.0;True;15002.0;True;13703.0;True;14985.0;True;14985.0;True;False
117.297000;102.531000;13703.0;13703.000000;140.526976;True;14979.0;True;14985.0;True;13673.0;True;14985.0;True;14985.0;True;False
117.422000;102.656000;13673.0;13703.000000;141.473684;True;14977.0;True;14985.0;True;13725.0;True;14977.0;True;14977.0;True;False
117.547000;102.781000;13725.0;13703.000000;128.421053;True;14978.0;True;14977.0;True;13816.0;True;14977.0;True;14977.0;True;False
117.656000;102.890000;13816.0;13725.000000;138.618058;True;14976.0;True;14977.0;True;13786.0;True;14978.0;True;14978.0;True;False
117.781000;103.015000;13786.0;13745.000000;138.618058;True;14967.0;True;14978.0;True;13775.0;True;14976.0;True;14976.0;True;False
117.922000;103.156000;13775.0;13755.000000;141.894737;True;14961.0;True;14976.0;True;13806.0;True;14961.0;True;14961.0;True;False
118.047000;103.281000;13806.0;13775.000000;124.210526;True;14951.0;True;14961.0;True;13826.0;True;14961.0;True;14961.0;True;False
118.156000;103.390000;13826.0;13775.000000;112.627986;True;14951.0;True;14961.0;True;13786.0;True;14951.0;True;14951.0;True;False
118.297000;103.531000;13786.0;13786.000000;115.789474;True;14945.0;True;14951.0;True;13775.0;True;14945.0;True;14945.0;True;False
118.422000;103.656000;13775.0;13786.000000;115.789474;True;14942.0;True;14945.0;True;13745.0;True;14942.0;True;14942.0;True;False
118.547000;103.781000;13745.0;13786.000000;115.789474;True;14941.0;True;14942.0;True;13786.0;True;14942.0;True;14942.0;True;False
118.672000;103.906000;13846.0;13786.000000;115.789474;True;14937.0;True;14942.0;True;13877.0;True;14941.0;True;14941.0;True;False
118.781000;104.015000;13877.0;13786.000000;116.574820;True;14937.0;True;14941.0;True;13846.0;True;14937.0;True;14937.0;True;False
118.906000;104.140000;13846.0;13806.000000;125.052989;True;14930.0;True;14937.0;True;13846.0;True;14937.0;True;14937.0;True;False
119.031000;104.265000;13846.0;13826.000000;132.631579;True;14926.0;True;14937.0;True;13826.0;True;14930.0;True;14930.0;True;False
119.156000;104.390000;13826.0;13826.000000;124.210526;True;14926.0;True;14930.0;True;13786.0;True;14926.0;True;14926.0;True;False
119.281000;104.515000;13786.0;13826.000000;115.789474;True;14927.0;True;14926.0;True;13796.0;True;14926.0;True;14926.0;True;False
119.406000;104.640000;13796.0;13826.000000;81.684211;True;14927.0;True;14926.0;True;13857.0;True;14927.0;True;14927.0;True;False
119.531000;104.765000;13857.0;13846.000000;81.263158;True;14926.0;True;14927.0;True;13867.0;True;14927.0;True;14927.0;True;False
119.656000;104.890000;13867.0;13846.000000;60.618906;True;14926.0;True;14927.0;True;13826.0;True;14926.0;True;14926.0;True;False
119.781000;105.015000;13826.0;13846.000000;60.618906;True;14925.0;True;14926.0;True;13887.0;True;14926.0;True;14926.0;True;False
119.906000;105.140000;13887.0;13846.000000;60.618906;True;14925.0;True;14926.0;True;13948.0;True;14925.0;True;14925.0;True;False
120.016000;105.250000;13948.0;13846.000000;51.271186;True;14916.0;True;14925.0;True;13978.0;True;14925.0;True;14925.0;True;False
120.141000;105.375000;13978.0;13857.000000;47.457627;True;14916.0;True;14925.0;True;13990.0;True;14916.0;True;14916.0;True;False
120.266000;105.500000;13990.0;13867.000000;47.781570;True;14898.0;True;14916.0;True;13968.0;True;14916.0;True;14916.0;True;False
120.391000;105.625000;13968.0;13887.000000;47.781570;True;14898.0;True;14916.0;True;13948.0;True;14898.0;True;14898.0;True;False
120.516000;105.750000;13948.0;13948.000000;73.305085;True;14892.0;True;14898.0;True;14040.0;True;14892.0;True;14892.0;True;False
120.641000;105.875000;14040.0;13948.000000;69.112628;True;14878.0;True;14892.0;True;14040.0;True;14892.0;True;14892.0;True;False
120.766000;106.000000;14030.0;13968.000000;77.645051;True;14878.0;True;14892.0;True;14000.0;True;14878.0;True;14878.0;True;False
120.891000;106.125000;14000.0;13978.000000;81.911263;True;14869.0;True;14878.0;True;14000.0;True;14878.0;True;14878.0;True;False
121.016000;106.250000;14000.0;13990.000000;87.030717;True;14863.0;True;14878.0;True;13990.0;True;14863.0;True;14863.0;True;False
121.141000;106.375000;13990.0;13990.000000;86.440678;True;14863.0;True;14863.0;True;14000.0;True;14863.0;True;14863.0;True;False
121.266000;106.500000;14000.0;14000.000000;82.203390;True;14858.0;True;14863.0;True;14101.0;True;14863.0;True;14863.0;True;False
121.391000;106.625000;14101.0;14000.000000;73.728814;True;14842.0;True;14863.0;True;14142.0;True;14858.0;True;14858.0;True;False
121.516000;106.750000;14142.0;14000.000000;73.728814;True;14842.0;True;14858.0;True;14122.0;True;14842.0;True;14842.0;True;False
121.641000;106.875000;14122.0;14030.000000;86.440678;True;14816.0;True;14842.0;True;14122.0;True;14842.0;True;14842.0;True;False
121.734000;106.968000;14122.0;14030.000000;87.628866;True;14816.0;True;14842.0;True;14111.0;True;14816.0;True;14816.0;True;False
121.859000;107.093000;14101.0;14101.000000;109.536082;True;14816.0;True;14816.0;True;14132.0;True;14816.0;True;14816.0;True;False
121.984000;107.218000;14132.0;14101.000000;109.536082;True;14796.0;True;14816.0;True;14203.0;True;14816.0;True;14816.0;True;False
122.109000;107.343000;14203.0;14122.000000;118.556701;True;14796.0;True;14816.0;True;14243.0;True;14796.0;True;14796.0;True;False
122.234000;107.468000;14243.0;14122.000000;118.556701;True;14780.0;True;14796.0;True;14253.0;True;14780.0;True;14796.0;True;False
122.359000;107.593000;14265.0;14132.000000;122.065728;True;14761.0;True;14780.0;True;14132.0;True;14780.0;True;14780.0;True;False
122.484000;107.718000;14132.0;14132.000000;117.370892;True;14735.0;True;14780.0;True;14172.0;True;14761.0;True;14761.0;True;False
122.609000;107.843000;14193.0;14132.000000;113.102860;True;14735.0;True;14761.0;True;14193.0;True;14735.0;True;14761.0;True;False
122.734000;107.968000;14193.0;14193.000000;130.601793;True;14735.0;True;14761.0;True;14203.0;True;14735.0;True;14735.0;True;False
122.859000;108.093000;14203.0;14193.000000;104.566795;True;14711.0;True;14735.0;True;14162.0;True;14735.0;True;14735.0;True;False
122.984000;108.218000;14162.0;14193.000000;104.566795;True;14711.0;True;14735.0;True;14152.0;True;14711.0;True;14711.0;True;False
123.109000;108.343000;14152.0;14193.000000;96.030730;True;14697.0;True;14711.0;True;14172.0;True;14711.0;True;14711.0;True;False
123.234000;108.468000;14172.0;14193.000000;91.762697;True;14697.0;True;14711.0;True;14213.0;True;14697.0;True;14711.0;True;False
123.359000;108.593000;14265.0;14193.000000;86.641058;True;14690.0;True;14697.0;True;14275.0;True;14690.0;True;14690.0;True;False
123.484000;108.718000;14275.0;14193.000000;86.641058;True;14663.0;True;14690.0;True;14305.0;True;14677.0;True;14677.0;True;False
123.594000;108.828000;14305.0;14193.000000;82.903780;True;14663.0;True;14677.0;True;14295.0;True;14663.0;True;14677.0;True;False
123.719000;108.953000;14295.0;14203.000000;87.199313;True;14648.0;True;14663.0;True;14285.0;True;14648.0;True;14663.0;True;False
123.844000;109.078000;14233.0;14233.000000;100.085911;True;14634.0;True;14648.0;True;14233.0;True;14634.0;True;14648.0;True;False
123.969000;109.203000;14193.0;14233.000000;87.199313;True;14622.0;True;14634.0;True;14162.0;True;14634.0;True;14634.0;True;False
124.094000;109.328000;14162.0;14233.000000;86.016949;True;14622.0;True;14634.0;True;14203.0;True;14622.0;True;14622.0;True;False
124.203000;109.437000;14203.0;14233.000000;56.313993;True;14621.0;True;14622.0;True;14203.0;True;14622.0;True;14622.0;True;False
124.328000;109.562000;14203.0;14233.000000;56.313993;True;14618.0;True;14622.0;True;14193.0;True;14621.0;True;14621.0;True;False
124.453000;109.687000;14193.0;14203.000000;34.556314;True;14618.0;True;14621.0;True;14275.0;True;14618.0;True;14618.0;True;False
124.578000;109.812000;14275.0;14203.000000;34.556314;True;14607.0;True;14618.0;True;14315.0;True;14618.0;True;14618.0;True;False
124.703000;109.937000;14315.0;14203.000000;30.290102;True;14607.0;True;14618.0;True;14346.0;True;14607.0;True;14607.0;True;False
124.828000;110.062000;14346.0;14203.000000;30.290102;True;14597.0;True;14607.0;True;14336.0;True;14607.0;True;14607.0;True;False
124.953000;110.187000;14336.0;14203.000000;30.290102;True;14584.0;True;14607.0;True;14305.0;True;14597.0;True;14597.0;True;False
125.094000;110.328000;14305.0;14275.000000;34.745763;True;14566.0;True;14597.0;True;14275.0;True;14584.0;True;14584.0;True;False
125.219000;110.453000;14275.0;14275.000000;34.745763;True;14566.0;True;14584.0;True;14386.0;True;14566.0;True;14566.0;True;False
125.344000;110.578000;14386.0;14305.000000;47.457627;True;14562.0;True;14566.0;True;14447.0;True;14562.0;True;14562.0;True;False
125.469000;110.703000;14457.0;14315.000000;51.694915;True;14549.0;True;14562.0;True;14457.0;True;14549.0;True;14549.0;True;False
125.594000;110.828000;14457.0;14336.000000;60.593220;True;14531.0;True;14549.0;True;14437.0;True;14549.0;True;14549.0;True;False
125.719000;110.953000;14437.0;14346.000000;64.830508;True;14531.0;True;14549.0;True;14386.0;True;14531.0;True;14549.0;True;False
125.844000;111.078000;14356.0;14356.000000;69.067797;True;14516.0;True;14531.0;True;14356.0;True;14531.0;True;14531.0;True;False
125.969000;111.203000;14386.0;14386.000000;81.263158;True;14516.0;True;14531.0;True;14427.0;True;14516.0;True;14531.0;True;False
126.094000;111.328000;14457.0;14386.000000;77.052632;True;14508.0;True;14516.0;True;14457.0;True;14508.0;True;14516.0;True;False
126.219000;111.453000;14417.0;14417.000000;77.473684;True;14484.0;True;14508.0;True;14417.0;True;14484.0;True;14508.0;True;False
126.344000;111.578000;14356.0;14417.000000;77.473684;True;14474.0;True;14484.0;True;14356.0;True;14474.0;True;14484.0;True;False
126.469000;111.703000;14386.0;14417.000000;77.473684;True;14474.0;True;14474.0;True;14386.0;True;14474.0;True;14474.0;True;False
126.562000;111.796000;14386.0;14386.000000;64.857991;True;14469.0;True;14474.0;True;14376.0;True;14474.0;True;14474.0;True;False
126.672000;111.906000;14376.0;14386.000000;65.273038;True;14457.0;True;14474.0;True;14397.0;True;14469.0;True;14469.0;True;False
126.797000;112.031000;14397.0;14386.000000;78.071672;True;14457.0;True;14469.0;True;14427.0;True;14457.0;True;14457.0;True;False
126.922000;112.156000;14427.0;14386.000000;78.071672;True;14450.0;True;14457.0;True;14468.0;True;14450.0;True;14450.0;True;False
127.047000;112.281000;14468.0;14397.000000;82.764505;True;14442.0;True;14450.0;True;14488.0;True;14450.0;True;14450.0;True;False
127.219000;112.453000;14437.0;14397.000000;81.137599;True;14432.0;True;14450.0;True;14457.0;True;14432.0;True;14450.0;True;False
127.344000;112.578000;14508.0;14397.000000;81.137599;True;14424.0;True;14432.0;True;14508.0;True;14424.0;True;14424.0;True;False
127.469000;112.703000;14560.0;14427.000000;64.000000;True;14396.0;True;14424.0;True;14528.0;True;14424.0;True;14424.0;True;False
127.562000;112.796000;14528.0;14437.000000;69.142125;True;14396.0;True;14424.0;True;14478.0;True;14396.0;True;14396.0;True;False
127.687000;112.921000;14478.0;14468.000000;69.568929;True;14376.0;True;14396.0;True;14478.0;True;14383.0;True;14396.0;True;False
127.812000;113.046000;14457.0;14468.000000;65.300896;True;14376.0;True;14383.0;True;14457.0;True;14376.0;True;14383.0;True;False
127.937000;113.171000;14478.0;14478.000000;60.606061;True;14370.0;True;14376.0;True;14478.0;True;14376.0;True;14376.0;True;False
128.047000;113.281000;14488.0;14478.000000;56.701031;True;14364.0;True;14376.0;True;14540.0;True;14364.0;True;14364.0;True;False
128.172000;113.406000;14540.0;14488.000000;56.701031;True;14357.0;True;14364.0;True;14550.0;True;14357.0;True;14357.0;True;False
128.297000;113.531000;14550.0;14508.000000;52.405498;True;14336.0;True;14357.0;True;14560.0;True;14357.0;True;14357.0;True;False
128.422000;113.656000;14518.0;14518.000000;56.701031;True;14336.0;True;14357.0;True;14518.0;True;14336.0;True;14357.0;True;False
128.547000;113.781000;14488.0;14488.000000;30.498282;True;14336.0;True;14336.0;True;14498.0;True;14336.0;True;14336.0;True;False
128.672000;113.906000;14498.0;14488.000000;30.498282;True;14325.0;True;14336.0;True;14508.0;True;14325.0;True;14336.0;True;False
128.797000;114.031000;14508.0;14498.000000;34.793814;True;14321.0;True;14325.0;True;14508.0;True;14321.0;True;14325.0;True;False
128.922000;114.156000;14528.0;14508.000000;51.694915;True;14317.0;True;14321.0;True;14528.0;True;14321.0;True;14321.0;True;False
129.047000;114.281000;14580.0;14518.000000;55.578947;True;14317.0;True;14321.0;True;14498.0;True;14317.0;True;14317.0;True;False
129.172000;114.406000;14580.0;14528.000000;59.789474;True;14302.0;True;14321.0;True;14518.0;True;14317.0;True;14317.0;True;False
129.297000;114.531000;14518.0;14518.000000;55.578947;True;14302.0;True;14317.0;True;14528.0;True;14302.0;True;14302.0;True;False
129.422000;114.656000;14528.0;14518.000000;50.947368;True;14295.0;True;14302.0;True;14540.0;True;14302.0;True;14302.0;True;False
129.547000;114.781000;14540.0;14528.000000;56.271478;True;14295.0;True;14302.0;True;14580.0;True;14295.0;True;14295.0;True;False
129.672000;114.906000;14580.0;14528.000000;56.271478;True;14291.0;True;14295.0;True;14528.0;True;14295.0;True;14295.0;True;False
129.797000;115.031000;14528.0;14528.000000;43.384880;True;14284.0;True;14295.0;True;14540.0;True;14291.0;True;14291.0;True;False
129.937000;115.171000;14540.0;14540.000000;43.368421;True;14280.0;True;14291.0;True;14508.0;True;14284.0;True;14284.0;True;False
130.062000;115.296000;14508.0;14540.000000;30.315789;True;14280.0;True;14284.0;True;14560.0;True;14280.0;True;14280.0;True;False
130.187000;115.421000;14560.0;14540.000000;30.315789;True;14281.0;True;14280.0;True;14601.0;True;14281.0;True;14281.0;True;False
130.312000;115.546000;14601.0;14540.000000;26.105263;True;14278.0;True;14281.0;True;14601.0;True;14278.0;True;14281.0;True;False
130.437000;115.671000;14570.0;14540.000000;25.941423;True;14273.0;True;14278.0;True;14570.0;True;14273.0;True;14278.0;True;False
130.547000;115.781000;14540.0;14540.000000;21.894737;True;14270.0;True;14273.0;True;14518.0;True;14273.0;True;14273.0;True;False
130.672000;115.906000;14518.0;14540.000000;13.473684;True;14270.0;True;14273.0;True;14550.0;True;14270.0;True;14270.0;True;False
130.781000;116.015000;14550.0;14540.000000;9.325986;True;14273.0;True;14270.0;True;14550.0;True;14273.0;True;14273.0;True;False
130.906000;116.140000;14570.0;14550.000000;26.282323;True;14274.0;True;14273.0;True;14570.0;True;14273.0;True;14273.0;True;False
131.031000;116.265000;14601.0;14560.000000;30.521407;True;14273.0;True;14273.0;True;14601.0;True;14274.0;True;14273.0;True;False
131.156000;116.390000;14651.0;14570.000000;30.521407;True;14273.0;True;14274.0;True;14661.0;True;14273.0;True;14273.0;True;False
131.281000;116.515000;14651.0;14570.000000;26.282323;True;14264.0;True;14274.0;True;14621.0;True;14273.0;True;14273.0;True;False
131.406000;116.640000;14621.0;14570.000000;22.043239;True;14264.0;True;14273.0;True;14601.0;True;14264.0;True;14264.0;True;False
131.531000;116.765000;14601.0;14601.000000;30.945316;True;14260.0;True;14264.0;True;14611.0;True;14264.0;True;14264.0;True;False
131.656000;116.890000;14611.0;14601.000000;35.184400;True;14260.0;True;14264.0;True;14621.0;True;14260.0;True;14260.0;True;False
131.781000;117.015000;14621.0;14611.000000;39.423485;True;14259.0;True;14260.0;True;14611.0;True;14259.0;True;14259.0;True;False
131.906000;117.140000;14611.0;14611.000000;35.184400;True;14257.0;True;14259.0;True;14621.0;True;14259.0;True;14259.0;True;False
132.016000;117.250000;14621.0;14621.000000;39.675768;True;14257.0;True;14259.0;True;14641.0;True;14257.0;True;14257.0;True;False
132.141000;117.375000;14641.0;14621.000000;39.675768;True;14257.0;True;14257.0;True;14631.0;True;14257.0;True;14257.0;True;False
132.281000;117.515000;14580.0;14621.000000;34.556314;True;14255.0;True;14257.0;True;14672.0;True;14255.0;True;14255.0;True;False
132.406000;117.640000;14672.0;14621.000000;34.556314;True;14259.0;True;14255.0;True;14702.0;True;14255.0;True;14255.0;True;False
132.531000;117.765000;14702.0;14621.000000;34.556314;True;14250.0;True;14255.0;True;14753.0;True;14259.0;True;14259.0;True;False
132.656000;117.890000;14753.0;14621.000000;34.556314;True;14250.0;True;14259.0;True;14712.0;True;14250.0;True;14250.0;True;False
132.781000;118.015000;14712.0;14641.000000;43.088737;True;14242.0;True;14250.0;True;14672.0;True;14242.0;True;14242.0;True;False
132.906000;118.140000;14672.0;14672.000000;55.955914;True;14237.0;True;14242.0;True;14672.0;True;14237.0;True;14237.0;True;False
133.031000;118.265000;14682.0;14672.000000;55.955914;True;14236.0;True;14237.0;True;14682.0;True;14237.0;True;14237.0;True;False
133.156000;118.390000;14682.0;14682.000000;59.789474;True;14235.0;True;14237.0;True;14682.0;True;14236.0;True;14236.0;True;False
133.281000;118.515000;14682.0;14682.000000;55.578947;True;14235.0;True;14236.0;True;14682.0;True;14235.0;True;14235.0;True;False
133.406000;118.640000;14682.0;14682.000000;51.368421;True;14235.0;True;14235.0;True;14722.0;True;14235.0;True;14235.0;True;False
133.531000;118.765000;14743.0;14682.000000;47.157895;True;14235.0;True;14235.0;True;14743.0;True;14235.0;True;14235.0;True;False
133.641000;118.875000;14692.0;14682.000000;47.457627;True;14235.0;True;14235.0;True;14692.0;True;14235.0;True;14235.0;True;False
133.766000;119.000000;14651.0;14682.000000;47.457627;True;14228.0;True;14235.0;True;14641.0;True;14228.0;True;14228.0;True;False
133.875000;119.109000;14641.0;14682.000000;34.556314;True;14231.0;True;14228.0;True;14651.0;True;14231.0;True;14228.0;True;False
134.000000;119.234000;14712.0;14682.000000;34.556314;True;14235.0;True;14231.0;True;14712.0;True;14231.0;True;14231.0;True;False
134.125000;119.359000;14763.0;14682.000000;30.290102;True;14235.0;True;14231.0;True;14763.0;True;14235.0;True;14231.0;True;False
134.250000;119.484000;14783.0;14692.000000;34.556314;True;14228.0;True;14235.0;True;14793.0;True;14228.0;True;14228.0;True;False
134.375000;119.609000;14793.0;14712.000000;38.575668;True;14222.0;True;14228.0;True;14815.0;True;14222.0;True;14228.0;True;False
134.484000;119.718000;14793.0;14743.000000;52.069996;True;14222.0;True;14228.0;True;14805.0;True;14222.0;True;14222.0;True;False
134.609000;119.843000;14805.0;14763.000000;60.996564;True;14216.0;True;14222.0;True;14783.0;True;14222.0;True;14222.0;True;False
134.734000;119.968000;14783.0;14783.000000;69.587629;True;14205.0;True;14222.0;True;14712.0;True;14216.0;True;14216.0;True;False
134.859000;120.093000;14732.0;14783.000000;69.587629;True;14206.0;True;14216.0;True;14773.0;True;14205.0;True;14205.0;True;False
134.984000;120.218000;14773.0;14783.000000;69.587629;True;14206.0;True;14205.0;True;14732.0;True;14206.0;True;14206.0;True;False
135.109000;120.343000;14732.0;14783.000000;60.996564;True;14203.0;True;14206.0;True;14692.0;True;14206.0;True;14206.0;True;False
135.234000;120.468000;14692.0;14783.000000;47.680412;True;14209.0;True;14206.0;True;14661.0;True;14203.0;True;14203.0;True;False
135.359000;120.593000;14661.0;14773.000000;43.384880;True;14217.0;True;14203.0;True;14702.0;True;14209.0;True;14209.0;True;False
135.484000;120.718000;14682.0;14732.000000;21.477663;True;14217.0;True;14209.0;True;14732.0;True;14217.0;True;14217.0;True;False
135.594000;120.828000;14732.0;14732.000000;21.616948;True;14223.0;True;14217.0;True;14773.0;True;14217.0;True;14217.0;True;False
135.719000;120.953000;14773.0;14732.000000;21.616948;True;14226.0;True;14217.0;True;14783.0;True;14223.0;True;14223.0;True;False
135.828000;121.062000;14783.0;14732.000000;21.767523;True;14226.0;True;14223.0;True;14805.0;True;14226.0;True;14226.0;True;False
135.953000;121.187000;14805.0;14732.000000;21.626298;True;14225.0;True;14226.0;True;14815.0;True;14225.0;True;14225.0;True;False
136.078000;121.312000;14815.0;14732.000000;21.626298;True;14223.0;True;14225.0;True;14672.0;True;14225.0;True;14225.0;True;False
136.203000;121.437000;14672.0;14732.000000;21.477663;True;14231.0;True;14225.0;True;14682.0;True;14223.0;True;14223.0;True;False
136.312000;121.546000;14682.0;14732.000000;21.626298;True;14231.0;True;14223.0;True;14732.0;True;14231.0;True;14223.0;True;False
136.437000;121.671000;14773.0;14773.000000;39.359862;True;14240.0;True;14231.0;True;14773.0;True;14240.0;True;14231.0;True;False
136.547000;121.781000;14815.0;14773.000000;35.263387;True;14242.0;True;14240.0;True;14815.0;True;14240.0;True;14240.0;True;False
136.656000;121.890000;14835.0;14783.000000;31.126699;True;14242.0;True;14240.0;True;14845.0;True;14242.0;True;14242.0;True;False
136.781000;122.015000;14835.0;14805.000000;26.991728;True;14240.0;True;14240.0;True;14845.0;True;14242.0;True;14242.0;True;False
136.891000;122.125000;14845.0;14815.000000;22.787029;True;14240.0;True;14242.0;True;14845.0;True;14240.0;True;14240.0;True;False
137.016000;122.250000;14845.0;14815.000000;14.022787;True;14238.0;True;14240.0;True;14825.0;True;14240.0;True;14240.0;True;False
137.141000;122.375000;14825.0;14825.000000;18.404908;True;14237.0;True;14240.0;True;14783.0;True;14238.0;True;14238.0;True;False
137.266000;122.500000;14815.0;14825.000000;18.404908;True;14237.0;True;14238.0;True;14763.0;True;14237.0;True;14237.0;True;False
137.406000;122.640000;14763.0;14825.000000;18.284719;True;14238.0;True;14237.0;True;14773.0;True;14238.0;True;14238.0;True;False
137.531000;122.765000;14773.0;14825.000000;18.284719;True;14249.0;True;14238.0;True;14815.0;True;14238.0;True;14238.0;True;False
137.656000;122.890000;14815.0;14825.000000;22.638224;True;14252.0;True;14238.0;True;14855.0;True;14249.0;True;14249.0;True;False
137.781000;123.015000;14845.0;14825.000000;40.487593;True;14252.0;True;14249.0;True;14835.0;True;14252.0;True;14252.0;True;False
137.906000;123.140000;14835.0;14825.000000;40.224913;True;14252.0;True;14252.0;True;14845.0;True;14252.0;True;14252.0;True;False
138.031000;123.265000;14845.0;14825.000000;40.224913;True;14254.0;True;14252.0;True;14835.0;True;14252.0;True;14252.0;True;False
138.156000;123.390000;14835.0;14825.000000;39.948454;True;14254.0;True;14252.0;True;14835.0;True;14254.0;True;14254.0;True;False
138.281000;123.515000;14835.0;14835.000000;44.243986;True;14256.0;True;14254.0;True;14825.0;True;14254.0;True;14254.0;True;False
138.406000;123.640000;14825.0;14835.000000;44.243986;True;14256.0;True;14254.0;True;14835.0;True;14256.0;True;14256.0;True;False
138.531000;123.765000;14835.0;14835.000000;44.243986;True;14263.0;True;14256.0;True;14886.0;True;14260.0;True;14260.0;True;False
138.641000;123.875000;14886.0;14835.000000;44.224989;True;14262.0;True;14260.0;True;14926.0;True;14263.0;True;14260.0;True;False
138.750000;123.984000;14977.0;14835.000000;26.805015;True;14262.0;True;14263.0;True;14967.0;True;14262.0;True;14262.0;True;False
138.875000;124.109000;14967.0;14835.000000;26.632302;True;14254.0;True;14262.0;True;14997.0;True;14254.0;True;14254.0;True;False
139.000000;124.234000;14997.0;14845.000000;26.450512;True;14248.0;True;14254.0;True;14896.0;True;14248.0;True;14248.0;True;False
139.125000;124.359000;14896.0;14886.000000;34.556314;True;14240.0;True;14248.0;True;14926.0;True;14248.0;True;14248.0;True;False
139.250000;124.484000;14967.0;14896.000000;34.336583;True;14240.0;True;14248.0;True;14987.0;True;14240.0;True;14240.0;True;False
139.375000;124.609000;14987.0;14967.000000;64.434082;True;14240.0;True;14240.0;True;14997.0;True;14240.0;True;14240.0;True;False
139.500000;124.734000;14997.0;14967.000000;60.194998;True;14230.0;True;14240.0;True;15008.0;True;14230.0;True;14240.0;True;False
139.625000;124.859000;15008.0;14977.000000;64.434082;True;14230.0;True;14230.0;True;15008.0;True;14230.0;True;14230.0;True;False
139.750000;124.984000;14997.0;14987.000000;69.112628;True;14217.0;True;14230.0;True;14987.0;True;14217.0;True;14217.0;True;False
139.875000;125.109000;14997.0;14997.000000;73.378840;True;14217.0;True;14230.0;True;14957.0;True;14217.0;True;14217.0;True;False
140.000000;125.234000;14926.0;14997.000000;73.378840;True;14212.0;True;14217.0;True;14926.0;True;14212.0;True;14217.0;True;False
140.125000;125.359000;14926.0;14987.000000;69.112628;True;14212.0;True;14212.0;True;14926.0;True;14212.0;True;14212.0;True;False
140.234000;125.468000;14957.0;14987.000000;69.587629;True;14212.0;True;14212.0;True;14957.0;True;14212.0;True;14212.0;True;False
140.359000;125.593000;14997.0;14997.000000;73.883162;True;14212.0;True;14212.0;True;15038.0;True;14212.0;True;14212.0;True;False
140.484000;125.718000;15038.0;14997.000000;73.883162;True;14212.0;True;14212.0;True;15038.0;True;14212.0;True;14212.0;True;False
140.609000;125.843000;15038.0;14997.000000;69.587629;True;14208.0;True;14212.0;True;15038.0;True;14208.0;True;14212.0;True;False
140.734000;125.968000;15038.0;14997.000000;69.587629;True;14202.0;True;14212.0;True;15048.0;True;14208.0;True;14208.0;True;False
140.859000;126.093000;15048.0;14997.000000;69.587629;True;14196.0;True;14208.0;True;15048.0;True;14202.0;True;14202.0;True;False
140.984000;126.218000;15048.0;15038.000000;86.641058;True;14196.0;True;14202.0;True;15028.0;True;14196.0;True;14196.0;True;False
141.125000;126.359000;15028.0;15038.000000;85.473684;True;14192.0;True;14196.0;True;15008.0;True;14196.0;True;14196.0;True;False
141.250000;126.484000;15008.0;15038.000000;85.473684;True;14189.0;True;14196.0;True;15008.0;True;14192.0;True;14192.0;True;False
141.375000;126.609000;14997.0;15038.000000;81.263158;True;14188.0;True;14192.0;True;15048.0;True;14189.0;True;14189.0;True;False
141.500000;126.734000;15048.0;15038.000000;64.000000;True;14188.0;True;14189.0;True;15090.0;True;14188.0;True;14188.0;True;False
141.625000;126.859000;15090.0;15038.000000;59.789474;True;14176.0;True;14188.0;True;15110.0;True;14188.0;True;14188.0;True;False
141.750000;126.984000;15110.0;15048.000000;34.105263;True;14168.0;True;14188.0;True;15130.0;True;14176.0;True;14176.0;True;False
141.859000;127.093000;15130.0;15048.000000;34.336583;True;14168.0;True;14176.0;True;15130.0;True;14168.0;True;14168.0;True;False
141.984000;127.218000;15130.0;15048.000000;30.097499;True;14158.0;True;14168.0;True;15130.0;True;14168.0;True;14168.0;True;False
142.109000;127.343000;15130.0;15090.000000;43.662569;True;14158.0;True;14168.0;True;15100.0;True;14158.0;True;14158.0;True;False
142.234000;127.468000;15100.0;15100.000000;43.662569;True;14158.0;True;14158.0;True;15068.0;True;14158.0;True;14158.0;True;False
142.359000;127.593000;15068.0;15100.000000;43.662569;True;14152.0;True;14158.0;True;15048.0;True;14158.0;True;14158.0;True;False
142.484000;127.718000;15048.0;15100.000000;47.901653;True;14146.0;True;14158.0;True;15058.0;True;14152.0;True;14152.0;True;False
142.609000;127.843000;15058.0;15100.000000;47.578947;True;14146.0;True;14152.0;True;15038.0;True;14146.0;True;14146.0;True;False
142.734000;127.968000;15038.0;15100.000000;43.368421;True;14145.0;True;14146.0;True;15038.0;True;14145.0;True;14146.0;True;False
142.828000;128.062000;15008.0;15068.000000;30.290102;True;14145.0;True;14145.0;True;15008.0;True;14145.0;True;14145.0;True;False
142.953000;128.187000;14987.0;15058.000000;26.023891;True;14148.0;True;14145.0;True;14997.0;True;14145.0;True;14145.0;True;False
143.062000;128.296000;14997.0;15048.000000;21.907216;True;14153.0;True;14145.0;True;15038.0;True;14153.0;True;14153.0;True;False
143.187000;128.421000;15038.0;15038.000000;17.611684;True;14159.0;True;14153.0;True;15068.0;True;14153.0;True;14153.0;True;False
143.312000;128.546000;15068.0;15038.000000;0.000000;True;14159.0;True;14153.0;True;15110.0;True;14159.0;True;14153.0;True;False
143.422000;128.656000;15130.0;15038.000000;0.000000;True;14158.0;True;14159.0;True;15130.0;True;14158.0;True;14159.0;True;False
143.547000;128.781000;15140.0;15038.000000;0.000000;True;14153.0;True;14158.0;True;15140.0;True;14153.0;True;14153.0;True;False
143.656000;128.890000;15140.0;15038.000000;0.000000;True;14148.0;True;14153.0;True;15151.0;True;14153.0;True;14153.0;True;False
143.781000;129.015000;15151.0;15068.000000;13.152126;True;14148.0;True;14153.0;True;15008.0;True;14148.0;True;14153.0;True;False
143.906000;129.140000;15151.0;15130.000000;40.333187;True;14148.0;True;14153.0;True;15038.0;True;14148.0;True;14148.0;True;False
144.031000;129.265000;15038.0;15130.000000;35.949145;True;14142.0;True;14148.0;True;15080.0;True;14142.0;True;14148.0;True;False
144.156000;129.390000;15080.0;15130.000000;35.698737;True;14145.0;True;14142.0;True;15130.0;True;14142.0;True;14142.0;True;False
144.297000;129.531000;15130.0;15130.000000;35.451794;True;14143.0;True;14142.0;True;15140.0;True;14145.0;True;14145.0;True;False
144.422000;129.656000;15140.0;15140.000000;21.616948;True;14143.0;True;14145.0;True;15151.0;True;14143.0;True;14143.0;True;False
144.547000;129.781000;15151.0;15140.000000;17.293558;True;14140.0;True;14143.0;True;15151.0;True;14140.0;True;14140.0;True;False
144.672000;129.906000;15151.0;15140.000000;17.293558;True;14136.0;True;14140.0;True;15130.0;True;14140.0;True;14140.0;True;False
144.797000;130.031000;15130.0;15140.000000;17.293558;True;14136.0;True;14140.0;True;15068.0;True;14136.0;True;14136.0;True;False
144.906000;130.140000;15068.0;15130.000000;13.060514;True;14138.0;True;14136.0;True;15038.0;True;14136.0;True;14136.0;True;False
145.031000;130.265000;15038.0;15130.000000;13.060514;True;14138.0;True;14136.0;True;15008.0;True;14138.0;True;14138.0;True;False
145.156000;130.390000;15008.0;15130.000000;26.632302;True;14154.0;True;14138.0;True;15048.0;True;14138.0;True;14138.0;True;False
145.266000;130.500000;15048.0;15130.000000;31.128405;True;14154.0;True;14138.0;True;15080.0;True;14154.0;True;14154.0;True;False
145.375000;130.609000;15080.0;15080.000000;13.834847;True;14154.0;True;14154.0;True;15100.0;True;14154.0;True;14154.0;True;False
145.484000;130.718000;15100.0;15080.000000;18.284719;True;14166.0;True;14154.0;True;15100.0;True;14164.0;True;14164.0;True;False
145.625000;130.859000;15080.0;15080.000000;18.158236;True;14166.0;True;14164.0;True;15080.0;True;14166.0;True;14164.0;True;False
145.734000;130.968000;15058.0;15068.000000;12.975779;True;14170.0;True;14166.0;True;15058.0;True;14166.0;True;14166.0;True;False
145.844000;131.078000;15038.0;15058.000000;8.707009;True;14170.0;True;14166.0;True;15038.0;True;14170.0;True;14170.0;True;False
145.953000;131.187000;15038.0;15048.000000;4.353505;True;14185.0;True;14166.0;True;15028.0;True;14170.0;True;14170.0;True;False
146.078000;131.312000;15028.0;15048.000000;0.000000;True;14185.0;True;14170.0;True;15028.0;True;14185.0;True;14185.0;True;False
146.187000;131.421000;15028.0;15048.000000;0.000000;True;14185.0;True;14185.0;True;15028.0;True;14185.0;True;14185.0;True;False
146.312000;131.546000;15028.0;15038.000000;0.000000;True;14195.0;True;14185.0;True;15038.0;True;14195.0;True;14195.0;True;False
146.437000;131.671000;15038.0;15038.000000;0.000000;True;14195.0;True;14195.0;True;15058.0;True;14195.0;True;14195.0;True;False
146.562000;131.796000;15090.0;15038.000000;0.000000;True;14204.0;True;14195.0;True;15090.0;True;14195.0;True;14195.0;True;False
146.687000;131.921000;15090.0;15038.000000;0.000000;True;14208.0;True;14195.0;True;15120.0;True;14204.0;True;14204.0;True;False
146.812000;132.046000;15120.0;15038.000000;0.000000;True;14211.0;True;14204.0;True;15151.0;True;14208.0;True;14208.0;True;False
146.937000;132.171000;15161.0;15038.000000;0.000000;True;14211.0;True;14208.0;True;15161.0;True;14211.0;True;14208.0;True;False
147.062000;132.296000;15120.0;15090.000000;0.000000;True;14211.0;True;14211.0;True;15090.0;True;14211.0;True;14211.0;True;False
147.187000;132.421000;15090.0;15090.000000;0.000000;True;14214.0;True;14211.0;True;15110.0;True;14214.0;True;14211.0;True;False
147.312000;132.546000;15110.0;15090.000000;0.000000;True;14214.0;True;14214.0;True;15110.0;True;14214.0;True;14214.0;True;False
147.437000;132.671000;15191.0;15110.000000;0.000000;True;14225.0;True;14214.0;True;15191.0;True;14225.0;True;14214.0;True;False
147.547000;132.781000;15181.0;15120.000000;0.000000;True;14225.0;True;14225.0;True;15140.0;True;14225.0;True;14225.0;True;False
147.672000;132.906000;15140.0;15120.000000;17.414018;True;14224.0;True;14225.0;True;15110.0;True;14224.0;True;14224.0;True;False
147.797000;133.031000;15110.0;15120.000000;17.293558;True;14227.0;True;14224.0;True;15110.0;True;14227.0;True;14224.0;True;False
147.922000;133.156000;15130.0;15130.000000;21.767523;True;14233.0;True;14227.0;True;15130.0;True;14227.0;True;14227.0;True;False
148.047000;133.281000;15130.0;15130.000000;26.805015;True;14233.0;True;14227.0;True;15130.0;True;14233.0;True;14233.0;True;False
148.172000;133.406000;15130.0;15130.000000;30.927835;True;14238.0;True;14233.0;True;15140.0;True;14238.0;True;14238.0;True;False
148.297000;133.531000;15140.0;15130.000000;34.982935;True;14238.0;True;14238.0;True;15161.0;True;14238.0;True;14238.0;True;False
148.641000;133.875000;15211.0;15140.000000;35.895435;True;14242.0;True;14238.0;True;15151.0;True;14238.0;True;14238.0;True;False
148.781000;134.015000;15151.0;15140.000000;35.466461;True;14241.0;True;14238.0;True;15140.0;True;14241.0;True;14238.0;True;False
148.891000;134.125000;15130.0;15130.000000;35.672741;True;14245.0;True;14241.0;True;15130.0;True;14241.0;True;14241.0;True;False
149.016000;134.250000;15130.0;15130.000000;35.672741;True;14245.0;True;14241.0;True;15130.0;True;14245.0;True;14241.0;True;False
149.141000;134.375000;15130.0;15130.000000;35.672741;True;14251.0;True;14241.0;True;15120.0;True;14245.0;True;14245.0;True;False
149.266000;134.500000;15120.0;15130.000000;35.672741;True;14251.0;True;14245.0;True;15151.0;True;14251.0;True;14251.0;True;False
149.391000;134.625000;15151.0;15130.000000;35.672741;True;14258.0;True;14251.0;True;15181.0;True;14251.0;True;14251.0;True;False
149.516000;134.750000;15181.0;15140.000000;39.550213;True;14266.0;True;14251.0;True;15201.0;True;14258.0;True;14258.0;True;False
149.641000;134.875000;15201.0;15151.000000;23.652579;True;14266.0;True;14258.0;True;15211.0;True;14266.0;True;14266.0;True;False
149.766000;135.000000;15211.0;15151.000000;23.652579;True;14267.0;True;14266.0;True;15181.0;True;14267.0;True;14267.0;True;False
149.891000;135.125000;15181.0;15151.000000;23.652579;True;14268.0;True;14267.0;True;15130.0;True;14267.0;True;14267.0;True;False
150.000000;135.234000;15130.0;15151.000000;15.996879;True;14280.0;True;14267.0;True;15130.0;True;14268.0;True;14268.0;True;False
150.125000;135.359000;15130.0;15151.000000;12.024825;True;14280.0;True;14268.0;True;15130.0;True;14280.0;True;14280.0;True;False
150.250000;135.484000;15120.0;15151.000000;12.024825;True;14280.0;True;14280.0;True;15120.0;True;14280.0;True;14280.0;True;False
150.375000;135.609000;15120.0;15151.000000;12.024825;True;14280.0;True;14280.0;True;15110.0;True;14280.0;True;14280.0;True;False
150.500000;135.734000;15110.0;15130.000000;0.000000;True;14289.0;True;14280.0;True;15110.0;True;14289.0;True;14289.0;True;False
150.625000;135.859000;15140.0;15130.000000;0.000000;True;14289.0;True;14289.0;True;15140.0;True;14289.0;True;14289.0;True;False
150.719000;135.953000;15140.0;15130.000000;0.000000;True;14307.0;True;14289.0;True;15140.0;True;14299.0;True;14289.0;True;False
150.844000;136.078000;15140.0;15130.000000;0.000000;True;14307.0;True;14289.0;True;15181.0;True;14299.0;True;14299.0;True;False
150.969000;136.203000;15181.0;15130.000000;0.000000;True;14307.0;True;14299.0;True;15161.0;True;14307.0;True;14307.0;True;False
151.078000;136.312000;15161.0;15140.000000;0.000000;True;14312.0;True;14307.0;True;15181.0;True;14307.0;True;14307.0;True;False
151.203000;136.437000;15181.0;15140.000000;4.325260;True;14323.0;True;14307.0;True;15211.0;True;14312.0;True;14312.0;True;False
151.328000;136.562000;15211.0;15140.000000;4.325260;True;14327.0;True;14312.0;True;15211.0;True;14323.0;True;14323.0;True;False
151.453000;136.687000;15211.0;15161.000000;13.408304;True;14327.0;True;14323.0;True;15262.0;True;14327.0;True;14327.0;True;False
151.578000;136.812000;15262.0;15181.000000;22.058824;True;14327.0;True;14327.0;True;15262.0;True;14327.0;True;14327.0;True;False
151.703000;136.937000;15262.0;15181.000000;22.058824;True;14326.0;True;14327.0;True;15262.0;True;14326.0;True;14326.0;True;False
151.828000;137.062000;15262.0;15211.000000;30.709343;True;14326.0;True;14326.0;True;15262.0;True;14326.0;True;14326.0;True;False
151.953000;137.187000;15262.0;15211.000000;25.951557;True;14326.0;True;14326.0;True;15262.0;True;14326.0;True;14326.0;True;False
152.078000;137.312000;15262.0;15262.000000;48.010381;True;14326.0;True;14326.0;True;15242.0;True;14326.0;True;14326.0;True;False
152.203000;137.437000;15242.0;15262.000000;48.010381;True;14326.0;True;14326.0;True;15242.0;True;14326.0;True;14326.0;True;False
152.328000;137.562000;15242.0;15262.000000;47.680412;True;14327.0;True;14326.0;True;15262.0;True;14326.0;True;14326.0;True;False
152.437000;137.671000;15262.0;15262.000000;48.010381;True;14327.0;True;14326.0;True;15272.0;True;14327.0;True;14327.0;True;False
152.562000;137.796000;15293.0;15262.000000;48.010381;True;14327.0;True;14327.0;True;15343.0;True;14327.0;True;14327.0;True;False
152.687000;137.921000;15343.0;15262.000000;48.010381;True;14325.0;True;14327.0;True;15355.0;True;14327.0;True;14327.0;True;False
152.797000;138.031000;15355.0;15262.000000;57.466260;True;14319.0;True;14327.0;True;15323.0;True;14319.0;True;14319.0;True;False
152.922000;138.156000;15323.0;15262.000000;57.466260;True;14310.0;True;14319.0;True;15333.0;True;14319.0;True;14319.0;True;False
153.047000;138.281000;15333.0;15293.000000;70.017182;True;14310.0;True;14319.0;True;15333.0;True;14310.0;True;14310.0;True;False
153.172000;138.406000;15333.0;15323.000000;82.903780;True;14310.0;True;14310.0;True;15323.0;True;14310.0;True;14310.0;True;False
153.297000;138.531000;15323.0;15323.000000;82.903780;True;14306.0;True;14310.0;True;15323.0;True;14306.0;True;14306.0;True;False
153.422000;138.656000;15323.0;15323.000000;78.071672;True;14304.0;True;14306.0;True;15333.0;True;14304.0;True;14306.0;True;False
153.547000;138.781000;15343.0;15333.000000;82.337884;True;14304.0;True;14304.0;True;15355.0;True;14304.0;True;14304.0;True;False
153.672000;138.906000;15355.0;15333.000000;82.337884;True;14300.0;True;14304.0;True;15365.0;True;14300.0;True;14300.0;True;False
153.797000;139.031000;15365.0;15333.000000;73.378840;True;14296.0;True;14300.0;True;15395.0;True;14296.0;True;14300.0;True;False
153.922000;139.156000;15375.0;15333.000000;64.846416;True;14296.0;True;14296.0;True;15375.0;True;14296.0;True;14296.0;True;False
154.047000;139.281000;15343.0;15343.000000;69.112628;True;14286.0;True;14296.0;True;15343.0;True;14286.0;True;14286.0;True;False
154.172000;139.406000;15313.0;15343.000000;56.313993;True;14284.0;True;14286.0;True;15293.0;True;14284.0;True;14284.0;True;False
154.297000;139.531000;15293.0;15343.000000;56.313993;True;14288.0;True;14284.0;True;15293.0;True;14284.0;True;14284.0;True;False
154.422000;139.656000;15303.0;15343.000000;34.556314;True;14288.0;True;14284.0;True;15303.0;True;14288.0;True;14284.0;True;False
154.547000;139.781000;15333.0;15343.000000;34.556314;True;14288.0;True;14288.0;True;15333.0;True;14288.0;True;14288.0;True;False
154.672000;139.906000;15365.0;15343.000000;34.556314;True;14290.0;True;14288.0;True;15385.0;True;14290.0;True;14290.0;True;False
154.797000;140.031000;15385.0;15343.000000;34.322034;True;14284.0;True;14290.0;True;15426.0;True;14290.0;True;14290.0;True;False
154.906000;140.140000;15456.0;15343.000000;34.556314;True;14284.0;True;14290.0;True;15456.0;True;14284.0;True;14290.0;True;False
155.016000;140.250000;15446.0;15343.000000;34.778875;True;14284.0;True;14284.0;True;15446.0;True;14284.0;True;14284.0;True;False
155.141000;140.375000;15446.0;15365.000000;43.941980;True;14268.0;True;14284.0;True;15446.0;True;14268.0;True;14268.0;True;False
155.266000;140.500000;15446.0;15385.000000;52.474403;True;14268.0;True;14268.0;True;15466.0;True;14268.0;True;14268.0;True;False
155.391000;140.625000;15466.0;15446.000000;65.273038;True;14268.0;True;14268.0;True;15466.0;True;14268.0;True;14268.0;True;False
155.516000;140.750000;15446.0;15446.000000;52.474403;True;14260.0;True;14268.0;True;15446.0;True;14268.0;True;14268.0;True;False
155.641000;140.875000;15446.0;15446.000000;52.474403;True;14260.0;True;14268.0;True;15426.0;True;14268.0;True;14268.0;True;False
155.766000;141.000000;15426.0;15446.000000;52.474403;True;14253.0;True;14268.0;True;15415.0;True;14260.0;True;14260.0;True;False
155.891000;141.125000;15415.0;15446.000000;48.208191;True;14249.0;True;14260.0;True;15405.0;True;14253.0;True;14253.0;True;False
156.016000;141.250000;15405.0;15446.000000;48.208191;True;14244.0;True;14253.0;True;15375.0;True;14249.0;True;14249.0;True;False
156.141000;141.375000;15375.0;15446.000000;48.208191;True;14244.0;True;14249.0;True;15375.0;True;14244.0;True;14244.0;True;False
156.266000;141.500000;15375.0;15426.000000;39.675768;True;14245.0;True;14244.0;True;15385.0;True;14244.0;True;14244.0;True;False
156.391000;141.625000;15385.0;15415.000000;30.716724;True;14245.0;True;14244.0;True;15426.0;True;14245.0;True;14245.0;True;False
156.516000;141.750000;15426.0;15415.000000;30.716724;True;14242.0;True;14245.0;True;15446.0;True;14245.0;True;14245.0;True;False
156.641000;141.875000;15446.0;15415.000000;30.716724;True;14242.0;True;14245.0;True;15476.0;True;14242.0;True;14245.0;True;False
156.750000;141.984000;15487.0;15415.000000;30.927835;True;14238.0;True;14242.0;True;15487.0;True;14242.0;True;14242.0;True;False
156.875000;142.109000;15487.0;15415.000000;30.927835;True;14232.0;True;14242.0;True;15466.0;True;14232.0;True;14232.0;True;False
157.000000;142.234000;15466.0;15426.000000;35.652921;True;14232.0;True;14232.0;True;15456.0;True;14232.0;True;14232.0;True;False
157.125000;142.359000;15456.0;15446.000000;44.243986;True;14232.0;True;14232.0;True;15456.0;True;14232.0;True;14232.0;True;False
157.250000;142.484000;15466.0;15456.000000;48.208191;True;14223.0;True;14232.0;True;15466.0;True;14223.0;True;14223.0;True;False
157.375000;142.609000;15487.0;15466.000000;52.140738;True;14220.0;True;14223.0;True;15497.0;True;14223.0;True;14223.0;True;False
157.500000;142.734000;15507.0;15466.000000;42.814752;True;14220.0;True;14223.0;True;15507.0;True;14220.0;True;14223.0;True;False
157.625000;142.859000;15476.0;15476.000000;38.575668;True;14214.0;True;14220.0;True;15476.0;True;14214.0;True;14220.0;True;False
157.750000;142.984000;15446.0;15476.000000;12.717253;True;14204.0;True;14214.0;True;15446.0;True;14204.0;True;14214.0;True;False
157.844000;143.078000;15446.0;15466.000000;8.591065;True;14204.0;True;14204.0;True;15436.0;True;14204.0;True;14204.0;True;False
157.953000;143.187000;15446.0;15466.000000;8.650519;True;14204.0;True;14204.0;True;15456.0;True;14204.0;True;14204.0;True;False
158.078000;143.312000;15456.0;15456.000000;4.325260;True;14204.0;True;14204.0;True;15497.0;True;14204.0;True;14204.0;True;False
158.219000;143.453000;15497.0;15466.000000;8.591065;True;14198.0;True;14204.0;True;15527.0;True;14204.0;True;14204.0;True;False
158.344000;143.578000;15527.0;15476.000000;12.886598;True;14198.0;True;14204.0;True;15537.0;True;14198.0;True;14204.0;True;False
158.469000;143.703000;15547.0;15476.000000;12.886598;True;14192.0;True;14198.0;True;15527.0;True;14198.0;True;14198.0;True;False
158.594000;143.828000;15527.0;15476.000000;21.477663;True;14185.0;True;14198.0;True;15517.0;True;14185.0;True;14185.0;True;False
158.719000;143.953000;15517.0;15497.000000;35.223368;True;14176.0;True;14185.0;True;15527.0;True;14185.0;True;14185.0;True;False
158.844000;144.078000;15527.0;15517.000000;43.814433;True;14171.0;True;14185.0;True;15537.0;True;14176.0;True;14176.0;True;False
158.969000;144.203000;15537.0;15527.000000;48.109966;True;14171.0;True;14176.0;True;15507.0;True;14171.0;True;14171.0;True;False
159.094000;144.328000;15507.0;15527.000000;47.781570;True;14166.0;True;14171.0;True;15487.0;True;14166.0;True;14166.0;True;False
159.219000;144.453000;15487.0;15527.000000;47.781570;True;14164.0;True;14166.0;True;15476.0;True;14166.0;True;14166.0;True;False
159.344000;144.578000;15476.0;15527.000000;43.088737;True;14165.0;True;14166.0;True;15446.0;True;14164.0;True;14164.0;True;False
159.469000;144.703000;15456.0;15517.000000;30.290102;True;14165.0;True;14164.0;True;15497.0;True;14165.0;True;14165.0;True;False
159.594000;144.828000;15497.0;15507.000000;21.757679;True;14168.0;True;14165.0;True;15497.0;True;14165.0;True;14165.0;True;False
159.719000;144.953000;15497.0;15497.000000;13.225256;True;14167.0;True;14165.0;True;15547.0;True;14167.0;True;14167.0;True;False
159.844000;145.078000;15547.0;15497.000000;13.225256;True;14167.0;True;14167.0;True;15487.0;True;14167.0;True;14167.0;True;False
159.937000;145.171000;15487.0;15497.000000;9.083045;True;14164.0;True;14167.0;True;15487.0;True;14167.0;True;14167.0;True;False
160.047000;145.281000;15476.0;15487.000000;4.788855;True;14165.0;True;14167.0;True;15466.0;True;14164.0;True;14164.0;True;False
160.172000;145.406000;15466.0;15487.000000;9.020619;True;14167.0;True;14164.0;True;15476.0;True;14167.0;True;14167.0;True;False
160.297000;145.531000;15476.0;15476.000000;4.266212;True;14171.0;True;14167.0;True;15456.0;True;14167.0;True;14167.0;True;False
160.422000;145.656000;15456.0;15476.000000;8.532423;True;14174.0;True;14167.0;True;15436.0;True;14171.0;True;14167.0;True;False
160.547000;145.781000;15426.0;15476.000000;4.295533;True;14179.0;True;14171.0;True;15405.0;True;14174.0;True;14174.0;True;False
160.672000;145.906000;15405.0;15476.000000;0.000000;True;14186.0;True;14174.0;True;15415.0;True;14186.0;True;14174.0;True;False
160.797000;146.031000;15405.0;15466.000000;0.000000;True;14186.0;True;14174.0;True;15446.0;True;14186.0;True;14186.0;True;False
160.922000;146.156000;15446.0;15456.000000;0.000000;True;14202.0;True;14186.0;True;15456.0;True;14186.0;True;14186.0;True;False
161.047000;146.281000;15456.0;15456.000000;0.000000;True;14207.0;True;14186.0;True;15497.0;True;14202.0;True;14202.0;True;False
161.172000;146.406000;15497.0;15456.000000;0.000000;True;14210.0;True;14202.0;True;15537.0;True;14207.0;True;14207.0;True;False
161.297000;146.531000;15537.0;15456.000000;0.000000;True;14210.0;True;14207.0;True;15568.0;True;14210.0;True;14210.0;True;False
161.422000;146.656000;15568.0;15456.000000;0.000000;True;14206.0;True;14210.0;True;15558.0;True;14210.0;True;14210.0;True;False
161.547000;146.781000;15558.0;15456.000000;0.000000;True;14205.0;True;14210.0;True;15578.0;True;14206.0;True;14206.0;True;False
161.656000;146.890000;15578.0;15497.000000;0.000000;True;14205.0;True;14206.0;True;15578.0;True;14205.0;True;14205.0;True;False
161.797000;147.031000;15578.0;15537.000000;8.591065;True;14202.0;True;14205.0;True;15578.0;True;14202.0;True;14202.0;True;False
161.922000;147.156000;15578.0;15558.000000;21.907216;True;14202.0;True;14202.0;True;15568.0;True;14202.0;True;14202.0;True;False
162.047000;147.281000;15568.0;15568.000000;30.498282;True;14202.0;True;14202.0;True;15558.0;True;14202.0;True;14202.0;True;False
162.172000;147.406000;15558.0;15568.000000;30.498282;True;14200.0;True;14202.0;True;15568.0;True;14202.0;True;14202.0;True;False
162.297000;147.531000;15568.0;15568.000000;30.084746;True;14199.0;True;14202.0;True;15558.0;True;14200.0;True;14200.0;True;False
162.422000;147.656000;15558.0;15568.000000;34.105263;True;14199.0;True;14200.0;True;15537.0;True;14199.0;True;14199.0;True;False
162.547000;147.781000;15537.0;15568.000000;34.105263;True;14199.0;True;14199.0;True;15517.0;True;14199.0;True;14199.0;True;False
162.672000;147.906000;15517.0;15568.000000;38.736842;True;14201.0;True;14199.0;True;15497.0;True;14199.0;True;14199.0;True;False
162.797000;148.031000;15497.0;15558.000000;34.526316;True;14210.0;True;14199.0;True;15527.0;True;14201.0;True;14201.0;True;False
162.922000;148.156000;15527.0;15558.000000;34.526316;True;14210.0;True;14201.0;True;15527.0;True;14210.0;True;14210.0;True;False
163.047000;148.281000;15527.0;15537.000000;25.684211;True;14214.0;True;14210.0;True;15527.0;True;14214.0;True;14210.0;True;False
163.172000;148.406000;15558.0;15537.000000;29.894737;True;14214.0;True;14214.0;True;15588.0;True;14214.0;True;14214.0;True;False
163.297000;148.531000;15588.0;15537.000000;34.105263;True;14215.0;True;14214.0;True;15618.0;True;14215.0;True;14214.0;True;False
163.422000;148.656000;15650.0;15537.000000;34.105263;True;14214.0;True;14215.0;True;15650.0;True;14214.0;True;14215.0;True;False
163.547000;148.781000;15650.0;15537.000000;34.105263;True;14208.0;True;14214.0;True;15650.0;True;14214.0;True;14214.0;True;False
163.672000;148.906000;15660.0;15558.000000;42.947368;True;14208.0;True;14214.0;True;15670.0;True;14208.0;True;14214.0;True;False
163.781000;149.015000;15660.0;15588.000000;55.955914;True;14208.0;True;14214.0;True;15680.0;True;14208.0;True;14208.0;True;False
163.906000;149.140000;15680.0;15650.000000;82.238237;True;14202.0;True;14208.0;True;15701.0;True;14202.0;True;14202.0;True;False
164.031000;149.265000;15680.0;15650.000000;64.421053;True;14195.0;True;14208.0;True;15711.0;True;14202.0;True;14202.0;True;False
164.156000;149.390000;15701.0;15660.000000;52.140738;True;14186.0;True;14202.0;True;15701.0;True;14195.0;True;14195.0;True;False
164.266000;149.500000;15701.0;15660.000000;43.515358;True;14186.0;True;14195.0;True;15701.0;True;14186.0;True;14186.0;True;False
164.391000;149.625000;15701.0;15680.000000;47.781570;True;14186.0;True;14186.0;True;15701.0;True;14186.0;True;14186.0;True;False
164.516000;149.750000;15701.0;15680.000000;47.781570;True;14186.0;True;14186.0;True;15701.0;True;14186.0;True;14186.0;True;False
164.641000;149.875000;15701.0;15701.000000;56.740614;True;14186.0;True;14186.0;True;15711.0;True;14186.0;True;14186.0;True;False
164.766000;150.000000;15711.0;15701.000000;56.740614;True;14186.0;True;14186.0;True;15691.0;True;14186.0;True;14186.0;True;False
164.891000;150.125000;15691.0;15701.000000;56.740614;True;14171.0;True;14186.0;True;15660.0;True;14186.0;True;14186.0;True;False
165.016000;150.250000;15660.0;15701.000000;56.740614;True;14171.0;True;14186.0;True;15640.0;True;14171.0;True;14171.0;True;False
165.141000;150.375000;15640.0;15701.000000;61.006826;True;14167.0;True;14171.0;True;15618.0;True;14167.0;True;14171.0;True;False
165.266000;150.500000;15608.0;15701.000000;61.006826;True;14165.0;True;14167.0;True;15588.0;True;14167.0;True;14167.0;True;False
165.391000;150.625000;15588.0;15691.000000;65.699659;True;14168.0;True;14167.0;True;15547.0;True;14165.0;True;14165.0;True;False
165.516000;150.750000;15547.0;15660.000000;52.474403;True;14168.0;True;14165.0;True;15547.0;True;14168.0;True;14168.0;True;False
165.625000;150.859000;15547.0;15640.000000;44.243986;True;14174.0;True;14168.0;True;15547.0;True;14174.0;True;14168.0;True;False
165.750000;150.984000;15568.0;15608.000000;30.498282;True;14174.0;True;14174.0;True;15578.0;True;14174.0;True;14174.0;True;False
165.875000;151.109000;15578.0;15588.000000;21.907216;True;14179.0;True;14174.0;True;15568.0;True;14179.0;True;14179.0;True;False
166.000000;151.234000;15578.0;15578.000000;8.591065;True;14183.0;True;14179.0;True;15578.0;True;14179.0;True;14179.0;True;False
166.125000;151.359000;15598.0;15578.000000;0.000000;True;14183.0;True;14179.0;True;15598.0;True;14183.0;True;14179.0;True;False
166.250000;151.484000;15598.0;15578.000000;0.000000;True;14183.0;True;14179.0;True;15650.0;True;14183.0;True;14183.0;True;False
166.375000;151.609000;15650.0;15578.000000;0.000000;True;14186.0;True;14183.0;True;15650.0;True;14186.0;True;14186.0;True;False
166.500000;151.734000;15650.0;15578.000000;0.000000;True;14185.0;True;14186.0;True;15630.0;True;14186.0;True;14186.0;True;False
166.625000;151.859000;15630.0;15598.000000;0.000000;True;14185.0;True;14186.0;True;15640.0;True;14185.0;True;14185.0;True;False
166.750000;151.984000;15640.0;15598.000000;0.000000;True;14185.0;True;14185.0;True;15608.0;True;14185.0;True;14185.0;True;False
166.875000;152.109000;15608.0;15608.000000;0.000000;True;14185.0;True;14185.0;True;15578.0;True;14185.0;True;14185.0;True;False
167.000000;152.234000;15578.0;15608.000000;0.000000;True;14188.0;True;14185.0;True;15537.0;True;14188.0;True;14188.0;True;False
167.125000;152.359000;15537.0;15608.000000;0.000000;True;14203.0;True;14188.0;True;15537.0;True;14188.0;True;14188.0;True;False
167.250000;152.484000;15537.0;15608.000000;0.000000;True;14203.0;True;14188.0;True;15568.0;True;14203.0;True;14203.0;True;False
167.375000;152.609000;15568.0;15608.000000;0.000000;True;14203.0;True;14203.0;True;15578.0;True;14203.0;True;14203.0;True;False
167.500000;152.734000;15578.0;15578.000000;0.000000;True;14210.0;True;14203.0;True;15558.0;True;14203.0;True;14203.0;True;False
167.609000;152.843000;15558.0;15578.000000;0.000000;True;14210.0;True;14203.0;True;15558.0;True;14210.0;True;14203.0;True;False
167.719000;152.953000;15558.0;15568.000000;0.000000;True;14224.0;True;14210.0;True;15558.0;True;14224.0;True;14210.0;True;False
167.828000;153.062000;15568.0;15568.000000;0.000000;True;14224.0;True;14224.0;True;15568.0;True;14224.0;True;14224.0;True;False
167.953000;153.187000;15568.0;15568.000000;0.000000;True;14224.0;True;14224.0;True;15588.0;True;14224.0;True;14224.0;True;False
168.078000;153.312000;15588.0;15568.000000;0.000000;True;14231.0;True;14224.0;True;15618.0;True;14224.0;True;14224.0;True;False
168.203000;153.437000;15618.0;15568.000000;0.000000;True;14240.0;True;14224.0;True;15640.0;True;14231.0;True;14231.0;True;False
168.328000;153.562000;15640.0;15568.000000;0.000000;True;14242.0;True;14231.0;True;15650.0;True;14240.0;True;14240.0;True;False
168.453000;153.687000;15650.0;15578.000000;0.000000;True;14242.0;True;14240.0;True;15701.0;True;14242.0;True;14242.0;True;False
168.578000;153.812000;15680.0;15588.000000;4.295533;True;14243.0;True;14242.0;True;15711.0;True;14242.0;True;14242.0;True;False
168.703000;153.937000;15711.0;15618.000000;17.182131;True;14239.0;True;14242.0;True;15701.0;True;14243.0;True;14243.0;True;False
168.828000;154.062000;15701.0;15640.000000;26.632302;True;14237.0;True;14243.0;True;15680.0;True;14239.0;True;14239.0;True;False
168.969000;154.203000;15640.0;15640.000000;17.918089;True;14237.0;True;14237.0;True;15640.0;True;14237.0;True;14237.0;True;False
169.078000;154.312000;15640.0;15640.000000;18.041237;True;14237.0;True;14237.0;True;15608.0;True;14237.0;True;14237.0;True;False
169.187000;154.421000;15608.0;15640.000000;13.840830;True;14247.0;True;14237.0;True;15588.0;True;14237.0;True;14237.0;True;False
169.297000;154.531000;15588.0;15640.000000;13.931215;True;14247.0;True;14237.0;True;15608.0;True;14247.0;True;14247.0;True;False
169.422000;154.656000;15608.0;15640.000000;13.931215;True;14255.0;True;14247.0;True;15608.0;True;14247.0;True;14247.0;True;False
169.547000;154.781000;15608.0;15640.000000;13.931215;True;14261.0;True;14247.0;True;15618.0;True;14255.0;True;14255.0;True;False
169.687000;154.921000;15618.0;15618.000000;4.325260;True;14261.0;True;14255.0;True;15608.0;True;14261.0;True;14261.0;True;False
169.812000;155.046000;15608.0;15608.000000;12.975779;True;14274.0;True;14261.0;True;15608.0;True;14261.0;True;14261.0;True;False
169.937000;155.171000;15608.0;15608.000000;12.886598;True;14274.0;True;14261.0;True;15608.0;True;14274.0;True;14274.0;True;False
170.062000;155.296000;15608.0;15608.000000;17.072130;True;14274.0;True;14274.0;True;15640.0;True;14274.0;True;14274.0;True;False
170.187000;155.421000;15640.0;15608.000000;16.956337;True;14274.0;True;14274.0;True;15640.0;True;14274.0;True;14274.0;True;False
170.297000;155.531000;15640.0;15608.000000;17.064846;True;14279.0;True;14274.0;True;15640.0;True;14274.0;True;14274.0;True;False
170.422000;155.656000;15640.0;15608.000000;17.064846;True;14279.0;True;14274.0;True;15670.0;True;14279.0;True;14279.0;True;False
170.562000;155.796000;15670.0;15618.000000;21.195422;True;14281.0;True;14279.0;True;15701.0;True;14281.0;True;14281.0;True;False
170.672000;155.906000;15670.0;15640.000000;30.716724;True;14281.0;True;14279.0;True;15721.0;True;14281.0;True;14281.0;True;False
170.781000;156.015000;15701.0;15640.000000;26.632302;True;14281.0;True;14281.0;True;15711.0;True;14281.0;True;14281.0;True;False
170.906000;156.140000;15711.0;15640.000000;22.336770;True;14281.0;True;14281.0;True;15711.0;True;14281.0;True;14281.0;True;False
171.031000;156.265000;15711.0;15670.000000;22.336770;True;14280.0;True;14281.0;True;15721.0;True;14281.0;True;14281.0;True;False
171.156000;156.390000;15721.0;15670.000000;12.886598;True;14280.0;True;14281.0;True;15650.0;True;14280.0;True;14280.0;True;False
171.297000;156.531000;15650.0;15670.000000;12.886598;True;14279.0;True;14280.0;True;15660.0;True;14280.0;True;14280.0;True;False
171.422000;156.656000;15660.0;15670.000000;12.798635;True;14288.0;True;14280.0;True;15660.0;True;14279.0;True;14279.0;True;False
171.547000;156.781000;15660.0;15670.000000;12.711864;True;14288.0;True;14279.0;True;15650.0;True;14288.0;True;14288.0;True;False
171.672000;156.906000;15650.0;15670.000000;12.631579;True;14288.0;True;14288.0;True;15640.0;True;14288.0;True;14288.0;True;False
171.797000;157.031000;15640.0;15660.000000;8.421053;True;14293.0;True;14288.0;True;15630.0;True;14288.0;True;14288.0;True;False
171.922000;157.156000;15630.0;15660.000000;8.421053;True;14307.0;True;14288.0;True;15630.0;True;14293.0;True;14293.0;True;False
172.047000;157.281000;15630.0;15650.000000;13.559322;True;14307.0;True;14293.0;True;15640.0;True;14307.0;True;14307.0;True;False
172.172000;157.406000;15640.0;15650.000000;17.796610;True;14307.0;True;14307.0;True;15670.0;True;14307.0;True;14307.0;True;False
172.297000;157.531000;15670.0;15650.000000;17.796610;True;14313.0;True;14307.0;True;15680.0;True;14313.0;True;14313.0;True;False
172.422000;157.656000;15680.0;15650.000000;17.796610;True;14321.0;True;14313.0;True;15650.0;True;14313.0;True;14313.0;True;False
172.547000;157.781000;15650.0;15650.000000;17.796610;True;14321.0;True;14313.0;True;15650.0;True;14321.0;True;14321.0;True;False
172.656000;157.890000;15650.0;15650.000000;17.804154;True;14327.0;True;14321.0;True;15630.0;True;14321.0;True;14321.0;True;False
172.781000;158.015000;15630.0;15640.000000;13.565070;True;14327.0;True;14321.0;True;15630.0;True;14327.0;True;14327.0;True;False
172.891000;158.125000;15630.0;15640.000000;9.446114;True;14335.0;True;14327.0;True;15640.0;True;14335.0;True;14335.0;True;False
173.000000;158.234000;15640.0;15640.000000;0.000000;True;14335.0;True;14335.0;True;15680.0;True;14335.0;True;14335.0;True;False
173.109000;158.343000;15711.0;15650.000000;4.295533;True;14342.0;True;14335.0;True;15711.0;True;14335.0;True;14335.0;True;False
173.219000;158.453000;15711.0;15650.000000;4.323390;True;14342.0;True;14335.0;True;15731.0;True;14335.0;True;14335.0;True;False
173.344000;158.578000;15731.0;15650.000000;0.000000;True;14344.0;True;14335.0;True;15772.0;True;14342.0;True;14342.0;True;False
173.469000;158.703000;15772.0;15650.000000;0.000000;True;14344.0;True;14342.0;True;15751.0;True;14344.0;True;14344.0;True;False
173.609000;158.843000;15751.0;15711.000000;17.733564;True;14340.0;True;14344.0;True;15762.0;True;14344.0;True;14344.0;True;False
173.734000;158.968000;15762.0;15711.000000;17.733564;True;14340.0;True;14344.0;True;15762.0;True;14340.0;True;14340.0;True;False
173.844000;159.078000;15762.0;15731.000000;26.556378;True;14339.0;True;14340.0;True;15731.0;True;14340.0;True;14340.0;True;False
173.969000;159.203000;15731.0;15731.000000;26.556378;True;14339.0;True;14340.0;True;15721.0;True;14339.0;True;14339.0;True;False
174.094000;159.328000;15721.0;15731.000000;30.909882;True;14343.0;True;14339.0;True;15680.0;True;14339.0;True;14339.0;True;False
174.219000;159.453000;15680.0;15731.000000;30.909882;True;14343.0;True;14339.0;True;15680.0;True;14343.0;True;14343.0;True;False
174.344000;159.578000;15680.0;15731.000000;35.263387;True;14349.0;True;14343.0;True;15691.0;True;14343.0;True;14343.0;True;False
174.469000;159.703000;15691.0;15731.000000;35.263387;True;14349.0;True;14343.0;True;15751.0;True;14349.0;True;14349.0;True;False
174.594000;159.828000;15751.0;15731.000000;35.263387;True;14354.0;True;14349.0;True;15751.0;True;14349.0;True;14349.0;True;False
174.719000;159.953000;15751.0;15731.000000;35.263387;True;14354.0;True;14349.0;True;15598.0;True;14354.0;True;14354.0;True;False
174.844000;160.078000;15598.0;15721.000000;30.909882;True;14367.0;True;14354.0;True;15598.0;True;14354.0;True;14354.0;True;False
174.953000;160.187000;15598.0;15691.000000;17.849369;True;14367.0;True;14354.0;True;15680.0;True;14367.0;True;14367.0;True;False
175.078000;160.312000;15680.0;15680.000000;17.414018;True;14367.0;True;14367.0;True;15731.0;True;14367.0;True;14367.0;True;False
175.187000;160.421000;15731.0;15680.000000;17.421603;True;14374.0;True;14367.0;True;15751.0;True;14374.0;True;14374.0;True;False
175.312000;160.546000;15772.0;15691.000000;22.058824;True;14376.0;True;14374.0;True;15772.0;True;14374.0;True;14374.0;True;False
175.422000;160.656000;15782.0;15731.000000;35.019455;True;14376.0;True;14374.0;True;15782.0;True;14376.0;True;14374.0;True;False
175.562000;160.796000;15772.0;15751.000000;43.107128;True;14375.0;True;14376.0;True;15762.0;True;14375.0;True;14375.0;True;False
175.672000;160.906000;15762.0;15751.000000;43.384880;True;14376.0;True;14375.0;True;15792.0;True;14375.0;True;14375.0;True;False
175.797000;161.031000;15792.0;15762.000000;48.109966;True;14376.0;True;14375.0;True;15833.0;True;14376.0;True;14375.0;True;False
175.906000;161.140000;15833.0;15772.000000;26.556378;True;14374.0;True;14376.0;True;15833.0;True;14374.0;True;14376.0;True;False
176.016000;161.250000;15833.0;15772.000000;26.730938;True;14370.0;True;14376.0;True;15853.0;True;14374.0;True;14374.0;True;False
176.156000;161.390000;15853.0;15782.000000;22.058824;True;14365.0;True;14374.0;True;15833.0;True;14370.0;True;14370.0;True;False
176.281000;161.515000;15833.0;15792.000000;26.384083;True;14365.0;True;14370.0;True;15802.0;True;14365.0;True;14365.0;True;False
176.406000;161.640000;15802.0;15802.000000;30.709343;True;14361.0;True;14365.0;True;15772.0;True;14365.0;True;14365.0;True;False
176.531000;161.765000;15772.0;15802.000000;30.709343;True;14362.0;True;14365.0;True;15792.0;True;14361.0;True;14361.0;True;False
176.656000;161.890000;15792.0;15802.000000;30.709343;True;14363.0;True;14361.0;True;15802.0;True;14362.0;True;14362.0;True;False
176.781000;162.015000;15802.0;15802.000000;30.709343;True;14363.0;True;14362.0;True;15822.0;True;14363.0;True;14363.0;True;False
176.922000;162.156000;15822.0;15822.000000;39.089347;True;14363.0;True;14363.0;True;15873.0;True;14363.0;True;14363.0;True;False
177.031000;162.265000;15873.0;15822.000000;39.359862;True;14361.0;True;14363.0;True;15883.0;True;14363.0;True;14363.0;True;False
177.141000;162.375000;15853.0;15822.000000;43.970396;True;14356.0;True;14363.0;True;15853.0;True;14361.0;True;14363.0;True;False
177.250000;162.484000;15853.0;15822.000000;57.030910;True;14356.0;True;14363.0;True;15883.0;True;14361.0;True;14361.0;True;False
177.375000;162.609000;15873.0;15822.000000;61.819765;True;14353.0;True;14361.0;True;15873.0;True;14356.0;True;14356.0;True;False
177.516000;162.750000;15873.0;15853.000000;74.280807;True;14348.0;True;14356.0;True;15863.0;True;14353.0;True;14353.0;True;False
177.625000;162.859000;15863.0;15853.000000;70.038911;True;14345.0;True;14353.0;True;15843.0;True;14348.0;True;14348.0;True;False
177.750000;162.984000;15843.0;15853.000000;52.405498;True;14345.0;True;14348.0;True;15822.0;True;14345.0;True;14345.0;True;False
177.859000;163.093000;15822.0;15853.000000;44.405747;True;14343.0;True;14345.0;True;15792.0;True;14345.0;True;14345.0;True;False
177.969000;163.203000;15792.0;15853.000000;44.405747;True;14343.0;True;14345.0;True;15792.0;True;14343.0;True;14343.0;True;False
178.078000;163.312000;15792.0;15853.000000;39.894783;True;14346.0;True;14343.0;True;15792.0;True;14343.0;True;14343.0;True;False
178.203000;163.437000;15792.0;15843.000000;30.909882;True;14346.0;True;14343.0;True;15772.0;True;14346.0;True;14343.0;True;False
178.312000;163.546000;15772.0;15822.000000;21.777003;True;14346.0;True;14346.0;True;15772.0;True;14346.0;True;14346.0;True;False
178.422000;163.656000;15772.0;15792.000000;4.413063;True;14346.0;True;14346.0;True;15812.0;True;14346.0;True;14346.0;True;False
178.531000;163.765000;15812.0;15792.000000;0.000000;True;14353.0;True;14346.0;True;15843.0;True;14346.0;True;14346.0;True;False
178.641000;163.875000;15843.0;15792.000000;0.000000;True;14353.0;True;14346.0;True;15853.0;True;14353.0;True;14353.0;True;False
178.766000;164.000000;15853.0;15792.000000;0.000000;True;14352.0;True;14353.0;True;15895.0;True;14353.0;True;14353.0;True;False
178.875000;164.109000;15895.0;15792.000000;0.000000;True;14351.0;True;14353.0;True;15905.0;True;14352.0;True;14352.0;True;False
179.000000;164.234000;15905.0;15812.000000;4.506534;True;14347.0;True;14352.0;True;15945.0;True;14347.0;True;14347.0;True;False
179.109000;164.343000;15945.0;15843.000000;9.602195;True;14334.0;True;14347.0;True;15966.0;True;14342.0;True;14347.0;True;False
179.219000;164.453000;15966.0;15853.000000;14.168190;True;14334.0;True;14342.0;True;15966.0;True;14334.0;True;14342.0;True;False
179.344000;164.578000;15976.0;15895.000000;33.136632;True;14334.0;True;14334.0;True;15976.0;True;14334.0;True;14334.0;True;False
179.453000;164.687000;15986.0;15905.000000;37.675897;True;14316.0;True;14334.0;True;15986.0;True;14316.0;True;14316.0;True;False
179.578000;164.812000;15986.0;15945.000000;55.832955;True;14306.0;True;14316.0;True;15986.0;True;14316.0;True;14316.0;True;False
179.687000;164.921000;15986.0;15966.000000;52.049747;True;14306.0;True;14316.0;True;15976.0;True;14316.0;True;14316.0;True;False
179.828000;165.062000;15976.0;15976.000000;55.832955;True;14306.0;True;14316.0;True;15976.0;True;14306.0;True;14306.0;True;False
179.937000;165.171000;15976.0;15976.000000;56.241427;True;14298.0;True;14306.0;True;15996.0;True;14306.0;True;14306.0;True;False
180.047000;165.281000;15996.0;15976.000000;56.215722;True;14298.0;True;14306.0;True;16006.0;True;14298.0;True;14298.0;True;False
180.172000;165.406000;16006.0;15986.000000;60.372220;True;14288.0;True;14298.0;True;15986.0;True;14298.0;True;14298.0;True;False
180.297000;165.531000;15986.0;15986.000000;59.936909;True;14278.0;True;14298.0;True;15996.0;True;14288.0;True;14288.0;True;False
180.422000;165.656000;15996.0;15986.000000;64.443443;True;14269.0;True;14288.0;True;16006.0;True;14269.0;True;14269.0;True;False
180.531000;165.765000;16006.0;15986.000000;73.907165;True;14261.0;True;14269.0;True;16006.0;True;14269.0;True;14269.0;True;False
180.641000;165.875000;16006.0;15996.000000;91.933303;True;14252.0;True;14269.0;True;16006.0;True;14261.0;True;14269.0;True;False
180.750000;165.984000;16006.0;15996.000000;91.933303;True;14252.0;True;14261.0;True;16006.0;True;14252.0;True;14252.0;True;False
180.859000;166.093000;16016.0;16006.000000;96.483318;True;14252.0;True;14252.0;True;16037.0;True;14252.0;True;14252.0;True;False
180.984000;166.218000;16037.0;16006.000000;96.483318;True;14242.0;True;14252.0;True;16026.0;True;14242.0;True;14252.0;True;False
181.094000;166.328000;16047.0;16006.000000;96.439838;True;14231.0;True;14242.0;True;16047.0;True;14231.0;True;14242.0;True;False
181.203000;166.437000;16057.0;16006.000000;88.061734;True;14231.0;True;14231.0;True;16057.0;True;14231.0;True;14231.0;True;False
181.328000;166.562000;16057.0;16016.000000;77.963046;True;14220.0;True;14231.0;True;16057.0;True;14220.0;True;14231.0;True;False
181.453000;166.687000;16087.0;16037.000000;82.363474;True;14209.0;True;14220.0;True;16108.0;True;14209.0;True;14209.0;True;False
181.562000;166.796000;16108.0;16047.000000;68.530207;True;14195.0;True;14209.0;True;16128.0;True;14209.0;True;14209.0;True;False
181.687000;166.921000;16128.0;16057.000000;68.039391;True;14180.0;True;14209.0;True;16148.0;True;14180.0;True;14209.0;True;False
181.812000;167.046000;16148.0;16057.000000;50.134288;True;14180.0;True;14180.0;True;16148.0;True;14180.0;True;14180.0;True;False
181.937000;167.171000;16148.0;16087.000000;53.777778;True;14147.0;True;14180.0;True;16148.0;True;14147.0;True;14180.0;True;False
182.047000;167.281000;16148.0;16108.000000;59.486255;True;14147.0;True;14180.0;True;16148.0;True;14147.0;True;14147.0;True;False
182.172000;167.406000;16138.0;16128.000000;68.008949;True;14147.0;True;14147.0;True;16138.0;True;14147.0;True;14147.0;True;False
182.297000;167.531000;16138.0;16138.000000;72.000000;True;14132.0;True;14147.0;True;16138.0;True;14132.0;True;14132.0;True;False
182.422000;167.656000;16138.0;16138.000000;67.555556;True;14132.0;True;14132.0;True;16128.0;True;14132.0;True;14132.0;True;False
182.547000;167.781000;16128.0;16138.000000;67.555556;True;14132.0;True;14132.0;True;16170.0;True;14132.0;True;14132.0;True;False
182.656000;167.890000;16170.0;16138.000000;68.039391;True;14117.0;True;14132.0;True;16148.0;True;14132.0;True;14132.0;True;False
182.766000;168.000000;16148.0;16148.000000;72.483221;True;14100.0;True;14132.0;True;16148.0;True;14117.0;True;14117.0;True;False
182.875000;168.109000;16148.0;16148.000000;68.039391;True;14085.0;True;14117.0;True;16108.0;True;14085.0;True;14085.0;True;False
183.000000;168.234000;16108.0;16138.000000;63.111111;True;14085.0;True;14085.0;True;16087.0;True;14085.0;True;14085.0;True;False
183.109000;168.343000;16037.0;16138.000000;58.666667;True;14085.0;True;14085.0;True;16037.0;True;14085.0;True;14085.0;True;False
183.219000;168.453000;16037.0;16138.000000;59.060403;True;14068.0;True;14085.0;True;15996.0;True;14085.0;True;14085.0;True;False
183.328000;168.562000;15996.0;16128.000000;54.610564;True;14068.0;True;14085.0;True;15986.0;True;14068.0;True;14068.0;True;False
183.453000;168.687000;15986.0;16108.000000;45.333333;True;14066.0;True;14068.0;True;15986.0;True;14068.0;True;14068.0;True;False
183.562000;168.796000;15986.0;16037.000000;9.400179;True;14066.0;True;14068.0;True;15986.0;True;14066.0;True;14066.0;True;False
183.687000;168.921000;15986.0;16037.000000;0.000000;True;14066.0;True;14066.0;True;15986.0;True;14066.0;True;14066.0;True;False
183.812000;169.046000;15986.0;15996.000000;0.000000;True;14066.0;True;14066.0;True;16006.0;True;14066.0;True;14066.0;True;False
183.922000;169.156000;16006.0;15996.000000;0.000000;True;14066.0;True;14066.0;True;16037.0;True;14066.0;True;14066.0;True;False
184.047000;169.281000;16037.0;15996.000000;0.000000;True;14059.0;True;14066.0;True;16047.0;True;14066.0;True;14066.0;True;False
184.172000;169.406000;16047.0;15996.000000;0.000000;True;14059.0;True;14066.0;True;16047.0;True;14059.0;True;14059.0;True;False
184.297000;169.531000;16047.0;15996.000000;0.000000;True;14055.0;True;14059.0;True;16016.0;True;14059.0;True;14059.0;True;False
184.422000;169.656000;16016.0;16006.000000;0.000000;True;14053.0;True;14059.0;True;16057.0;True;14055.0;True;14055.0;True;False
184.531000;169.765000;16057.0;16016.000000;0.000000;True;14053.0;True;14055.0;True;16026.0;True;14053.0;True;14053.0;True;False
184.656000;169.890000;16026.0;16026.000000;0.000000;True;14047.0;True;14053.0;True;15986.0;True;14053.0;True;14053.0;True;False
184.781000;170.015000;15986.0;16026.000000;0.000000;True;14045.0;True;14053.0;True;15986.0;True;14047.0;True;14047.0;True;False
184.906000;170.140000;15986.0;16026.000000;0.000000;True;14046.0;True;14047.0;True;15976.0;True;14045.0;True;14045.0;True;False
185.047000;170.281000;15976.0;16026.000000;0.000000;True;14046.0;True;14045.0;True;15976.0;True;14046.0;True;14046.0;True;False
185.172000;170.406000;15976.0;16016.000000;0.000000;True;14048.0;True;14046.0;True;15996.0;True;14048.0;True;14048.0;True;False
185.297000;170.531000;15996.0;15996.000000;0.000000;True;14048.0;True;14048.0;True;16006.0;True;14048.0;True;14048.0;True;False
185.422000;170.656000;16006.0;15996.000000;0.000000;True;14049.0;True;14048.0;True;16016.0;True;14048.0;True;14048.0;True;False
185.547000;170.781000;16016.0;15996.000000;0.000000;True;14049.0;True;14048.0;True;16067.0;True;14049.0;True;14049.0;True;False
185.672000;170.906000;16077.0;15996.000000;0.000000;True;14049.0;True;14049.0;True;16067.0;True;14049.0;True;14049.0;True;False
185.797000;171.031000;16067.0;15996.000000;0.000000;True;14043.0;True;14049.0;True;16077.0;True;14043.0;True;14043.0;True;False
185.922000;171.156000;16077.0;16006.000000;0.000000;True;14035.0;True;14043.0;True;16067.0;True;14043.0;True;14043.0;True;False
186.047000;171.281000;16067.0;16016.000000;0.000000;True;14035.0;True;14043.0;True;16047.0;True;14035.0;True;14043.0;True;False
186.172000;171.406000;16026.0;16026.000000;12.711864;True;14031.0;True;14035.0;True;16026.0;True;14035.0;True;14035.0;True;False
186.281000;171.515000;16026.0;16026.000000;12.717253;True;14031.0;True;14035.0;True;16006.0;True;14031.0;True;14031.0;True;False
186.391000;171.625000;16006.0;16026.000000;12.798635;True;14031.0;True;14031.0;True;15996.0;True;14031.0;True;14031.0;True;False
186.500000;171.734000;15996.0;16026.000000;12.886598;True;14033.0;True;14031.0;True;15996.0;True;14033.0;True;14031.0;True;False
186.609000;171.843000;15996.0;16026.000000;12.975779;True;14033.0;True;14033.0;True;15996.0;True;14033.0;True;14033.0;True;False
186.734000;171.968000;15996.0;16026.000000;8.650519;True;14035.0;True;14033.0;True;15996.0;True;14033.0;True;14033.0;True;False
186.859000;172.093000;15996.0;16006.000000;0.000000;True;14035.0;True;14033.0;True;15996.0;True;14035.0;True;14035.0;True;False
186.984000;172.218000;15996.0;15996.000000;0.000000;True;14035.0;True;14035.0;True;15986.0;True;14035.0;True;14035.0;True;False
187.109000;172.343000;15986.0;15996.000000;0.000000;True;14035.0;True;14035.0;True;15986.0;True;14035.0;True;14035.0;True;False
187.234000;172.468000;15986.0;15996.000000;0.000000;True;14039.0;True;14035.0;True;16037.0;True;14035.0;True;14035.0;True;False
187.359000;172.593000;16047.0;15996.000000;0.000000;True;14039.0;True;14035.0;True;16047.0;True;14039.0;True;14039.0;True;False
187.484000;172.718000;16047.0;15996.000000;0.000000;True;14038.0;True;14039.0;True;16077.0;True;14039.0;True;14039.0;True;False
187.609000;172.843000;16077.0;15996.000000;0.000000;True;14038.0;True;14039.0;True;16077.0;True;14038.0;True;14039.0;True;False
187.719000;172.953000;16097.0;15996.000000;0.000000;True;14038.0;True;14038.0;True;16097.0;True;14038.0;True;14038.0;True;False
187.844000;173.078000;16097.0;16047.000000;22.202873;True;14030.0;True;14038.0;True;16097.0;True;14030.0;True;14038.0;True;False
187.937000;173.171000;16097.0;16047.000000;22.516556;True;14030.0;True;14038.0;True;16087.0;True;14030.0;True;14030.0;True;False
188.062000;173.296000;16087.0;16077.000000;35.761589;True;14026.0;True;14030.0;True;16047.0;True;14030.0;True;14030.0;True;False
188.187000;173.421000;16067.0;16077.000000;31.346578;True;14026.0;True;14030.0;True;16037.0;True;14026.0;True;14026.0;True;False
188.312000;173.546000;16016.0;16077.000000;26.931567;True;14025.0;True;14026.0;True;16016.0;True;14025.0;True;14026.0;True;False
188.422000;173.656000;16016.0;16077.000000;22.666667;True;14028.0;True;14025.0;True;16016.0;True;14028.0;True;14025.0;True;False
188.531000;173.765000;16016.0;16077.000000;22.666667;True;14028.0;True;14025.0;True;16006.0;True;14028.0;True;14028.0;True;False
188.641000;173.875000;16006.0;16067.000000;18.222222;True;14028.0;True;14028.0;True;15996.0;True;14028.0;True;14028.0;True;False
188.766000;174.000000;15996.0;16016.000000;0.000000;True;14032.0;True;14028.0;True;16037.0;True;14028.0;True;14028.0;True;False
188.891000;174.125000;16037.0;16016.000000;0.000000;True;14038.0;True;14028.0;True;16037.0;True;14032.0;True;14032.0;True;False
189.016000;174.250000;16037.0;16016.000000;0.000000;True;14038.0;True;14032.0;True;16047.0;True;14038.0;True;14038.0;True;False
189.141000;174.375000;16047.0;16016.000000;4.382121;True;14038.0;True;14038.0;True;16037.0;True;14038.0;True;14038.0;True;False
189.266000;174.500000;16037.0;16016.000000;8.764242;True;14039.0;True;14038.0;True;16057.0;True;14039.0;True;14039.0;True;False
189.391000;174.625000;16057.0;16037.000000;17.966696;True;14041.0;True;14039.0;True;16067.0;True;14039.0;True;14039.0;True;False
189.531000;174.765000;16067.0;16037.000000;17.849369;True;14041.0;True;14039.0;True;16077.0;True;14041.0;True;14041.0;True;False
189.656000;174.890000;16077.0;16037.000000;17.849369;True;14041.0;True;14041.0;True;16118.0;True;14041.0;True;14041.0;True;False
189.766000;175.000000;16118.0;16047.000000;22.348817;True;14040.0;True;14041.0;True;16148.0;True;14041.0;True;14041.0;True;False
189.906000;175.140000;16148.0;16057.000000;26.556378;True;14036.0;True;14041.0;True;16148.0;True;14040.0;True;14040.0;True;False
190.016000;175.250000;16148.0;16067.000000;30.909882;True;14030.0;True;14040.0;True;16138.0;True;14036.0;True;14036.0;True;False
190.125000;175.359000;16138.0;16077.000000;13.152126;True;14030.0;True;14036.0;True;16108.0;True;14030.0;True;14036.0;True;False
190.250000;175.484000;16097.0;16097.000000;21.616948;True;14030.0;True;14030.0;True;16097.0;True;14030.0;True;14030.0;True;False
190.375000;175.609000;16097.0;16097.000000;8.646779;True;14024.0;True;14030.0;True;16087.0;True;14024.0;True;14024.0;True;False
190.484000;175.718000;16087.0;16097.000000;8.707009;True;14024.0;True;14024.0;True;16077.0;True;14024.0;True;14024.0;True;False
190.594000;175.828000;16077.0;16097.000000;8.764242;True;14024.0;True;14024.0;True;16047.0;True;14024.0;True;14024.0;True;False
190.703000;175.937000;16047.0;16097.000000;8.768084;True;14024.0;True;14024.0;True;16047.0;True;14024.0;True;14024.0;True;False
190.812000;176.046000;16026.0;16097.000000;8.768084;True;14024.0;True;14024.0;True;16026.0;True;14024.0;True;14024.0;True;False
190.937000;176.171000;16037.0;16087.000000;8.710801;True;14032.0;True;14024.0;True;16037.0;True;14032.0;True;14024.0;True;False
191.047000;176.281000;16037.0;16077.000000;26.742657;True;14036.0;True;14024.0;True;16037.0;True;14032.0;True;14032.0;True;False
191.156000;176.390000;16037.0;16047.000000;13.686534;True;14036.0;True;14032.0;True;16026.0;True;14036.0;True;14036.0;True;False
191.281000;176.515000;16026.0;16037.000000;9.271523;True;14036.0;True;14036.0;True;16037.0;True;14036.0;True;14036.0;True;False
191.406000;176.640000;16037.0;16037.000000;9.271523;True;14045.0;True;14036.0;True;16026.0;True;14036.0;True;14036.0;True;False
191.531000;176.765000;16026.0;16037.000000;9.271523;True;14045.0;True;14036.0;True;16026.0;True;14045.0;True;14045.0;True;False
191.656000;176.890000;16026.0;16037.000000;0.000000;True;14051.0;True;14045.0;True;16037.0;True;14045.0;True;14045.0;True;False
191.781000;177.015000;16037.0;16037.000000;0.000000;True;14051.0;True;14045.0;True;16047.0;True;14051.0;True;14051.0;True;False
191.906000;177.140000;16047.0;16037.000000;0.000000;True;14059.0;True;14051.0;True;16047.0;True;14051.0;True;14051.0;True;False
192.031000;177.265000;16047.0;16037.000000;0.000000;True;14059.0;True;14051.0;True;16047.0;True;14059.0;True;14059.0;True;False
192.172000;177.406000;16047.0;16037.000000;0.000000;True;14059.0;True;14059.0;True;16047.0;True;14059.0;True;14059.0;True;False
192.297000;177.531000;16047.0;16037.000000;0.000000;True;14059.0;True;14059.0;True;16047.0;True;14059.0;True;14059.0;True;False
192.406000;177.640000;16047.0;16047.000000;0.000000;True;14059.0;True;14059.0;True;16067.0;True;14059.0;True;14059.0;True;False
192.531000;177.765000;16067.0;16047.000000;0.000000;True;14059.0;True;14059.0;True;16087.0;True;14059.0;True;14059.0;True;False
192.656000;177.890000;16087.0;16047.000000;0.000000;True;14062.0;True;14059.0;True;16108.0;True;14061.0;True;14061.0;True;False
192.781000;178.015000;16108.0;16047.000000;0.000000;True;14062.0;True;14061.0;True;16108.0;True;14062.0;True;14062.0;True;False
192.906000;178.140000;16108.0;16047.000000;0.000000;True;14062.0;True;14062.0;True;16087.0;True;14062.0;True;14062.0;True;False
193.031000;178.265000;16087.0;16067.000000;0.000000;True;14063.0;True;14062.0;True;16067.0;True;14062.0;True;14062.0;True;False
193.156000;178.390000;16067.0;16067.000000;0.000000;True;14063.0;True;14062.0;True;16006.0;True;14063.0;True;14063.0;True;False
193.297000;178.531000;16006.0;16067.000000;0.000000;True;14066.0;True;14063.0;True;15996.0;True;14066.0;True;14066.0;True;False
193.422000;178.656000;15996.0;16067.000000;0.000000;True;14074.0;True;14066.0;True;15986.0;True;14066.0;True;14066.0;True;False
193.562000;178.796000;15986.0;16067.000000;8.312552;True;14083.0;True;14066.0;True;15955.0;True;14074.0;True;14074.0;True;False
193.687000;178.921000;15955.0;16067.000000;12.468828;True;14105.0;True;14074.0;True;15955.0;True;14083.0;True;14083.0;True;False
193.812000;179.046000;15955.0;16006.000000;0.000000;True;14105.0;True;14083.0;True;15955.0;True;14105.0;True;14105.0;True;False
193.937000;179.171000;15955.0;15996.000000;0.000000;True;14105.0;True;14105.0;True;15955.0;True;14105.0;True;14105.0;True;False
194.062000;179.296000;15955.0;15986.000000;0.000000;True;14105.0;True;14105.0;True;15976.0;True;14105.0;True;14105.0;True;False
194.187000;179.421000;15976.0;15976.000000;0.000000;True;14105.0;True;14105.0;True;15986.0;True;14105.0;True;14105.0;True;False
194.312000;179.546000;15986.0;15976.000000;0.000000;True;14115.0;True;14105.0;True;16006.0;True;14105.0;True;14105.0;True;False
194.453000;179.687000;16006.0;15976.000000;0.000000;True;14133.0;True;14105.0;True;16016.0;True;14115.0;True;14115.0;True;False
194.578000;179.812000;16016.0;15976.000000;0.000000;True;14133.0;True;14115.0;True;16128.0;True;14133.0;True;14133.0;True;False
194.703000;179.937000;16128.0;15976.000000;0.000000;True;14140.0;True;14133.0;True;16097.0;True;14133.0;True;14133.0;True;False
