elapsed_s;active_elapsed_s;gw_nivel;median9_raw;positive_median_rate_raw_per_s;gw_enable;gw_dac;gw_applied_enable;gw_applied_dac;gw_watchdog_healthy;plc_nivel;plc_enable;plc_dac;plc_applied_enable;plc_applied_dac;plc_watchdog_healthy;plc_watchdog_tripped
1.157000;-1.000000;257.0;247.000000;0.000000;False;0.0;False;0.0;True;247.0;False;0.0;False;0.0;True;False
1.282000;-1.000000;247.0;247.000000;0.000000;False;0.0;False;0.0;True;247.0;False;0.0;False;0.0;True;False
1.422000;-1.000000;247.0;247.000000;0.000000;False;0.0;False;0.0;True;247.0;False;0.0;False;0.0;True;False
1.547000;-1.000000;247.0;247.000000;0.000000;False;0.0;False;0.0;True;257.0;False;0.0;False;0.0;True;False
1.657000;-1.000000;257.0;247.000000;0.000000;False;0.0;False;0.0;True;257.0;False;0.0;False;0.0;True;False
1.782000;-1.000000;257.0;247.000000;0.000000;False;0.0;False;0.0;True;257.0;False;0.0;False;0.0;True;False
1.907000;-1.000000;257.0;257.000000;13.333333;False;0.0;False;0.0;True;257.0;False;0.0;False;0.0;True;False
2.032000;-1.000000;257.0;257.000000;11.428571;False;0.0;False;0.0;True;257.0;False;0.0;False;0.0;True;False
2.141000;-1.000000;257.0;257.000000;10.162602;False;0.0;False;0.0;True;247.0;False;0.0;False;0.0;True;False
2.250000;-1.000000;257.0;257.000000;9.149131;False;0.0;False;0.0;True;247.0;False;0.0;False;0.0;True;False
2.360000;-1.000000;247.0;257.000000;8.312552;False;0.0;False;0.0;True;257.0;False;0.0;False;0.0;True;False
2.485000;-1.000000;257.0;257.000000;7.530120;False;0.0;False;0.0;True;247.0;False;0.0;False;0.0;True;False
2.610000;-1.000000;247.0;257.000000;6.882312;False;0.0;False;0.0;True;257.0;False;0.0;False;0.0;True;False
2.735000;-1.000000;257.0;257.000000;6.337136;False;0.0;False;0.0;True;247.0;False;0.0;False;0.0;True;False
2.844000;-1.000000;247.0;257.000000;5.927682;False;0.0;False;0.0;True;257.0;False;0.0;False;0.0;True;False
2.969000;-1.000000;257.0;257.000000;5.518764;False;0.0;False;0.0;True;257.0;False;0.0;False;0.0;True;False
3.094000;-1.000000;247.0;257.000000;5.162623;False;0.0;False;0.0;True;247.0;False;0.0;False;0.0;True;False
3.203000;-1.000000;247.0;247.000000;0.000000;False;0.0;False;0.0;True;247.0;False;0.0;False;0.0;True;False
3.313000;-1.000000;247.0;247.000000;0.000000;False;0.0;False;0.0;True;247.0;False;0.0;False;0.0;True;False
3.422000;-1.000000;237.0;247.000000;0.000000;False;0.0;False;0.0;True;237.0;False;0.0;False;0.0;True;False
3.547000;-1.000000;237.0;247.000000;0.000000;False;0.0;False;0.0;True;247.0;False;0.0;False;0.0;True;False
3.657000;-1.000000;247.0;247.000000;0.000000;False;0.0;False;0.0;True;247.0;False;0.0;False;0.0;True;False
3.782000;-1.000000;247.0;247.000000;0.000000;False;0.0;False;0.0;True;237.0;False;0.0;False;0.0;True;False
3.922000;-1.000000;237.0;247.000000;0.000000;False;0.0;False;0.0;True;257.0;False;0.0;False;0.0;True;False
4.032000;-1.000000;257.0;247.000000;0.000000;False;0.0;False;0.0;True;247.0;False;0.0;False;0.0;True;False
4.141000;-1.000000;247.0;247.000000;0.000000;False;0.0;False;0.0;True;247.0;False;0.0;False;0.0;True;False
4.266000;-1.000000;247.0;247.000000;0.000000;False;0.0;False;0.0;True;257.0;False;0.0;False;0.0;True;False
4.375000;-1.000000;247.0;247.000000;0.000000;False;0.0;False;0.0;True;247.0;False;0.0;False;0.0;True;False
4.485000;-1.000000;247.0;247.000000;0.000000;False;0.0;False;0.0;True;247.0;False;0.0;False;0.0;True;False
4.594000;-1.000000;247.0;247.000000;0.000000;False;0.0;False;0.0;True;247.0;False;0.0;False;0.0;True;False
4.719000;-1.000000;227.0;247.000000;0.000000;False;0.0;False;0.0;True;227.0;False;0.0;False;0.0;True;False
4.844000;-1.000000;227.0;247.000000;0.000000;False;0.0;False;0.0;True;247.0;False;0.0;False;0.0;True;False
4.969000;-1.000000;247.0;247.000000;0.000000;False;0.0;False;0.0;True;247.0;False;0.0;False;0.0;True;False
5.078000;-1.000000;247.0;247.000000;0.000000;False;0.0;False;0.0;True;257.0;False;0.0;False;0.0;True;False
5.203000;-1.000000;257.0;247.000000;0.000000;False;0.0;False;0.0;True;247.0;False;0.0;False;0.0;True;False
5.313000;-1.000000;247.0;247.000000;0.000000;False;0.0;False;0.0;True;247.0;False;0.0;False;0.0;True;False
5.438000;-1.000000;247.0;247.000000;0.000000;False;0.0;False;0.0;True;237.0;False;0.0;False;0.0;True;False
5.563000;-1.000000;237.0;247.000000;0.000000;False;0.0;False;0.0;True;257.0;False;0.0;False;0.0;True;False
5.688000;-1.000000;257.0;247.000000;0.000000;False;0.0;False;0.0;True;257.0;False;0.0;False;0.0;True;False
5.813000;-1.000000;257.0;247.000000;0.000000;False;0.0;False;0.0;True;247.0;False;0.0;False;0.0;True;False
5.938000;-1.000000;247.0;247.000000;0.000000;False;0.0;False;0.0;True;247.0;False;0.0;False;0.0;True;False
6.063000;-1.000000;247.0;247.000000;0.000000;False;0.0;False;0.0;True;247.0;False;0.0;False;0.0;True;False
6.172000;-1.000000;247.0;247.000000;0.000000;False;0.0;False;0.0;True;257.0;False;0.0;False;0.0;True;False
6.297000;-1.000000;257.0;247.000000;0.000000;False;0.0;False;0.0;True;257.0;False;0.0;False;0.0;True;False
6.422000;-1.000000;257.0;247.000000;0.000000;False;0.0;False;0.0;True;257.0;False;0.0;False;0.0;True;False
6.547000;-1.000000;257.0;257.000000;4.384042;False;0.0;False;0.0;True;247.0;False;0.0;False;0.0;True;False
6.672000;-1.000000;247.0;257.000000;4.353505;False;0.0;False;0.0;True;237.0;False;0.0;False;0.0;True;False
6.797000;-1.000000;237.0;247.000000;0.000000;False;0.0;False;0.0;True;247.0;False;0.0;False;0.0;True;False
6.922000;-1.000000;247.0;247.000000;0.000000;False;0.0;False;0.0;True;247.0;False;0.0;False;0.0;True;False
7.047000;-1.000000;247.0;247.000000;0.000000;False;0.0;False;0.0;True;247.0;False;0.0;False;0.0;True;False
7.172000;-1.000000;247.0;247.000000;0.000000;False;0.0;False;0.0;True;247.0;False;0.0;False;0.0;True;False
7.297000;-1.000000;247.0;247.000000;0.000000;False;0.0;False;0.0;True;247.0;False;0.0;False;0.0;True;False
7.422000;-1.000000;247.0;247.000000;0.000000;False;0.0;False;0.0;True;247.0;False;0.0;False;0.0;True;False
7.547000;-1.000000;247.0;247.000000;0.000000;False;0.0;False;0.0;True;247.0;False;0.0;False;0.0;True;False
7.672000;-1.000000;247.0;247.000000;0.000000;False;0.0;False;0.0;True;237.0;False;0.0;False;0.0;True;False
7.797000;-1.000000;237.0;247.000000;0.000000;False;0.0;False;0.0;True;247.0;False;0.0;False;0.0;True;False
7.922000;-1.000000;247.0;247.000000;0.000000;False;0.0;False;0.0;True;247.0;False;0.0;False;0.0;True;False
8.047000;-1.000000;247.0;247.000000;0.000000;False;0.0;False;0.0;True;247.0;False;0.0;False;0.0;True;False
8.172000;-1.000000;247.0;247.000000;0.000000;False;0.0;False;0.0;True;247.0;False;0.0;False;0.0;True;False
8.297000;-1.000000;247.0;247.000000;0.000000;False;0.0;False;0.0;True;257.0;False;0.0;False;0.0;True;False
8.407000;-1.000000;257.0;247.000000;0.000000;False;0.0;False;0.0;True;247.0;False;0.0;False;0.0;True;False
8.532000;-1.000000;247.0;247.000000;0.000000;False;0.0;False;0.0;True;257.0;False;0.0;False;0.0;True;False
8.657000;-1.000000;257.0;247.000000;0.000000;False;0.0;False;0.0;True;237.0;False;0.0;False;0.0;True;False
8.782000;-1.000000;237.0;247.000000;0.000000;False;0.0;False;0.0;True;247.0;False;0.0;False;0.0;True;False
8.891000;-1.000000;247.0;247.000000;0.000000;False;0.0;False;0.0;True;247.0;False;0.0;False;0.0;True;False
9.000000;-1.000000;247.0;247.000000;0.000000;False;0.0;False;0.0;True;237.0;False;0.0;False;0.0;True;False
9.125000;-1.000000;247.0;247.000000;0.000000;False;0.0;False;0.0;True;247.0;False;0.0;False;0.0;True;False
9.250000;-1.000000;247.0;247.000000;0.000000;False;0.0;False;0.0;True;257.0;False;0.0;False;0.0;True;False
9.375000;-1.000000;257.0;247.000000;0.000000;False;0.0;False;0.0;True;247.0;False;0.0;False;0.0;True;False
9.500000;-1.000000;247.0;247.000000;0.000000;False;0.0;False;0.0;True;247.0;False;0.0;False;0.0;True;False
9.625000;-1.000000;247.0;247.000000;0.000000;False;0.0;False;0.0;True;247.0;False;0.0;False;0.0;True;False
9.719000;-1.000000;247.0;247.000000;0.000000;False;0.0;False;0.0;True;237.0;False;0.0;False;0.0;True;False
9.828000;-1.000000;237.0;247.000000;0.000000;False;0.0;False;0.0;True;237.0;False;0.0;False;0.0;True;False
9.953000;-1.000000;257.0;247.000000;0.000000;False;0.0;False;0.0;True;257.0;False;0.0;False;0.0;True;False
10.078000;-1.000000;257.0;247.000000;0.000000;False;0.0;False;0.0;True;257.0;False;0.0;False;0.0;True;False
10.188000;-1.000000;257.0;247.000000;0.000000;False;0.0;False;0.0;True;237.0;False;0.0;False;0.0;True;False
10.282000;-1.000000;257.0;257.000000;4.474273;False;0.0;False;0.0;True;257.0;False;0.0;False;0.0;True;False
10.407000;-1.000000;257.0;257.000000;4.474273;False;0.0;False;0.0;True;247.0;False;0.0;False;0.0;True;False
10.532000;-1.000000;247.0;257.000000;4.474273;False;0.0;False;0.0;True;247.0;False;0.0;False;0.0;True;False
10.657000;-1.000000;247.0;257.000000;4.444444;False;0.0;False;0.0;True;257.0;False;0.0;False;0.0;True;False
10.797000;-1.000000;237.0;257.000000;4.415011;False;0.0;False;0.0;True;257.0;False;0.0;False;0.0;True;False
10.922000;-1.000000;257.0;257.000000;4.415011;False;0.0;False;0.0;True;247.0;False;0.0;False;0.0;True;False
11.032000;-1.000000;247.0;257.000000;4.444444;False;0.0;False;0.0;True;247.0;False;0.0;False;0.0;True;False
11.157000;-1.000000;247.0;247.000000;0.000000;False;0.0;False;0.0;True;247.0;False;0.0;False;0.0;True;False
11.266000;-1.000000;247.0;247.000000;0.000000;False;0.0;False;0.0;True;247.0;False;0.0;False;0.0;True;False
11.391000;-1.000000;247.0;247.000000;0.000000;False;0.0;False;0.0;True;237.0;False;0.0;False;0.0;True;False
11.500000;-1.000000;237.0;247.000000;0.000000;False;0.0;False;0.0;True;247.0;False;0.0;False;0.0;True;False
11.625000;-1.000000;247.0;247.000000;0.000000;False;0.0;False;0.0;True;247.0;False;0.0;False;0.0;True;False
11.735000;-1.000000;247.0;247.000000;0.000000;False;0.0;False;0.0;True;247.0;False;0.0;False;0.0;True;False
11.844000;-1.000000;237.0;247.000000;0.000000;False;0.0;False;0.0;True;237.0;False;0.0;False;0.0;True;False
11.953000;-1.000000;247.0;247.000000;0.000000;False;0.0;False;0.0;True;247.0;False;0.0;False;0.0;True;False
12.063000;0.000000;247.0;247.000000;0.000000;True;1.0;False;0.0;True;247.0;False;0.0;False;0.0;True;False
12.188000;0.125000;247.0;247.000000;0.000000;True;35.0;False;0.0;True;247.0;True;1.0;True;1.0;True;False
12.282000;0.219000;247.0;247.000000;0.000000;True;35.0;True;1.0;True;380.0;True;35.0;True;35.0;True;False
12.391000;0.328000;380.0;247.000000;0.000000;True;35.0;True;35.0;True;237.0;True;35.0;True;35.0;True;False
12.500000;0.437000;227.0;247.000000;0.000000;True;35.0;True;35.0;True;227.0;True;35.0;True;35.0;True;False
12.625000;0.562000;227.0;247.000000;0.000000;True;94.0;True;35.0;True;237.0;True;35.0;True;35.0;True;False
12.735000;0.672000;237.0;247.000000;0.000000;True;94.0;True;35.0;True;247.0;True;94.0;True;94.0;True;False
12.860000;0.797000;247.0;247.000000;0.000000;True;129.0;True;94.0;True;380.0;True;94.0;True;94.0;True;False
12.985000;0.922000;380.0;247.000000;0.000000;True;163.0;True;94.0;True;247.0;True;163.0;True;163.0;True;False
13.110000;1.047000;247.0;247.000000;0.000000;True;186.0;True;163.0;True;257.0;True;163.0;True;163.0;True;False
13.235000;1.172000;257.0;247.000000;0.000000;True;253.0;True;163.0;True;340.0;True;186.0;True;186.0;True;False
13.360000;1.297000;340.0;247.000000;0.000000;True;253.0;True;186.0;True;237.0;True;253.0;True;186.0;True;False
13.485000;1.422000;288.0;247.000000;0.000000;True;280.0;True;253.0;True;237.0;True;280.0;True;280.0;True;False
13.610000;1.547000;237.0;247.000000;0.000000;True;280.0;True;280.0;True;247.0;True;280.0;True;280.0;True;False
13.735000;1.672000;247.0;247.000000;0.000000;True;346.0;True;280.0;True;308.0;True;346.0;True;280.0;True;False
13.844000;1.781000;400.0;257.000000;4.506534;True;381.0;True;346.0;True;400.0;True;381.0;True;346.0;True;False
13.969000;1.906000;400.0;288.000000;18.352731;True;381.0;True;346.0;True;278.0;True;381.0;True;381.0;True;False
14.078000;2.015000;278.0;278.000000;13.876455;True;403.0;True;381.0;True;267.0;True;403.0;True;403.0;True;False
14.203000;2.140000;267.0;278.000000;13.777778;True;468.0;True;403.0;True;257.0;True;403.0;True;403.0;True;False
14.328000;2.265000;257.0;278.000000;13.686534;True;468.0;True;403.0;True;267.0;True;468.0;True;468.0;True;False
14.453000;2.390000;267.0;267.000000;8.830022;True;534.0;True;468.0;True;257.0;True;468.0;True;468.0;True;False
14.578000;2.515000;247.0;267.000000;8.710801;True;534.0;True;468.0;True;278.0;True;534.0;True;534.0;True;False
14.688000;2.625000;278.0;267.000000;8.707009;True;534.0;True;534.0;True;298.0;True;534.0;True;534.0;True;False
14.813000;2.750000;298.0;278.000000;13.402508;True;601.0;True;534.0;True;298.0;True;601.0;True;601.0;True;False
14.922000;2.859000;340.0;278.000000;13.495864;True;631.0;True;601.0;True;340.0;True;601.0;True;601.0;True;False
15.063000;3.000000;298.0;278.000000;13.316151;True;659.0;True;601.0;True;298.0;True;659.0;True;601.0;True;False
15.188000;3.125000;288.0;278.000000;13.316151;True;659.0;True;659.0;True;278.0;True;659.0;True;659.0;True;False
15.297000;3.234000;288.0;288.000000;17.733564;True;721.0;True;659.0;True;288.0;True;721.0;True;659.0;True;False
15.422000;3.359000;288.0;288.000000;17.733564;True;721.0;True;659.0;True;267.0;True;721.0;True;721.0;True;False
15.516000;3.453000;267.0;288.000000;17.974573;True;721.0;True;721.0;True;267.0;True;721.0;True;721.0;True;False
15.625000;3.562000;267.0;288.000000;18.101545;True;754.0;True;721.0;True;267.0;True;754.0;True;754.0;True;False
15.735000;3.672000;257.0;288.000000;18.222222;True;754.0;True;754.0;True;257.0;True;754.0;True;754.0;True;False
15.860000;3.797000;257.0;288.000000;18.222222;True;788.0;True;754.0;True;257.0;True;788.0;True;754.0;True;False
15.985000;3.922000;257.0;267.000000;8.888889;True;788.0;True;754.0;True;257.0;True;788.0;True;788.0;True;False
16.110000;4.047000;257.0;267.000000;4.413063;True;788.0;True;788.0;True;257.0;True;788.0;True;788.0;True;False
16.235000;4.172000;257.0;257.000000;0.000000;True;788.0;True;788.0;True;247.0;True;788.0;True;788.0;True;False
16.375000;4.312000;247.0;257.000000;0.000000;True;788.0;True;788.0;True;247.0;True;788.0;True;788.0;True;False
16.500000;4.437000;247.0;257.000000;0.000000;True;823.0;True;788.0;True;166.0;True;823.0;True;823.0;True;False
16.625000;4.562000;166.0;257.000000;0.000000;True;823.0;True;823.0;True;186.0;True;823.0;True;823.0;True;False
16.750000;4.687000;186.0;257.000000;0.000000;True;864.0;True;823.0;True;217.0;True;823.0;True;823.0;True;False
16.875000;4.812000;217.0;247.000000;0.000000;True;941.0;True;823.0;True;237.0;True;864.0;True;864.0;True;False
17.000000;4.937000;247.0;247.000000;0.000000;True;941.0;True;864.0;True;237.0;True;941.0;True;941.0;True;False
17.125000;5.062000;237.0;247.000000;0.000000;True;975.0;True;941.0;True;207.0;True;975.0;True;975.0;True;False
17.235000;5.172000;207.0;237.000000;0.000000;True;1010.0;True;975.0;True;217.0;True;1010.0;True;975.0;True;False
17.344000;5.281000;227.0;227.000000;0.000000;True;1048.0;True;1010.0;True;227.0;True;1048.0;True;1010.0;True;False
17.469000;5.406000;227.0;227.000000;0.000000;True;1048.0;True;1010.0;True;217.0;True;1048.0;True;1048.0;True;False
17.594000;5.531000;217.0;217.000000;0.000000;True;1121.0;True;1048.0;True;186.0;True;1048.0;True;1048.0;True;False
17.719000;5.656000;186.0;217.000000;0.000000;True;1160.0;True;1048.0;True;217.0;True;1121.0;True;1121.0;True;False
17.828000;5.765000;217.0;217.000000;0.000000;True;1160.0;True;1121.0;True;207.0;True;1160.0;True;1160.0;True;False
17.969000;5.906000;207.0;217.000000;0.000000;True;1196.0;True;1160.0;True;186.0;True;1160.0;True;1160.0;True;False
18.078000;6.015000;186.0;217.000000;0.000000;True;1272.0;True;1160.0;True;196.0;True;1233.0;True;1233.0;True;False
18.188000;6.125000;217.0;217.000000;0.000000;True;1272.0;True;1233.0;True;156.0;True;1272.0;True;1272.0;True;False
18.313000;6.250000;156.0;217.000000;0.000000;True;1309.0;True;1272.0;True;156.0;True;1272.0;True;1272.0;True;False
18.422000;6.359000;156.0;207.000000;0.000000;True;1350.0;True;1272.0;True;53.0;True;1350.0;True;1350.0;True;False
18.532000;6.469000;53.0;186.000000;0.000000;True;1350.0;True;1350.0;True;53.0;True;1350.0;True;1350.0;True;False
18.657000;6.594000;156.0;186.000000;0.000000;True;1399.0;True;1350.0;True;156.0;True;1399.0;True;1350.0;True;False
18.750000;6.687000;156.0;156.000000;0.000000;True;1399.0;True;1350.0;True;136.0;True;1399.0;True;1399.0;True;False
18.891000;6.828000;136.0;156.000000;0.000000;True;1482.0;True;1399.0;True;95.0;True;1399.0;True;1399.0;True;False
19.016000;6.953000;95.0;156.000000;0.000000;True;1482.0;True;1399.0;True;166.0;True;1482.0;True;1482.0;True;False
19.141000;7.078000;166.0;156.000000;0.000000;True;1566.0;True;1482.0;True;43.0;True;1482.0;True;1482.0;True;False
19.266000;7.203000;43.0;156.000000;0.000000;True;1566.0;True;1482.0;True;65.0;True;1566.0;True;1566.0;True;False
19.407000;7.344000;-8.0;136.000000;0.000000;True;1668.0;True;1566.0;True;-28.0;True;1566.0;True;1566.0;True;False
19.532000;7.469000;-28.0;95.000000;0.000000;True;1668.0;True;1566.0;True;136.0;True;1668.0;True;1668.0;True;False
19.657000;7.594000;136.0;136.000000;0.000000;True;1763.0;True;1668.0;True;176.0;True;1668.0;True;1668.0;True;False
19.782000;7.719000;176.0;136.000000;0.000000;True;1763.0;True;1668.0;True;125.0;True;1763.0;True;1763.0;True;False
19.891000;7.828000;125.0;125.000000;0.000000;True;1800.0;True;1763.0;True;146.0;True;1800.0;True;1800.0;True;False
20.000000;7.937000;146.0;125.000000;0.000000;True;1839.0;True;1800.0;True;115.0;True;1800.0;True;1800.0;True;False
20.125000;8.062000;115.0;125.000000;0.000000;True;1839.0;True;1800.0;True;65.0;True;1839.0;True;1839.0;True;False
20.250000;8.187000;65.0;115.000000;0.000000;True;1881.0;True;1839.0;True;176.0;True;1881.0;True;1881.0;True;False
20.360000;8.297000;75.0;115.000000;0.000000;True;1927.0;True;1881.0;True;75.0;True;1927.0;True;1881.0;True;False
20.469000;8.406000;146.0;125.000000;0.000000;True;1972.0;True;1927.0;True;146.0;True;1972.0;True;1972.0;True;False
20.578000;8.515000;176.0;136.000000;0.000000;True;1972.0;True;1972.0;True;105.0;True;1972.0;True;1972.0;True;False
20.688000;8.625000;176.0;146.000000;0.000000;True;2047.0;True;1972.0;True;75.0;True;1972.0;True;1972.0;True;False
20.828000;8.765000;75.0;125.000000;0.000000;True;2047.0;True;1972.0;True;95.0;True;2047.0;True;2047.0;True;False
20.953000;8.890000;95.0;115.000000;0.000000;True;2133.0;True;2047.0;True;23.0;True;2047.0;True;2047.0;True;False
21.078000;9.015000;23.0;95.000000;0.000000;True;2133.0;True;2047.0;True;257.0;True;2133.0;True;2133.0;True;False
21.203000;9.140000;257.0;95.000000;0.000000;True;2211.0;True;2133.0;True;217.0;True;2133.0;True;2133.0;True;False
21.328000;9.265000;217.0;146.000000;0.000000;True;2211.0;True;2133.0;True;136.0;True;2211.0;True;2211.0;True;False
21.469000;9.406000;136.0;146.000000;0.000000;True;2282.0;True;2211.0;True;267.0;True;2211.0;True;2211.0;True;False
21.594000;9.531000;267.0;176.000000;8.591065;True;2282.0;True;2211.0;True;136.0;True;2282.0;True;2282.0;True;False
21.719000;9.656000;136.0;136.000000;0.000000;True;2310.0;True;2282.0;True;176.0;True;2282.0;True;2282.0;True;False
21.844000;9.781000;176.0;136.000000;17.733564;True;2385.0;True;2282.0;True;85.0;True;2310.0;True;2310.0;True;False
21.953000;9.890000;85.0;136.000000;0.000000;True;2385.0;True;2310.0;True;75.0;True;2385.0;True;2385.0;True;False
22.078000;10.015000;75.0;136.000000;0.000000;True;2427.0;True;2385.0;True;227.0;True;2385.0;True;2385.0;True;False
22.219000;10.156000;237.0;176.000000;21.907216;True;2502.0;True;2427.0;True;237.0;True;2502.0;True;2427.0;True;False
22.328000;10.265000;237.0;176.000000;21.907216;True;2502.0;True;2427.0;True;237.0;True;2502.0;True;2502.0;True;False
22.453000;10.390000;237.0;176.000000;21.907216;True;2532.0;True;2502.0;True;43.0;True;2532.0;True;2532.0;True;False
22.578000;10.515000;43.0;176.000000;26.202749;True;2532.0;True;2532.0;True;136.0;True;2532.0;True;2532.0;True;False
22.703000;10.640000;136.0;136.000000;8.962868;True;2578.0;True;2532.0;True;65.0;True;2532.0;True;2532.0;True;False
22.813000;10.750000;65.0;136.000000;4.692833;True;2616.0;True;2532.0;True;267.0;True;2578.0;True;2578.0;True;False
22.922000;10.859000;267.0;136.000000;0.000000;True;2660.0;True;2578.0;True;267.0;True;2660.0;True;2578.0;True;False
23.032000;10.969000;237.0;237.000000;38.822526;True;2688.0;True;2660.0;True;237.0;True;2688.0;True;2660.0;True;False
23.141000;11.078000;267.0;237.000000;48.421963;True;2718.0;True;2688.0;True;267.0;True;2688.0;True;2688.0;True;False
23.266000;11.203000;267.0;237.000000;52.745352;True;2718.0;True;2688.0;True;267.0;True;2688.0;True;2688.0;True;False
23.391000;11.328000;267.0;237.000000;61.392131;True;2745.0;True;2688.0;True;237.0;True;2718.0;True;2718.0;True;False
23.500000;11.437000;237.0;237.000000;61.819765;True;2745.0;True;2718.0;True;247.0;True;2745.0;True;2745.0;True;False
23.610000;11.547000;247.0;247.000000;44.259422;True;2775.0;True;2745.0;True;278.0;True;2745.0;True;2745.0;True;False
23.719000;11.656000;278.0;267.000000;53.777778;True;2775.0;True;2745.0;True;278.0;True;2775.0;True;2745.0;True;False
23.844000;11.781000;278.0;267.000000;40.444444;True;2832.0;True;2775.0;True;278.0;True;2832.0;True;2775.0;True;False
23.969000;11.906000;278.0;267.000000;58.222222;True;2832.0;True;2775.0;True;288.0;True;2832.0;True;2832.0;True;False
24.078000;12.015000;288.0;267.000000;58.639212;True;2858.0;True;2832.0;True;298.0;True;2832.0;True;2832.0;True;False
24.203000;12.140000;288.0;278.000000;63.111111;True;2858.0;True;2832.0;True;298.0;True;2858.0;True;2858.0;True;False
24.328000;12.265000;298.0;278.000000;63.111111;True;2858.0;True;2858.0;True;288.0;True;2858.0;True;2858.0;True;False
24.453000;12.390000;288.0;278.000000;45.658013;True;2884.0;True;2858.0;True;288.0;True;2884.0;True;2884.0;True;False
24.563000;12.500000;298.0;288.000000;50.111857;True;2937.0;True;2884.0;True;298.0;True;2884.0;True;2884.0;True;False
24.703000;12.640000;298.0;288.000000;49.777778;True;2937.0;True;2884.0;True;298.0;True;2937.0;True;2937.0;True;False
24.797000;12.734000;298.0;288.000000;50.473186;True;2937.0;True;2937.0;True;298.0;True;2937.0;True;2937.0;True;False
24.922000;12.859000;298.0;298.000000;73.005858;True;2937.0;True;2937.0;True;267.0;True;2937.0;True;2937.0;True;False
25.032000;12.969000;298.0;298.000000;73.005858;True;2937.0;True;2937.0;True;298.0;True;2937.0;True;2937.0;True;False
25.125000;13.062000;298.0;298.000000;73.536087;True;2937.0;True;2937.0;True;298.0;True;2937.0;True;2937.0;True;False
25.250000;13.187000;298.0;298.000000;27.502254;True;2937.0;True;2937.0;True;298.0;True;2937.0;True;2937.0;True;False
25.391000;13.328000;298.0;298.000000;27.111111;True;2937.0;True;2937.0;True;298.0;True;2937.0;True;2937.0;True;False
25.516000;13.453000;298.0;298.000000;27.111111;True;2937.0;True;2937.0;True;298.0;True;2937.0;True;2937.0;True;False
25.641000;13.578000;298.0;298.000000;27.111111;True;2937.0;True;2937.0;True;298.0;True;2937.0;True;2937.0;True;False
25.766000;13.703000;298.0;298.000000;26.919682;True;2937.0;True;2937.0;True;298.0;True;2937.0;True;2937.0;True;False
25.891000;13.828000;298.0;298.000000;22.358615;True;2937.0;True;2937.0;True;278.0;True;2937.0;True;2937.0;True;False
26.032000;13.969000;278.0;298.000000;13.402508;True;2937.0;True;2937.0;True;278.0;True;2937.0;True;2937.0;True;False
26.141000;14.078000;278.0;298.000000;13.495864;True;2964.0;True;2937.0;True;298.0;True;2937.0;True;2937.0;True;False
26.266000;14.203000;298.0;298.000000;13.495864;True;2964.0;True;2937.0;True;257.0;True;2964.0;True;2937.0;True;False
26.375000;14.312000;267.0;298.000000;13.495864;True;3020.0;True;2964.0;True;318.0;True;2991.0;True;2991.0;True;False
26.485000;14.422000;318.0;298.000000;8.764242;True;3020.0;True;2991.0;True;298.0;True;3020.0;True;3020.0;True;False
26.610000;14.547000;298.0;298.000000;8.764242;True;3044.0;True;3020.0;True;288.0;True;3020.0;True;3020.0;True;False
26.719000;14.656000;288.0;298.000000;8.826125;True;3071.0;True;3020.0;True;318.0;True;3071.0;True;3071.0;True;False
26.844000;14.781000;267.0;288.000000;0.000000;True;3128.0;True;3071.0;True;267.0;True;3099.0;True;3071.0;True;False
26.953000;14.890000;278.0;278.000000;0.000000;True;3128.0;True;3099.0;True;278.0;True;3128.0;True;3099.0;True;False
27.078000;15.015000;278.0;278.000000;0.000000;True;3128.0;True;3128.0;True;288.0;True;3128.0;True;3128.0;True;False
27.188000;15.125000;288.0;288.000000;0.000000;True;3157.0;True;3128.0;True;257.0;True;3157.0;True;3157.0;True;False
27.297000;15.234000;288.0;288.000000;0.000000;True;3185.0;True;3128.0;True;308.0;True;3157.0;True;3157.0;True;False
27.422000;15.359000;257.0;288.000000;0.000000;True;3185.0;True;3157.0;True;298.0;True;3185.0;True;3185.0;True;False
27.547000;15.484000;298.0;288.000000;0.000000;True;3215.0;True;3185.0;True;298.0;True;3215.0;True;3215.0;True;False
27.672000;15.609000;298.0;288.000000;0.000000;True;3242.0;True;3215.0;True;308.0;True;3215.0;True;3215.0;True;False
27.797000;15.734000;267.0;278.000000;0.000000;True;3272.0;True;3215.0;True;380.0;True;3242.0;True;3242.0;True;False
27.922000;15.859000;380.0;288.000000;0.000000;True;3272.0;True;3242.0;True;288.0;True;3272.0;True;3272.0;True;False
28.047000;15.984000;288.0;288.000000;0.000000;True;3293.0;True;3272.0;True;298.0;True;3272.0;True;3272.0;True;False
28.157000;16.094000;298.0;288.000000;0.000000;True;3322.0;True;3272.0;True;247.0;True;3322.0;True;3272.0;True;False
28.266000;16.203000;298.0;298.000000;0.000000;True;3349.0;True;3322.0;True;298.0;True;3322.0;True;3322.0;True;False
28.375000;16.312000;298.0;298.000000;0.000000;True;3349.0;True;3322.0;True;350.0;True;3349.0;True;3349.0;True;False
28.485000;16.422000;350.0;298.000000;0.000000;True;3349.0;True;3349.0;True;308.0;True;3349.0;True;3349.0;True;False
28.594000;16.531000;350.0;298.000000;0.000000;True;3349.0;True;3349.0;True;400.0;True;3349.0;True;3349.0;True;False
28.703000;16.640000;400.0;298.000000;0.000000;True;3393.0;True;3349.0;True;380.0;True;3349.0;True;3349.0;True;False
28.844000;16.781000;380.0;350.000000;23.276634;True;3393.0;True;3349.0;True;288.0;True;3393.0;True;3393.0;True;False
28.969000;16.906000;288.0;298.000000;0.000000;True;3415.0;True;3393.0;True;298.0;True;3415.0;True;3415.0;True;False
29.078000;17.015000;298.0;298.000000;4.476276;True;3444.0;True;3415.0;True;298.0;True;3444.0;True;3444.0;True;False
29.203000;17.140000;298.0;298.000000;8.888889;True;3473.0;True;3444.0;True;370.0;True;3473.0;True;3444.0;True;False
29.328000;17.265000;298.0;298.000000;8.888889;True;3473.0;True;3444.0;True;308.0;True;3473.0;True;3473.0;True;False
29.438000;17.375000;308.0;308.000000;8.888889;True;3473.0;True;3473.0;True;308.0;True;3473.0;True;3473.0;True;False
29.563000;17.500000;308.0;308.000000;8.826125;True;3501.0;True;3473.0;True;411.0;True;3473.0;True;3473.0;True;False
29.688000;17.625000;411.0;308.000000;8.826125;True;3501.0;True;3473.0;True;400.0;True;3501.0;True;3501.0;True;False
29.813000;17.750000;400.0;308.000000;8.826125;True;3521.0;True;3501.0;True;431.0;True;3501.0;True;3501.0;True;False
29.938000;17.875000;431.0;308.000000;8.826125;True;3542.0;True;3501.0;True;267.0;True;3521.0;True;3521.0;True;False
30.047000;17.984000;267.0;308.000000;13.333333;True;3561.0;True;3521.0;True;257.0;True;3561.0;True;3521.0;True;False
30.157000;18.094000;360.0;308.000000;8.948546;True;3593.0;True;3561.0;True;360.0;True;3593.0;True;3561.0;True;False
30.266000;18.203000;318.0;318.000000;13.519603;True;3617.0;True;3593.0;True;318.0;True;3593.0;True;3593.0;True;False
30.375000;18.312000;318.0;318.000000;13.525699;True;3617.0;True;3593.0;True;400.0;True;3593.0;True;3593.0;True;False
30.516000;18.453000;421.0;360.000000;27.555556;True;3666.0;True;3593.0;True;390.0;True;3617.0;True;3617.0;True;False
30.641000;18.578000;390.0;390.000000;40.600177;True;3666.0;True;3617.0;True;451.0;True;3666.0;True;3666.0;True;False
30.750000;18.687000;451.0;390.000000;40.618102;True;3689.0;True;3666.0;True;451.0;True;3666.0;True;3666.0;True;False
30.860000;18.797000;451.0;390.000000;40.600177;True;3707.0;True;3666.0;True;257.0;True;3707.0;True;3666.0;True;False
30.969000;18.906000;340.0;360.000000;27.360989;True;3707.0;True;3707.0;True;340.0;True;3707.0;True;3707.0;True;False
31.078000;19.015000;257.0;360.000000;4.476276;True;3734.0;True;3707.0;True;267.0;True;3707.0;True;3707.0;True;False
31.219000;19.156000;267.0;340.000000;18.666667;True;3734.0;True;3707.0;True;421.0;True;3734.0;True;3734.0;True;False
31.328000;19.265000;421.0;390.000000;40.888889;True;3802.0;True;3734.0;True;237.0;True;3802.0;True;3802.0;True;False
31.453000;19.390000;237.0;390.000000;40.888889;True;3859.0;True;3802.0;True;431.0;True;3802.0;True;3802.0;True;False
31.563000;19.500000;431.0;390.000000;41.163311;True;3859.0;True;3802.0;True;451.0;True;3859.0;True;3802.0;True;False
31.672000;19.609000;431.0;421.000000;50.581916;True;3879.0;True;3859.0;True;237.0;True;3879.0;True;3879.0;True;False
31.797000;19.734000;237.0;340.000000;14.324082;True;3879.0;True;3879.0;True;390.0;True;3879.0;True;3879.0;True;False
31.891000;19.828000;390.0;340.000000;14.525647;True;3915.0;True;3879.0;True;278.0;True;3879.0;True;3879.0;True;False
32.016000;19.953000;257.0;267.000000;0.000000;True;3915.0;True;3879.0;True;257.0;True;3915.0;True;3879.0;True;False
32.125000;20.062000;237.0;267.000000;0.000000;True;3974.0;True;3915.0;True;237.0;True;3974.0;True;3915.0;True;False
32.235000;20.172000;237.0;257.000000;0.000000;True;3974.0;True;3915.0;True;217.0;True;3974.0;True;3974.0;True;False
32.360000;20.297000;217.0;237.000000;0.000000;True;4010.0;True;3974.0;True;431.0;True;4010.0;True;3974.0;True;False
32.469000;20.406000;237.0;237.000000;0.000000;True;4084.0;True;4010.0;True;237.0;True;4048.0;True;4048.0;True;False
32.578000;20.515000;237.0;237.000000;0.000000;True;4084.0;True;4048.0;True;237.0;True;4084.0;True;4084.0;True;False
32.719000;20.656000;237.0;237.000000;0.000000;True;4084.0;True;4084.0;True;340.0;True;4084.0;True;4084.0;True;False
32.828000;20.765000;278.0;237.000000;0.000000;True;4084.0;True;4084.0;True;278.0;True;4084.0;True;4084.0;True;False
32.953000;20.890000;257.0;237.000000;0.000000;True;4117.0;True;4084.0;True;257.0;True;4117.0;True;4084.0;True;False
33.063000;21.000000;257.0;237.000000;0.000000;True;4117.0;True;4084.0;True;217.0;True;4117.0;True;4117.0;True;False
33.172000;21.109000;217.0;237.000000;0.000000;True;4189.0;True;4117.0;True;257.0;True;4117.0;True;4117.0;True;False
33.297000;21.234000;217.0;237.000000;0.000000;True;4189.0;True;4117.0;True;227.0;True;4189.0;True;4189.0;True;False
33.438000;21.375000;227.0;237.000000;0.000000;True;4189.0;True;4189.0;True;227.0;True;4189.0;True;4189.0;True;False
33.563000;21.500000;227.0;237.000000;0.000000;True;4226.0;True;4189.0;True;207.0;True;4226.0;True;4226.0;True;False
33.688000;21.625000;207.0;227.000000;0.000000;True;4226.0;True;4226.0;True;278.0;True;4226.0;True;4226.0;True;False
33.813000;21.750000;278.0;227.000000;0.000000;True;4264.0;True;4226.0;True;227.0;True;4226.0;True;4226.0;True;False
33.938000;21.875000;227.0;227.000000;0.000000;True;4334.0;True;4226.0;True;217.0;True;4264.0;True;4264.0;True;False
34.078000;22.015000;217.0;227.000000;0.000000;True;4334.0;True;4264.0;True;217.0;True;4334.0;True;4334.0;True;False
34.203000;22.140000;217.0;217.000000;0.000000;True;4371.0;True;4334.0;True;207.0;True;4371.0;True;4371.0;True;False
34.328000;22.265000;207.0;217.000000;0.000000;True;4371.0;True;4371.0;True;196.0;True;4371.0;True;4371.0;True;False
34.453000;22.390000;196.0;217.000000;0.000000;True;4409.0;True;4371.0;True;267.0;True;4371.0;True;4371.0;True;False
34.578000;22.515000;267.0;217.000000;0.000000;True;4481.0;True;4371.0;True;207.0;True;4409.0;True;4409.0;True;False
34.703000;22.640000;217.0;217.000000;0.000000;True;4481.0;True;4409.0;True;207.0;True;4481.0;True;4481.0;True;False
34.828000;22.765000;207.0;217.000000;0.000000;True;4518.0;True;4481.0;True;196.0;True;4481.0;True;4481.0;True;False
34.938000;22.875000;196.0;217.000000;0.000000;True;4595.0;True;4481.0;True;237.0;True;4518.0;True;4518.0;True;False
35.047000;22.984000;237.0;217.000000;0.000000;True;4595.0;True;4518.0;True;237.0;True;4595.0;True;4595.0;True;False
35.157000;23.094000;207.0;207.000000;0.000000;True;4630.0;True;4595.0;True;207.0;True;4630.0;True;4595.0;True;False
35.282000;23.219000;217.0;207.000000;0.000000;True;4668.0;True;4630.0;True;267.0;True;4630.0;True;4630.0;True;False
35.407000;23.344000;267.0;217.000000;0.000000;True;4668.0;True;4630.0;True;217.0;True;4668.0;True;4668.0;True;False
35.516000;23.453000;217.0;217.000000;0.000000;True;4737.0;True;4668.0;True;227.0;True;4737.0;True;4737.0;True;False
35.625000;23.562000;227.0;217.000000;0.000000;True;4774.0;True;4737.0;True;237.0;True;4737.0;True;4737.0;True;False
35.735000;23.672000;217.0;217.000000;0.000000;True;4810.0;True;4737.0;True;217.0;True;4810.0;True;4737.0;True;False
35.844000;23.781000;217.0;217.000000;0.000000;True;4810.0;True;4737.0;True;247.0;True;4810.0;True;4810.0;True;False
35.969000;23.906000;247.0;217.000000;0.000000;True;4881.0;True;4810.0;True;156.0;True;4810.0;True;4810.0;True;False
36.094000;24.031000;156.0;217.000000;0.000000;True;4881.0;True;4810.0;True;237.0;True;4881.0;True;4881.0;True;False
36.219000;24.156000;237.0;217.000000;0.000000;True;4957.0;True;4881.0;True;247.0;True;4922.0;True;4922.0;True;False
36.344000;24.281000;247.0;227.000000;0.000000;True;4957.0;True;4922.0;True;196.0;True;4957.0;True;4957.0;True;False
36.469000;24.406000;196.0;217.000000;0.000000;True;5029.0;True;4957.0;True;207.0;True;4957.0;True;4957.0;True;False
36.594000;24.531000;207.0;217.000000;0.000000;True;5029.0;True;4957.0;True;196.0;True;5029.0;True;5029.0;True;False
36.719000;24.656000;196.0;217.000000;0.000000;True;5066.0;True;5029.0;True;156.0;True;5066.0;True;5066.0;True;False
36.828000;24.765000;156.0;207.000000;0.000000;True;5104.0;True;5066.0;True;186.0;True;5066.0;True;5066.0;True;False
36.953000;24.890000;207.0;207.000000;0.000000;True;5145.0;True;5066.0;True;207.0;True;5104.0;True;5066.0;True;False
37.063000;25.000000;146.0;196.000000;0.000000;True;5181.0;True;5104.0;True;146.0;True;5181.0;True;5104.0;True;False
37.172000;25.109000;207.0;207.000000;0.000000;True;5223.0;True;5181.0;True;207.0;True;5223.0;True;5223.0;True;False
37.282000;25.219000;207.0;207.000000;0.000000;True;5223.0;True;5181.0;True;217.0;True;5223.0;True;5223.0;True;False
37.407000;25.344000;207.0;207.000000;0.000000;True;5260.0;True;5223.0;True;237.0;True;5260.0;True;5260.0;True;False
37.547000;25.484000;237.0;207.000000;0.000000;True;5260.0;True;5260.0;True;217.0;True;5260.0;True;5260.0;True;False
37.672000;25.609000;217.0;207.000000;0.000000;True;5294.0;True;5260.0;True;186.0;True;5260.0;True;5260.0;True;False
37.797000;25.734000;186.0;207.000000;0.000000;True;5367.0;True;5260.0;True;146.0;True;5294.0;True;5294.0;True;False
37.922000;25.859000;146.0;207.000000;0.000000;True;5367.0;True;5294.0;True;166.0;True;5367.0;True;5367.0;True;False
38.047000;25.984000;166.0;207.000000;0.000000;True;5409.0;True;5367.0;True;85.0;True;5409.0;True;5409.0;True;False
38.157000;26.094000;85.0;207.000000;0.000000;True;5448.0;True;5409.0;True;146.0;True;5409.0;True;5409.0;True;False
38.297000;26.234000;146.0;186.000000;0.000000;True;5535.0;True;5409.0;True;217.0;True;5448.0;True;5448.0;True;False
38.407000;26.344000;257.0;186.000000;0.000000;True;5566.0;True;5448.0;True;166.0;True;5535.0;True;5535.0;True;False
38.516000;26.453000;166.0;166.000000;0.000000;True;5566.0;True;5535.0;True;196.0;True;5566.0;True;5566.0;True;False
38.641000;26.578000;196.0;166.000000;0.000000;True;5642.0;True;5566.0;True;247.0;True;5566.0;True;5566.0;True;False
38.766000;26.703000;247.0;166.000000;0.000000;True;5642.0;True;5566.0;True;176.0;True;5642.0;True;5642.0;True;False
38.891000;26.828000;176.0;166.000000;0.000000;True;5712.0;True;5642.0;True;146.0;True;5642.0;True;5642.0;True;False
39.016000;26.953000;146.0;166.000000;0.000000;True;5753.0;True;5642.0;True;125.0;True;5712.0;True;5712.0;True;False
39.141000;27.078000;125.0;166.000000;0.000000;True;5753.0;True;5712.0;True;136.0;True;5753.0;True;5753.0;True;False
39.266000;27.203000;136.0;166.000000;0.000000;True;5794.0;True;5753.0;True;95.0;True;5794.0;True;5794.0;True;False
39.391000;27.328000;95.0;166.000000;0.000000;True;5879.0;True;5794.0;True;247.0;True;5794.0;True;5794.0;True;False
39.516000;27.453000;247.0;166.000000;0.000000;True;5879.0;True;5794.0;True;146.0;True;5879.0;True;5879.0;True;False
39.641000;27.578000;146.0;146.000000;0.000000;True;5911.0;True;5879.0;True;166.0;True;5879.0;True;5879.0;True;False
39.766000;27.703000;166.0;146.000000;0.000000;True;5951.0;True;5879.0;True;125.0;True;5951.0;True;5879.0;True;False
39.875000;27.812000;136.0;146.000000;0.000000;True;5989.0;True;5951.0;True;136.0;True;5989.0;True;5989.0;True;False
40.000000;27.937000;125.0;136.000000;0.000000;True;6029.0;True;5989.0;True;75.0;True;5989.0;True;5989.0;True;False
40.110000;28.047000;75.0;136.000000;0.000000;True;6029.0;True;5989.0;True;65.0;True;6029.0;True;5989.0;True;False
40.219000;28.156000;247.0;136.000000;0.000000;True;6115.0;True;6029.0;True;247.0;True;6115.0;True;6029.0;True;False
40.328000;28.265000;247.0;146.000000;0.000000;True;6146.0;True;6029.0;True;186.0;True;6115.0;True;6115.0;True;False
40.469000;28.406000;186.0;166.000000;0.000000;True;6146.0;True;6115.0;True;237.0;True;6146.0;True;6146.0;True;False
40.594000;28.531000;237.0;166.000000;0.000000;True;6214.0;True;6146.0;True;115.0;True;6146.0;True;6146.0;True;False
40.719000;28.656000;115.0;166.000000;0.000000;True;6214.0;True;6146.0;True;105.0;True;6214.0;True;6214.0;True;False
40.844000;28.781000;105.0;136.000000;0.000000;True;6298.0;True;6214.0;True;85.0;True;6214.0;True;6214.0;True;False
40.969000;28.906000;85.0;125.000000;0.000000;True;6298.0;True;6214.0;True;146.0;True;6298.0;True;6298.0;True;False
41.094000;29.031000;33.0;115.000000;0.000000;True;6389.0;True;6298.0;True;227.0;True;6341.0;True;6341.0;True;False
41.235000;29.172000;227.0;186.000000;8.532423;True;6389.0;True;6341.0;True;75.0;True;6389.0;True;6389.0;True;False
41.360000;29.297000;75.0;115.000000;0.000000;True;6465.0;True;6389.0;True;247.0;True;6389.0;True;6389.0;True;False
41.485000;29.422000;247.0;115.000000;0.000000;True;6465.0;True;6389.0;True;227.0;True;6465.0;True;6465.0;True;False
41.610000;29.547000;227.0;115.000000;0.000000;True;6527.0;True;6465.0;True;247.0;True;6465.0;True;6465.0;True;False
41.735000;29.672000;247.0;115.000000;0.000000;True;6527.0;True;6465.0;True;33.0;True;6527.0;True;6527.0;True;False
41.875000;29.812000;33.0;105.000000;0.000000;True;6604.0;True;6527.0;True;247.0;True;6527.0;True;6527.0;True;False
42.000000;29.937000;247.0;227.000000;34.336583;True;6604.0;True;6527.0;True;85.0;True;6604.0;True;6604.0;True;False
42.125000;30.062000;85.0;227.000000;34.336583;True;6634.0;True;6604.0;True;257.0;True;6634.0;True;6634.0;True;False
42.250000;30.187000;257.0;227.000000;34.105263;True;6677.0;True;6634.0;True;267.0;True;6634.0;True;6634.0;True;False
42.375000;30.312000;267.0;247.000000;46.736842;True;6734.0;True;6634.0;True;257.0;True;6677.0;True;6677.0;True;False
42.500000;30.437000;237.0;247.000000;46.443515;True;6734.0;True;6677.0;True;267.0;True;6734.0;True;6734.0;True;False
42.610000;30.547000;267.0;247.000000;46.424090;True;6765.0;True;6734.0;True;227.0;True;6734.0;True;6734.0;True;False
42.735000;30.672000;227.0;247.000000;41.960947;True;6794.0;True;6734.0;True;217.0;True;6765.0;True;6765.0;True;False
42.844000;30.781000;217.0;237.000000;29.894737;True;6826.0;True;6765.0;True;278.0;True;6794.0;True;6765.0;True;False
42.953000;30.890000;278.0;247.000000;34.336583;True;6858.0;True;6794.0;True;278.0;True;6858.0;True;6794.0;True;False
43.063000;31.000000;278.0;257.000000;38.822526;True;6858.0;True;6794.0;True;267.0;True;6858.0;True;6858.0;True;False
43.172000;31.109000;267.0;267.000000;56.271478;True;6915.0;True;6858.0;True;267.0;True;6858.0;True;6858.0;True;False
43.297000;31.234000;267.0;267.000000;60.996564;True;6915.0;True;6858.0;True;278.0;True;6915.0;True;6915.0;True;False
43.422000;31.359000;278.0;267.000000;65.292096;True;6915.0;True;6915.0;True;278.0;True;6915.0;True;6915.0;True;False
43.532000;31.469000;278.0;267.000000;35.263387;True;6943.0;True;6915.0;True;196.0;True;6915.0;True;6915.0;True;False
43.657000;31.594000;196.0;267.000000;66.173269;True;6943.0;True;6915.0;True;227.0;True;6943.0;True;6915.0;True;False
43.766000;31.703000;247.0;267.000000;66.637440;True;6977.0;True;6943.0;True;247.0;True;6943.0;True;6943.0;True;False
43.875000;31.812000;267.0;267.000000;67.108168;True;6977.0;True;6943.0;True;196.0;True;6977.0;True;6977.0;True;False
43.985000;31.922000;196.0;267.000000;67.555556;True;7037.0;True;6977.0;True;237.0;True;7037.0;True;6977.0;True;False
44.094000;32.031000;196.0;267.000000;73.005858;True;7037.0;True;6977.0;True;247.0;True;7037.0;True;7037.0;True;False
44.203000;32.140000;247.0;247.000000;9.078529;True;7102.0;True;7037.0;True;257.0;True;7072.0;True;7072.0;True;False
44.344000;32.281000;257.0;247.000000;9.013069;True;7102.0;True;7072.0;True;227.0;True;7102.0;True;7102.0;True;False
44.453000;32.390000;227.0;247.000000;9.078529;True;7165.0;True;7102.0;True;166.0;True;7102.0;True;7102.0;True;False
44.578000;32.515000;186.0;227.000000;0.000000;True;7165.0;True;7102.0;True;196.0;True;7165.0;True;7165.0;True;False
44.688000;32.625000;196.0;227.000000;0.000000;True;7200.0;True;7165.0;True;207.0;True;7200.0;True;7200.0;True;False
44.797000;32.734000;207.0;207.000000;0.000000;True;7235.0;True;7200.0;True;176.0;True;7200.0;True;7200.0;True;False
44.907000;32.844000;207.0;207.000000;0.000000;True;7235.0;True;7200.0;True;207.0;True;7200.0;True;7200.0;True;False
45.032000;32.969000;207.0;207.000000;0.000000;True;7269.0;True;7200.0;True;207.0;True;7235.0;True;7235.0;True;False
45.157000;33.094000;207.0;207.000000;0.000000;True;7269.0;True;7235.0;True;186.0;True;7269.0;True;7269.0;True;False
45.282000;33.219000;186.0;207.000000;0.000000;True;7269.0;True;7269.0;True;217.0;True;7269.0;True;7269.0;True;False
45.407000;33.344000;217.0;207.000000;0.000000;True;7305.0;True;7269.0;True;227.0;True;7269.0;True;7269.0;True;False
45.532000;33.469000;227.0;207.000000;0.000000;True;7338.0;True;7269.0;True;227.0;True;7305.0;True;7305.0;True;False
45.672000;33.609000;227.0;207.000000;0.000000;True;7370.0;True;7305.0;True;156.0;True;7370.0;True;7370.0;True;False
45.797000;33.734000;156.0;207.000000;0.000000;True;7370.0;True;7370.0;True;186.0;True;7370.0;True;7370.0;True;False
45.922000;33.859000;186.0;207.000000;0.000000;True;7408.0;True;7370.0;True;207.0;True;7370.0;True;7370.0;True;False
46.047000;33.984000;207.0;207.000000;0.000000;True;7477.0;True;7370.0;True;146.0;True;7408.0;True;7408.0;True;False
46.157000;34.094000;146.0;207.000000;0.000000;True;7477.0;True;7408.0;True;207.0;True;7477.0;True;7408.0;True;False
46.266000;34.203000;207.0;207.000000;0.000000;True;7516.0;True;7477.0;True;207.0;True;7516.0;True;7516.0;True;False
46.407000;34.344000;217.0;207.000000;0.000000;True;7550.0;True;7516.0;True;217.0;True;7516.0;True;7516.0;True;False
46.516000;34.453000;217.0;207.000000;0.000000;True;7583.0;True;7516.0;True;146.0;True;7550.0;True;7550.0;True;False
46.625000;34.562000;146.0;207.000000;0.000000;True;7583.0;True;7550.0;True;267.0;True;7583.0;True;7550.0;True;False
46.735000;34.672000;267.0;207.000000;0.000000;True;7621.0;True;7583.0;True;176.0;True;7621.0;True;7583.0;True;False
46.844000;34.781000;136.0;207.000000;0.000000;True;7650.0;True;7621.0;True;136.0;True;7650.0;True;7621.0;True;False
46.953000;34.890000;136.0;207.000000;0.000000;True;7650.0;True;7621.0;True;217.0;True;7650.0;True;7650.0;True;False
47.078000;35.015000;217.0;207.000000;0.000000;True;7722.0;True;7650.0;True;227.0;True;7650.0;True;7650.0;True;False
47.203000;35.140000;207.0;207.000000;0.000000;True;7756.0;True;7650.0;True;227.0;True;7722.0;True;7722.0;True;False
47.313000;35.250000;227.0;217.000000;4.384042;True;7756.0;True;7722.0;True;217.0;True;7756.0;True;7756.0;True;False
47.438000;35.375000;217.0;217.000000;4.384042;True;7788.0;True;7756.0;True;288.0;True;7788.0;True;7788.0;True;False
47.547000;35.484000;288.0;217.000000;4.415011;True;7848.0;True;7788.0;True;186.0;True;7788.0;True;7788.0;True;False
47.657000;35.594000;340.0;217.000000;4.444444;True;7848.0;True;7788.0;True;340.0;True;7848.0;True;7788.0;True;False
47.782000;35.719000;318.0;217.000000;4.444444;True;7848.0;True;7848.0;True;237.0;True;7848.0;True;7848.0;True;False
47.891000;35.828000;318.0;227.000000;9.013069;True;7896.0;True;7848.0;True;328.0;True;7848.0;True;7848.0;True;False
48.016000;35.953000;328.0;288.000000;36.502929;True;7921.0;True;7848.0;True;237.0;True;7896.0;True;7896.0;True;False
48.125000;36.062000;237.0;288.000000;36.768044;True;7921.0;True;7896.0;True;237.0;True;7921.0;True;7921.0;True;False
48.250000;36.187000;237.0;288.000000;36.768044;True;7953.0;True;7921.0;True;298.0;True;7921.0;True;7921.0;True;False
48.375000;36.312000;298.0;298.000000;41.027953;True;7953.0;True;7921.0;True;247.0;True;7953.0;True;7953.0;True;False
48.516000;36.453000;350.0;318.000000;49.333333;True;8011.0;True;7953.0;True;350.0;True;8011.0;True;7953.0;True;False
48.625000;36.562000;350.0;318.000000;50.045086;True;8011.0;True;7953.0;True;328.0;True;8011.0;True;8011.0;True;False
48.750000;36.687000;328.0;318.000000;49.686661;True;8034.0;True;8011.0;True;350.0;True;8011.0;True;8011.0;True;False
48.875000;36.812000;350.0;328.000000;53.777778;True;8083.0;True;8011.0;True;217.0;True;8034.0;True;8034.0;True;False
49.000000;36.937000;217.0;328.000000;53.421634;True;8117.0;True;8034.0;True;186.0;True;8083.0;True;8083.0;True;False
49.141000;37.078000;186.0;298.000000;39.616892;True;8117.0;True;8083.0;True;288.0;True;8117.0;True;8117.0;True;False
49.266000;37.203000;288.0;298.000000;39.342845;True;8154.0;True;8117.0;True;267.0;True;8154.0;True;8154.0;True;False
49.391000;37.328000;267.0;298.000000;39.342845;True;8213.0;True;8154.0;True;370.0;True;8154.0;True;8154.0;True;False
49.516000;37.453000;370.0;328.000000;52.313013;True;8235.0;True;8154.0;True;267.0;True;8213.0;True;8213.0;True;False
49.641000;37.578000;267.0;288.000000;30.498282;True;8235.0;True;8213.0;True;421.0;True;8235.0;True;8235.0;True;False
49.766000;37.703000;421.0;288.000000;30.498282;True;8265.0;True;8235.0;True;298.0;True;8235.0;True;8235.0;True;False
49.891000;37.828000;380.0;288.000000;30.290102;True;8306.0;True;8235.0;True;411.0;True;8265.0;True;8265.0;True;False
50.016000;37.953000;411.0;288.000000;30.097499;True;8306.0;True;8265.0;True;237.0;True;8306.0;True;8306.0;True;False
50.125000;38.062000;247.0;288.000000;30.303030;True;8325.0;True;8306.0;True;247.0;True;8325.0;True;8306.0;True;False
50.235000;38.172000;237.0;288.000000;26.023891;True;8358.0;True;8325.0;True;237.0;True;8358.0;True;8325.0;True;False
50.344000;38.281000;237.0;267.000000;0.000000;True;8392.0;True;8325.0;True;298.0;True;8358.0;True;8358.0;True;False
50.469000;38.406000;298.0;298.000000;4.266212;True;8392.0;True;8358.0;True;217.0;True;8392.0;True;8392.0;True;False
50.610000;38.547000;217.0;267.000000;0.000000;True;8457.0;True;8392.0;True;390.0;True;8392.0;True;8392.0;True;False
50.735000;38.672000;390.0;298.000000;0.000000;True;8457.0;True;8392.0;True;431.0;True;8457.0;True;8457.0;True;False
50.860000;38.797000;431.0;298.000000;0.000000;True;8497.0;True;8457.0;True;217.0;True;8457.0;True;8457.0;True;False
50.985000;38.922000;217.0;247.000000;0.000000;True;8497.0;True;8457.0;True;390.0;True;8497.0;True;8497.0;True;False
51.110000;39.047000;390.0;247.000000;0.000000;True;8533.0;True;8497.0;True;247.0;True;8533.0;True;8533.0;True;False
51.219000;39.156000;247.0;247.000000;0.000000;True;8555.0;True;8533.0;True;217.0;True;8533.0;True;8533.0;True;False
51.344000;39.281000;217.0;247.000000;0.000000;True;8589.0;True;8533.0;True;196.0;True;8555.0;True;8533.0;True;False
51.453000;39.390000;298.0;298.000000;0.000000;True;8625.0;True;8555.0;True;298.0;True;8625.0;True;8555.0;True;False
51.563000;39.500000;227.0;247.000000;0.000000;True;8655.0;True;8625.0;True;227.0;True;8655.0;True;8625.0;True;False
51.672000;39.609000;227.0;247.000000;0.000000;True;8655.0;True;8625.0;True;340.0;True;8655.0;True;8655.0;True;False
51.782000;39.719000;207.0;227.000000;0.000000;True;8690.0;True;8655.0;True;237.0;True;8655.0;True;8655.0;True;False
51.907000;39.844000;237.0;227.000000;0.000000;True;8762.0;True;8655.0;True;237.0;True;8690.0;True;8690.0;True;False
52.032000;39.969000;227.0;227.000000;0.000000;True;8762.0;True;8762.0;True;227.0;True;8762.0;True;8762.0;True;False
52.141000;40.078000;227.0;227.000000;0.000000;True;8762.0;True;8762.0;True;237.0;True;8762.0;True;8762.0;True;False
52.266000;40.203000;237.0;227.000000;0.000000;True;8797.0;True;8762.0;True;217.0;True;8797.0;True;8797.0;True;False
52.407000;40.344000;217.0;227.000000;0.000000;True;8831.0;True;8797.0;True;186.0;True;8797.0;True;8797.0;True;False
52.516000;40.453000;186.0;227.000000;0.000000;True;8867.0;True;8797.0;True;267.0;True;8831.0;True;8831.0;True;False
52.625000;40.562000;186.0;227.000000;0.000000;True;8867.0;True;8831.0;True;186.0;True;8867.0;True;8831.0;True;False
52.735000;40.672000;186.0;217.000000;0.000000;True;8906.0;True;8831.0;True;196.0;True;8867.0;True;8867.0;True;False
52.844000;40.781000;196.0;217.000000;0.000000;True;8906.0;True;8867.0;True;298.0;True;8906.0;True;8906.0;True;False
52.969000;40.906000;298.0;217.000000;0.000000;True;8973.0;True;8906.0;True;217.0;True;8906.0;True;8906.0;True;False
53.094000;41.031000;186.0;196.000000;0.000000;True;8973.0;True;8906.0;True;207.0;True;8973.0;True;8973.0;True;False
53.188000;41.125000;207.0;196.000000;0.000000;True;8973.0;True;8973.0;True;217.0;True;8973.0;True;8973.0;True;False
53.313000;41.250000;217.0;196.000000;0.000000;True;9048.0;True;8973.0;True;176.0;True;9048.0;True;9048.0;True;False
53.422000;41.359000;186.0;186.000000;0.000000;True;9048.0;True;9048.0;True;186.0;True;9048.0;True;9048.0;True;False
53.532000;41.469000;186.0;186.000000;0.000000;True;9122.0;True;9048.0;True;186.0;True;9048.0;True;9048.0;True;False
53.672000;41.609000;186.0;186.000000;0.000000;True;9122.0;True;9048.0;True;237.0;True;9122.0;True;9122.0;True;False
53.797000;41.734000;176.0;186.000000;0.000000;True;9161.0;True;9122.0;True;176.0;True;9122.0;True;9122.0;True;False
53.922000;41.859000;176.0;186.000000;0.000000;True;9161.0;True;9122.0;True;267.0;True;9161.0;True;9161.0;True;False
54.032000;41.969000;267.0;186.000000;0.000000;True;9161.0;True;9161.0;True;217.0;True;9161.0;True;9161.0;True;False
54.141000;42.078000;176.0;186.000000;0.000000;True;9192.0;True;9161.0;True;176.0;True;9192.0;True;9161.0;True;False
54.250000;42.187000;186.0;186.000000;0.000000;True;9231.0;True;9192.0;True;186.0;True;9231.0;True;9192.0;True;False
54.360000;42.297000;186.0;186.000000;0.000000;True;9269.0;True;9192.0;True;176.0;True;9231.0;True;9231.0;True;False
54.469000;42.406000;176.0;186.000000;0.000000;True;9269.0;True;9231.0;True;196.0;True;9269.0;True;9269.0;True;False
54.594000;42.531000;196.0;186.000000;0.000000;True;9344.0;True;9269.0;True;257.0;True;9269.0;True;9269.0;True;False
54.735000;42.672000;257.0;186.000000;0.000000;True;9344.0;True;9269.0;True;257.0;True;9344.0;True;9344.0;True;False
54.860000;42.797000;257.0;186.000000;0.000000;True;9376.0;True;9344.0;True;196.0;True;9344.0;True;9344.0;True;False
54.969000;42.906000;196.0;196.000000;0.000000;True;9376.0;True;9344.0;True;186.0;True;9376.0;True;9376.0;True;False
55.094000;43.031000;186.0;186.000000;0.000000;True;9451.0;True;9376.0;True;247.0;True;9376.0;True;9376.0;True;False
55.203000;43.140000;247.0;196.000000;0.000000;True;9484.0;True;9376.0;True;196.0;True;9451.0;True;9451.0;True;False
55.328000;43.265000;196.0;196.000000;0.000000;True;9484.0;True;9451.0;True;176.0;True;9484.0;True;9484.0;True;False
55.453000;43.390000;176.0;196.000000;0.000000;True;9520.0;True;9484.0;True;237.0;True;9520.0;True;9484.0;True;False
55.578000;43.515000;237.0;196.000000;0.000000;True;9592.0;True;9520.0;True;146.0;True;9520.0;True;9520.0;True;False
55.703000;43.640000;146.0;196.000000;4.384042;True;9633.0;True;9520.0;True;207.0;True;9592.0;True;9592.0;True;False
55.828000;43.765000;207.0;196.000000;4.355401;True;9633.0;True;9592.0;True;105.0;True;9633.0;True;9633.0;True;False
55.953000;43.890000;105.0;196.000000;4.384042;True;9668.0;True;9633.0;True;146.0;True;9633.0;True;9633.0;True;False
56.094000;44.031000;146.0;186.000000;0.000000;True;9752.0;True;9633.0;True;115.0;True;9668.0;True;9668.0;True;False
56.203000;44.140000;115.0;176.000000;0.000000;True;9752.0;True;9668.0;True;217.0;True;9752.0;True;9752.0;True;False
56.328000;44.265000;217.0;176.000000;0.000000;True;9795.0;True;9752.0;True;196.0;True;9795.0;True;9795.0;True;False
56.453000;44.390000;196.0;176.000000;0.000000;True;9829.0;True;9795.0;True;227.0;True;9795.0;True;9795.0;True;False
56.578000;44.515000;227.0;196.000000;4.295533;True;9898.0;True;9795.0;True;217.0;True;9829.0;True;9829.0;True;False
56.703000;44.640000;217.0;196.000000;4.268032;True;9898.0;True;9829.0;True;166.0;True;9898.0;True;9898.0;True;False
56.828000;44.765000;166.0;196.000000;4.239084;True;9898.0;True;9898.0;True;227.0;True;9898.0;True;9898.0;True;False
56.953000;44.890000;227.0;196.000000;4.239084;True;9971.0;True;9898.0;True;136.0;True;9971.0;True;9898.0;True;False
57.078000;45.015000;125.0;196.000000;4.268032;True;10004.0;True;9971.0;True;85.0;True;9971.0;True;9971.0;True;False
57.188000;45.125000;85.0;196.000000;4.295533;True;10004.0;True;9971.0;True;105.0;True;10004.0;True;10004.0;True;False
57.297000;45.234000;85.0;196.000000;0.000000;True;10090.0;True;9971.0;True;227.0;True;10004.0;True;10004.0;True;False
57.422000;45.359000;227.0;196.000000;4.295533;True;10123.0;True;10004.0;True;43.0;True;10090.0;True;10090.0;True;False
57.563000;45.500000;43.0;166.000000;0.000000;True;10171.0;True;10090.0;True;156.0;True;10123.0;True;10123.0;True;False
57.688000;45.625000;156.0;156.000000;0.000000;True;10171.0;True;10123.0;True;95.0;True;10171.0;True;10171.0;True;False
57.813000;45.750000;95.0;125.000000;0.000000;True;10209.0;True;10171.0;True;105.0;True;10209.0;True;10209.0;True;False
57.938000;45.875000;105.0;105.000000;0.000000;True;10252.0;True;10209.0;True;105.0;True;10209.0;True;10209.0;True;False
58.047000;45.984000;105.0;105.000000;0.000000;True;10294.0;True;10209.0;True;85.0;True;10252.0;True;10209.0;True;False
58.157000;46.094000;65.0;95.000000;0.000000;True;10294.0;True;10252.0;True;65.0;True;10294.0;True;10252.0;True;False
58.266000;46.203000;3.0;95.000000;0.000000;True;10294.0;True;10294.0;True;3.0;True;10294.0;True;10294.0;True;False
58.375000;46.312000;3.0;95.000000;0.000000;True;10389.0;True;10294.0;True;156.0;True;10294.0;True;10294.0;True;False
58.516000;46.453000;75.0;75.000000;0.000000;True;10433.0;True;10294.0;True;13.0;True;10389.0;True;10389.0;True;False
58.641000;46.578000;13.0;75.000000;0.000000;True;10433.0;True;10389.0;True;75.0;True;10433.0;True;10433.0;True;False
58.766000;46.703000;75.0;75.000000;0.000000;True;10482.0;True;10433.0;True;166.0;True;10433.0;True;10433.0;True;False
58.891000;46.828000;166.0;75.000000;0.000000;True;10561.0;True;10433.0;True;53.0;True;10482.0;True;10482.0;True;False
59.016000;46.953000;53.0;65.000000;0.000000;True;10606.0;True;10482.0;True;3.0;True;10561.0;True;10561.0;True;False
59.141000;47.078000;3.0;53.000000;0.000000;True;10606.0;True;10561.0;True;95.0;True;10606.0;True;10606.0;True;False
59.282000;47.219000;95.0;53.000000;0.000000;True;10655.0;True;10606.0;True;13.0;True;10655.0;True;10655.0;True;False
59.407000;47.344000;13.0;53.000000;0.000000;True;10743.0;True;10655.0;True;23.0;True;10655.0;True;10655.0;True;False
59.532000;47.469000;23.0;53.000000;0.000000;True;10743.0;True;10655.0;True;166.0;True;10743.0;True;10743.0;True;False
59.657000;47.594000;166.0;53.000000;0.000000;True;10789.0;True;10743.0;True;136.0;True;10743.0;True;10743.0;True;False
59.797000;47.734000;136.0;75.000000;0.000000;True;10824.0;True;10743.0;True;176.0;True;10789.0;True;10789.0;True;False
59.922000;47.859000;176.0;95.000000;0.000000;True;10861.0;True;10789.0;True;105.0;True;10824.0;True;10824.0;True;False
60.047000;47.984000;105.0;95.000000;0.000000;True;10934.0;True;10824.0;True;125.0;True;10861.0;True;10861.0;True;False
60.172000;48.109000;125.0;105.000000;0.000000;True;10934.0;True;10861.0;True;95.0;True;10934.0;True;10934.0;True;False
60.297000;48.234000;33.0;105.000000;0.000000;True;11017.0;True;10934.0;True;136.0;True;10934.0;True;10934.0;True;False
60.422000;48.359000;136.0;125.000000;8.421053;True;11017.0;True;10934.0;True;207.0;True;11017.0;True;11017.0;True;False
60.563000;48.500000;207.0;136.000000;17.040732;True;11084.0;True;11017.0;True;105.0;True;11017.0;True;11017.0;True;False
60.672000;48.609000;105.0;136.000000;17.040732;True;11084.0;True;11017.0;True;237.0;True;11084.0;True;11084.0;True;False
60.797000;48.734000;237.0;136.000000;16.928159;True;11152.0;True;11084.0;True;156.0;True;11084.0;True;11084.0;True;False
60.922000;48.859000;156.0;136.000000;25.353283;True;11152.0;True;11084.0;True;196.0;True;11152.0;True;11152.0;True;False
61.047000;48.984000;196.0;136.000000;25.353283;True;11218.0;True;11152.0;True;227.0;True;11152.0;True;11152.0;True;False
61.172000;49.109000;227.0;156.000000;33.665835;True;11218.0;True;11152.0;True;207.0;True;11218.0;True;11218.0;True;False
61.297000;49.234000;207.0;196.000000;50.290939;True;11279.0;True;11218.0;True;125.0;True;11218.0;True;11218.0;True;False
61.438000;49.375000;125.0;196.000000;54.087531;True;11279.0;True;11218.0;True;196.0;True;11279.0;True;11279.0;True;False
61.547000;49.484000;196.0;196.000000;59.434746;True;11316.0;True;11279.0;True;217.0;True;11279.0;True;11279.0;True;False
61.657000;49.594000;217.0;196.000000;60.210526;True;11348.0;True;11279.0;True;196.0;True;11348.0;True;11279.0;True;False
61.766000;49.703000;136.0;196.000000;60.618906;True;11415.0;True;11348.0;True;136.0;True;11348.0;True;11348.0;True;False
61.891000;49.828000;166.0;196.000000;60.618906;True;11415.0;True;11348.0;True;186.0;True;11415.0;True;11415.0;True;False
62.016000;49.953000;186.0;196.000000;60.618906;True;11415.0;True;11415.0;True;115.0;True;11415.0;True;11415.0;True;False
62.141000;50.078000;196.0;196.000000;51.621160;True;11482.0;True;11415.0;True;196.0;True;11482.0;True;11415.0;True;False
62.250000;50.187000;207.0;196.000000;43.384880;True;11514.0;True;11482.0;True;207.0;True;11482.0;True;11482.0;True;False
62.375000;50.312000;237.0;196.000000;43.384880;True;11514.0;True;11482.0;True;227.0;True;11514.0;True;11514.0;True;False
62.485000;50.422000;227.0;196.000000;39.342845;True;11573.0;True;11514.0;True;237.0;True;11573.0;True;11514.0;True;False
62.594000;50.531000;227.0;207.000000;44.405747;True;11603.0;True;11514.0;True;247.0;True;11573.0;True;11573.0;True;False
62.735000;50.672000;247.0;207.000000;35.451794;True;11603.0;True;11573.0;True;257.0;True;11603.0;True;11603.0;True;False
62.860000;50.797000;257.0;227.000000;39.616892;True;11631.0;True;11603.0;True;247.0;True;11631.0;True;11631.0;True;False
62.985000;50.922000;247.0;227.000000;39.342845;True;11687.0;True;11631.0;True;340.0;True;11631.0;True;11631.0;True;False
63.094000;51.031000;288.0;237.000000;43.970396;True;11687.0;True;11631.0;True;370.0;True;11687.0;True;11687.0;True;False
63.219000;51.156000;370.0;247.000000;48.323901;True;11712.0;True;11687.0;True;431.0;True;11712.0;True;11712.0;True;False
63.344000;51.281000;431.0;247.000000;48.323901;True;11731.0;True;11712.0;True;471.0;True;11712.0;True;11712.0;True;False
63.469000;51.406000;471.0;257.000000;43.970396;True;11756.0;True;11712.0;True;461.0;True;11731.0;True;11712.0;True;False
63.594000;51.531000;461.0;288.000000;40.052242;True;11756.0;True;11731.0;True;553.0;True;11756.0;True;11756.0;True;False
63.703000;51.640000;553.0;370.000000;76.821192;True;11768.0;True;11756.0;True;543.0;True;11768.0;True;11768.0;True;False
63.828000;51.765000;543.0;431.000000;103.024989;True;11774.0;True;11768.0;True;512.0;True;11768.0;True;11768.0;True;False
63.938000;51.875000;512.0;461.000000;116.177115;True;11791.0;True;11768.0;True;512.0;True;11774.0;True;11768.0;True;False
64.047000;51.984000;573.0;471.000000;120.561157;True;11791.0;True;11774.0;True;573.0;True;11791.0;True;11774.0;True;False
64.172000;52.109000;573.0;512.000000;138.535730;True;11791.0;True;11774.0;True;593.0;True;11791.0;True;11791.0;True;False
64.282000;52.219000;593.0;543.000000;153.133275;True;11801.0;True;11791.0;True;553.0;True;11791.0;True;11791.0;True;False
64.407000;52.344000;553.0;553.000000;157.546337;True;11801.0;True;11791.0;True;593.0;True;11801.0;True;11801.0;True;False
64.532000;52.469000;593.0;553.000000;156.441718;True;11809.0;True;11801.0;True;635.0;True;11801.0;True;11801.0;True;False
64.657000;52.594000;635.0;573.000000;165.205960;True;11817.0;True;11801.0;True;553.0;True;11809.0;True;11801.0;True;False
64.782000;52.719000;665.0;573.000000;164.127122;True;11817.0;True;11809.0;True;645.0;True;11817.0;True;11817.0;True;False
64.907000;52.844000;645.0;593.000000;166.882836;True;11818.0;True;11817.0;True;635.0;True;11818.0;True;11818.0;True;False
65.032000;52.969000;635.0;593.000000;168.045276;True;11821.0;True;11818.0;True;675.0;True;11818.0;True;11818.0;True;False
65.157000;53.094000;675.0;635.000000;177.622987;True;11828.0;True;11818.0;True;635.0;True;11821.0;True;11821.0;True;False
65.282000;53.219000;635.0;635.000000;177.622987;True;11828.0;True;11821.0;True;665.0;True;11828.0;True;11828.0;True;False
65.407000;53.344000;665.0;635.000000;172.070904;True;11837.0;True;11828.0;True;603.0;True;11828.0;True;11828.0;True;False
65.532000;53.469000;603.0;635.000000;167.747514;True;11837.0;True;11828.0;True;665.0;True;11837.0;True;11837.0;True;False
65.657000;53.594000;665.0;645.000000;172.070904;True;11852.0;True;11837.0;True;716.0;True;11837.0;True;11837.0;True;False
65.782000;53.719000;716.0;665.000000;176.394293;True;11852.0;True;11837.0;True;747.0;True;11852.0;True;11852.0;True;False
65.907000;53.844000;747.0;665.000000;162.991786;True;11853.0;True;11852.0;True;747.0;True;11852.0;True;11852.0;True;False
66.032000;53.969000;747.0;665.000000;126.663804;True;11852.0;True;11852.0;True;797.0;True;11853.0;True;11853.0;True;False
66.157000;54.094000;797.0;675.000000;104.765994;True;11849.0;True;11853.0;True;726.0;True;11852.0;True;11852.0;True;False
66.266000;54.203000;920.0;716.000000;109.536082;True;11849.0;True;11852.0;True;920.0;True;11849.0;True;11852.0;True;False
66.375000;54.312000;930.0;747.000000;118.556701;True;11849.0;True;11849.0;True;930.0;True;11849.0;True;11849.0;True;False
66.485000;54.422000;930.0;747.000000;101.599654;True;11823.0;True;11849.0;True;940.0;True;11849.0;True;11849.0;True;False
66.610000;54.547000;818.0;797.000000;109.106529;True;11823.0;True;11849.0;True;807.0;True;11823.0;True;11823.0;True;False
66.735000;54.672000;807.0;807.000000;109.106529;True;11820.0;True;11823.0;True;848.0;True;11820.0;True;11820.0;True;False
66.844000;54.781000;848.0;818.000000;114.619377;True;11818.0;True;11820.0;True;838.0;True;11820.0;True;11820.0;True;False
66.953000;54.890000;838.0;838.000000;115.418118;True;11812.0;True;11820.0;True;910.0;True;11818.0;True;11820.0;True;False
67.078000;55.015000;950.0;848.000000;119.773519;True;11812.0;True;11818.0;True;991.0;True;11812.0;True;11812.0;True;False
67.188000;55.125000;991.0;920.000000;143.358176;True;11801.0;True;11812.0;True;878.0;True;11812.0;True;11812.0;True;False
67.297000;55.234000;878.0;878.000000;125.827815;True;11788.0;True;11812.0;True;1022.0;True;11801.0;True;11801.0;True;False
67.407000;55.344000;1022.0;878.000000;108.000000;True;11785.0;True;11801.0;True;1022.0;True;11785.0;True;11801.0;True;False
67.547000;55.484000;930.0;878.000000;107.284768;True;11771.0;True;11785.0;True;930.0;True;11771.0;True;11785.0;True;False
67.657000;55.594000;1103.0;930.000000;131.111111;True;11765.0;True;11771.0;True;1103.0;True;11771.0;True;11771.0;True;False
67.766000;55.703000;1032.0;950.000000;141.002686;True;11746.0;True;11771.0;True;1032.0;True;11746.0;True;11771.0;True;False
67.875000;55.812000;961.0;961.000000;142.470694;True;11734.0;True;11746.0;True;1093.0;True;11734.0;True;11734.0;True;False
67.985000;55.922000;1093.0;991.000000;147.980027;True;11734.0;True;11734.0;True;1001.0;True;11734.0;True;11734.0;True;False
68.094000;56.031000;1093.0;1022.000000;163.237311;True;11713.0;True;11734.0;True;1205.0;True;11734.0;True;11734.0;True;False
68.219000;56.156000;1205.0;1032.000000;167.809785;True;11713.0;True;11734.0;True;1226.0;True;11713.0;True;11713.0;True;False
68.360000;56.297000;1226.0;1093.000000;189.741262;True;11666.0;True;11713.0;True;1153.0;True;11713.0;True;11713.0;True;False
68.485000;56.422000;1153.0;1093.000000;169.896350;True;11666.0;True;11713.0;True;1236.0;True;11666.0;True;11666.0;True;False
68.610000;56.547000;1236.0;1103.000000;159.284116;True;11626.0;True;11666.0;True;1052.0;True;11666.0;True;11666.0;True;False
68.735000;56.672000;1052.0;1093.000000;153.777778;True;11626.0;True;11666.0;True;1143.0;True;11626.0;True;11626.0;True;False
68.860000;56.797000;1143.0;1143.000000;153.777778;True;11605.0;True;11626.0;True;1153.0;True;11626.0;True;11626.0;True;False
68.985000;56.922000;1153.0;1153.000000;153.777778;True;11605.0;True;11626.0;True;1286.0;True;11605.0;True;11605.0;True;False
69.125000;57.062000;1286.0;1153.000000;146.865410;True;11592.0;True;11605.0;True;1133.0;True;11605.0;True;11605.0;True;False
69.235000;57.172000;1133.0;1153.000000;138.036810;True;11569.0;True;11605.0;True;1337.0;True;11592.0;True;11592.0;True;False
69.344000;57.281000;1337.0;1153.000000;134.598411;True;11559.0;True;11592.0;True;1347.0;True;11569.0;True;11592.0;True;False
69.453000;57.390000;1153.0;1153.000000;102.869757;True;11534.0;True;11569.0;True;1153.0;True;11534.0;True;11569.0;True;False
69.563000;57.500000;1337.0;1153.000000;121.359223;True;11525.0;True;11534.0;True;1337.0;True;11525.0;True;11525.0;True;False
69.688000;57.625000;1418.0;1153.000000;120.561157;True;11525.0;True;11525.0;True;1226.0;True;11525.0;True;11525.0;True;False
69.797000;57.734000;1418.0;1286.000000;181.333333;True;11473.0;True;11525.0;True;1246.0;True;11525.0;True;11525.0;True;False
69.922000;57.859000;1246.0;1286.000000;157.174393;True;11459.0;True;11525.0;True;1256.0;True;11473.0;True;11473.0;True;False
70.047000;57.984000;1256.0;1286.000000;147.303814;True;11446.0;True;11473.0;True;1266.0;True;11459.0;True;11459.0;True;False
70.172000;58.109000;1266.0;1266.000000;132.781889;True;11446.0;True;11459.0;True;1185.0;True;11446.0;True;11446.0;True;False
70.297000;58.234000;1185.0;1266.000000;118.944637;True;11426.0;True;11446.0;True;1236.0;True;11446.0;True;11446.0;True;False
70.438000;58.375000;1236.0;1256.000000;99.829352;True;11426.0;True;11446.0;True;1205.0;True;11426.0;True;11426.0;True;False
70.547000;58.484000;1215.0;1256.000000;96.219931;True;11417.0;True;11426.0;True;1215.0;True;11426.0;True;11426.0;True;False
70.657000;58.594000;1215.0;1246.000000;66.608620;True;11417.0;True;11426.0;True;1327.0;True;11426.0;True;11426.0;True;False
70.782000;58.719000;1327.0;1246.000000;66.608620;True;11395.0;True;11426.0;True;1286.0;True;11417.0;True;11417.0;True;False
70.907000;58.844000;1286.0;1246.000000;62.255115;True;11384.0;True;11417.0;True;1256.0;True;11395.0;True;11395.0;True;False
71.032000;58.969000;1256.0;1256.000000;70.962125;True;11384.0;True;11395.0;True;1327.0;True;11384.0;True;11384.0;True;False
71.172000;59.109000;1327.0;1256.000000;48.875433;True;11376.0;True;11384.0;True;1347.0;True;11376.0;True;11376.0;True;False
71.282000;59.219000;1347.0;1256.000000;44.841097;True;11350.0;True;11376.0;True;1297.0;True;11376.0;True;11376.0;True;False
71.407000;59.344000;1297.0;1286.000000;58.282209;True;11342.0;True;11376.0;True;1347.0;True;11350.0;True;11350.0;True;False
71.532000;59.469000;1347.0;1297.000000;62.690466;True;11342.0;True;11350.0;True;1276.0;True;11342.0;True;11342.0;True;False
71.657000;59.594000;1276.0;1297.000000;62.256809;True;11330.0;True;11342.0;True;1266.0;True;11330.0;True;11330.0;True;False
71.782000;59.719000;1266.0;1297.000000;61.829111;True;11321.0;True;11330.0;True;1317.0;True;11330.0;True;11330.0;True;False
71.922000;59.859000;1317.0;1297.000000;61.042815;True;11315.0;True;11330.0;True;1256.0;True;11321.0;True;11321.0;True;False
72.047000;59.984000;1256.0;1297.000000;61.042815;True;11315.0;True;11321.0;True;1266.0;True;11315.0;True;11315.0;True;False
72.172000;60.109000;1266.0;1297.000000;4.631579;True;11313.0;True;11315.0;True;1327.0;True;11313.0;True;11313.0;True;False
72.297000;60.234000;1307.0;1297.000000;4.631579;True;11308.0;True;11313.0;True;1286.0;True;11312.0;True;11312.0;True;False
72.422000;60.359000;1286.0;1286.000000;0.000000;True;11308.0;True;11312.0;True;1327.0;True;11308.0;True;11308.0;True;False
72.563000;60.500000;1327.0;1286.000000;8.364701;True;11302.0;True;11308.0;True;1276.0;True;11308.0;True;11308.0;True;False
72.672000;60.609000;1276.0;1276.000000;4.210526;True;11302.0;True;11308.0;True;1246.0;True;11302.0;True;11302.0;True;False
72.797000;60.734000;1327.0;1286.000000;12.717253;True;11302.0;True;11302.0;True;1327.0;True;11302.0;True;11302.0;True;False
72.907000;60.844000;1327.0;1307.000000;21.610169;True;11300.0;True;11302.0;True;1297.0;True;11302.0;True;11302.0;True;False
73.016000;60.953000;1297.0;1297.000000;21.619330;True;11300.0;True;11302.0;True;1317.0;True;11300.0;True;11300.0;True;False
73.125000;61.062000;1347.0;1307.000000;26.034998;True;11300.0;True;11300.0;True;1347.0;True;11300.0;True;11300.0;True;False
73.250000;61.187000;1327.0;1327.000000;34.571063;True;11296.0;True;11300.0;True;1327.0;True;11296.0;True;11300.0;True;False
73.375000;61.312000;1357.0;1327.000000;30.303030;True;11296.0;True;11296.0;True;1357.0;True;11296.0;True;11296.0;True;False
73.485000;61.422000;1388.0;1327.000000;30.696066;True;11296.0;True;11296.0;True;1378.0;True;11296.0;True;11296.0;True;False
73.594000;61.531000;1378.0;1327.000000;30.709343;True;11288.0;True;11296.0;True;1327.0;True;11288.0;True;11296.0;True;False
73.703000;61.640000;1378.0;1347.000000;26.567944;True;11285.0;True;11296.0;True;1357.0;True;11288.0;True;11288.0;True;False
73.828000;61.765000;1357.0;1357.000000;26.132404;True;11285.0;True;11288.0;True;1440.0;True;11285.0;True;11285.0;True;False
73.953000;61.890000;1440.0;1357.000000;26.132404;True;11285.0;True;11285.0;True;1347.0;True;11285.0;True;11285.0;True;False
74.078000;62.015000;1347.0;1357.000000;26.132404;True;11280.0;True;11285.0;True;1317.0;True;11285.0;True;11285.0;True;False
74.203000;62.140000;1317.0;1357.000000;26.304253;True;11284.0;True;11285.0;True;1307.0;True;11280.0;True;11280.0;True;False
74.328000;62.265000;1307.0;1357.000000;26.304253;True;11284.0;True;11280.0;True;1276.0;True;11284.0;True;11284.0;True;False
74.453000;62.390000;1276.0;1357.000000;26.304253;True;11290.0;True;11284.0;True;1317.0;True;11284.0;True;11284.0;True;False
74.578000;62.515000;1317.0;1347.000000;21.920210;True;11305.0;True;11284.0;True;1246.0;True;11290.0;True;11290.0;True;False
74.719000;62.656000;1266.0;1317.000000;13.495864;True;11310.0;True;11305.0;True;1266.0;True;11305.0;True;11305.0;True;False
74.828000;62.765000;1266.0;1317.000000;13.686534;True;11321.0;True;11305.0;True;1215.0;True;11305.0;True;11305.0;True;False
74.953000;62.890000;1215.0;1307.000000;13.590530;True;11321.0;True;11305.0;True;1215.0;True;11321.0;True;11321.0;True;False
75.078000;63.015000;1215.0;1276.000000;0.000000;True;11337.0;True;11321.0;True;1266.0;True;11321.0;True;11321.0;True;False
75.203000;63.140000;1266.0;1266.000000;0.000000;True;11349.0;True;11321.0;True;1286.0;True;11337.0;True;11337.0;True;False
75.328000;63.265000;1286.0;1266.000000;0.000000;True;11349.0;True;11337.0;True;1246.0;True;11349.0;True;11349.0;True;False
75.469000;63.406000;1246.0;1266.000000;0.000000;True;11360.0;True;11349.0;True;1226.0;True;11360.0;True;11360.0;True;False
75.594000;63.531000;1317.0;1266.000000;0.000000;True;11383.0;True;11360.0;True;1337.0;True;11360.0;True;11360.0;True;False
75.719000;63.656000;1337.0;1266.000000;0.000000;True;11391.0;True;11360.0;True;1297.0;True;11383.0;True;11383.0;True;False
75.844000;63.781000;1297.0;1266.000000;0.000000;True;11391.0;True;11383.0;True;1337.0;True;11391.0;True;11391.0;True;False
75.969000;63.906000;1337.0;1286.000000;0.000000;True;11402.0;True;11391.0;True;1226.0;True;11402.0;True;11402.0;True;False
76.094000;64.031000;1226.0;1286.000000;0.000000;True;11429.0;True;11402.0;True;1143.0;True;11402.0;True;11402.0;True;False
76.219000;64.156000;1143.0;1286.000000;0.000000;True;11454.0;True;11402.0;True;1175.0;True;11429.0;True;11429.0;True;False
76.360000;64.297000;1175.0;1286.000000;0.000000;True;11454.0;True;11429.0;True;1266.0;True;11454.0;True;11454.0;True;False
76.485000;64.422000;1266.0;1266.000000;0.000000;True;11476.0;True;11454.0;True;1215.0;True;11476.0;True;11476.0;True;False
76.610000;64.547000;1215.0;1266.000000;0.000000;True;11512.0;True;11476.0;True;1307.0;True;11476.0;True;11476.0;True;False
76.719000;64.656000;1307.0;1266.000000;0.000000;True;11512.0;True;11476.0;True;1153.0;True;11512.0;True;11512.0;True;False
76.844000;64.781000;1153.0;1226.000000;0.000000;True;11524.0;True;11512.0;True;1195.0;True;11512.0;True;11512.0;True;False
76.969000;64.906000;1195.0;1215.000000;0.000000;True;11550.0;True;11512.0;True;1205.0;True;11550.0;True;11550.0;True;False
77.110000;65.047000;1205.0;1205.000000;0.000000;True;11593.0;True;11550.0;True;1246.0;True;11593.0;True;11550.0;True;False
77.235000;65.172000;1236.0;1205.000000;0.000000;True;11593.0;True;11593.0;True;1236.0;True;11593.0;True;11593.0;True;False
77.344000;65.281000;1236.0;1215.000000;0.000000;True;11593.0;True;11593.0;True;1236.0;True;11593.0;True;11593.0;True;False
77.453000;65.390000;1236.0;1236.000000;0.000000;True;11613.0;True;11593.0;True;1153.0;True;11593.0;True;11593.0;True;False
77.578000;65.515000;1153.0;1215.000000;0.000000;True;11613.0;True;11593.0;True;1317.0;True;11613.0;True;11613.0;True;False
77.703000;65.640000;1317.0;1236.000000;0.000000;True;11639.0;True;11613.0;True;1246.0;True;11613.0;True;11613.0;True;False
77.844000;65.781000;1246.0;1236.000000;0.000000;True;11671.0;True;11613.0;True;1123.0;True;11639.0;True;11639.0;True;False
77.969000;65.906000;1123.0;1236.000000;0.000000;True;11671.0;True;11639.0;True;1246.0;True;11671.0;True;11671.0;True;False
78.094000;66.031000;1143.0;1236.000000;0.000000;True;11701.0;True;11671.0;True;1103.0;True;11701.0;True;11701.0;True;False
78.250000;66.187000;1103.0;1236.000000;0.000000;True;11728.0;True;11701.0;True;1042.0;True;11728.0;True;11728.0;True;False
78.360000;66.297000;1165.0;1165.000000;0.000000;True;11785.0;True;11728.0;True;1165.0;True;11728.0;True;11728.0;True;False
78.485000;66.422000;1143.0;1153.000000;0.000000;True;11785.0;True;11728.0;True;1103.0;True;11785.0;True;11785.0;True;False
78.594000;66.531000;1103.0;1143.000000;0.000000;True;11785.0;True;11785.0;True;1072.0;True;11785.0;True;11785.0;True;False
78.703000;66.640000;1072.0;1143.000000;0.000000;True;11844.0;True;11785.0;True;1286.0;True;11844.0;True;11785.0;True;False
78.828000;66.765000;1072.0;1123.000000;0.000000;True;11878.0;True;11785.0;True;1185.0;True;11844.0;True;11844.0;True;False
78.938000;66.875000;1185.0;1123.000000;0.000000;True;11878.0;True;11844.0;True;1327.0;True;11878.0;True;11878.0;True;False
79.063000;67.000000;1327.0;1143.000000;0.000000;True;11903.0;True;11878.0;True;1337.0;True;11878.0;True;11878.0;True;False
79.188000;67.125000;1337.0;1143.000000;0.000000;True;11929.0;True;11878.0;True;1286.0;True;11903.0;True;11903.0;True;False
79.313000;67.250000;1286.0;1165.000000;0.000000;True;11929.0;True;11903.0;True;1082.0;True;11929.0;True;11929.0;True;False
79.453000;67.390000;1082.0;1143.000000;0.000000;True;11947.0;True;11929.0;True;1205.0;True;11947.0;True;11947.0;True;False
79.578000;67.515000;1205.0;1185.000000;0.000000;True;12005.0;True;11947.0;True;1042.0;True;11947.0;True;11947.0;True;False
79.688000;67.625000;1042.0;1185.000000;0.000000;True;12005.0;True;11947.0;True;1246.0;True;12005.0;True;12005.0;True;False
79.797000;67.734000;1246.0;1205.000000;0.000000;True;12005.0;True;12005.0;True;1226.0;True;12005.0;True;12005.0;True;False
79.907000;67.844000;1226.0;1226.000000;4.723057;True;12063.0;True;12005.0;True;1123.0;True;12063.0;True;12005.0;True;False
80.047000;67.984000;1246.0;1246.000000;4.266212;True;12107.0;True;12063.0;True;1246.0;True;12063.0;True;12063.0;True;False
80.172000;68.109000;1286.0;1246.000000;4.295533;True;12107.0;True;12063.0;True;1286.0;True;12107.0;True;12063.0;True;False
80.297000;68.234000;1153.0;1226.000000;0.000000;True;12125.0;True;12107.0;True;1236.0;True;12125.0;True;12125.0;True;False
80.407000;68.344000;1236.0;1226.000000;0.000000;True;12154.0;True;12125.0;True;1286.0;True;12154.0;True;12154.0;True;False
80.516000;68.453000;1286.0;1236.000000;0.000000;True;12177.0;True;12154.0;True;1276.0;True;12154.0;True;12154.0;True;False
80.625000;68.562000;1286.0;1246.000000;35.761589;True;12196.0;True;12154.0;True;1266.0;True;12154.0;True;12154.0;True;False
80.735000;68.672000;1266.0;1246.000000;41.333333;True;12196.0;True;12154.0;True;1347.0;True;12196.0;True;12196.0;True;False
80.875000;68.812000;1347.0;1266.000000;53.923718;True;12231.0;True;12196.0;True;1347.0;True;12196.0;True;12196.0;True;False
80.985000;68.922000;1347.0;1286.000000;62.664330;True;12231.0;True;12196.0;True;1286.0;True;12231.0;True;12231.0;True;False
81.110000;69.047000;1286.0;1286.000000;71.428571;True;12231.0;True;12231.0;True;1378.0;True;12231.0;True;12231.0;True;False
81.235000;69.172000;1378.0;1286.000000;70.962125;True;12250.0;True;12231.0;True;1398.0;True;12231.0;True;12231.0;True;False
81.360000;69.297000;1398.0;1286.000000;62.255115;True;12274.0;True;12231.0;True;1286.0;True;12250.0;True;12250.0;True;False
81.485000;69.422000;1307.0;1307.000000;71.397475;True;12274.0;True;12250.0;True;1378.0;True;12274.0;True;12274.0;True;False
81.625000;69.562000;1378.0;1347.000000;78.719723;True;12306.0;True;12274.0;True;1368.0;True;12293.0;True;12293.0;True;False
81.750000;69.687000;1368.0;1347.000000;88.811493;True;12306.0;True;12293.0;True;1378.0;True;12306.0;True;12306.0;True;False
81.875000;69.812000;1408.0;1368.000000;79.669134;True;12333.0;True;12306.0;True;1317.0;True;12306.0;True;12306.0;True;False
82.000000;69.937000;1317.0;1368.000000;79.152249;True;12333.0;True;12306.0;True;1327.0;True;12333.0;True;12333.0;True;False
82.125000;70.062000;1327.0;1368.000000;70.017182;True;12333.0;True;12333.0;True;1368.0;True;12333.0;True;12333.0;True;False
82.235000;70.172000;1368.0;1368.000000;60.996564;True;12371.0;True;12333.0;True;1418.0;True;12352.0;True;12352.0;True;False
82.375000;70.312000;1418.0;1368.000000;52.405498;True;12399.0;True;12352.0;True;1430.0;True;12371.0;True;12371.0;True;False
82.500000;70.437000;1357.0;1368.000000;52.405498;True;12399.0;True;12371.0;True;1470.0;True;12399.0;True;12399.0;True;False
82.610000;70.547000;1470.0;1368.000000;61.392131;True;12416.0;True;12399.0;True;1511.0;True;12416.0;True;12416.0;True;False
82.735000;70.672000;1511.0;1368.000000;60.996564;True;12425.0;True;12416.0;True;1418.0;True;12416.0;True;12416.0;True;False
82.860000;70.797000;1418.0;1408.000000;73.378840;True;12445.0;True;12416.0;True;1490.0;True;12425.0;True;12425.0;True;False
82.985000;70.922000;1490.0;1418.000000;72.881356;True;12445.0;True;12425.0;True;1378.0;True;12445.0;True;12445.0;True;False
83.125000;71.062000;1378.0;1418.000000;71.966527;True;12453.0;True;12445.0;True;1430.0;True;12445.0;True;12445.0;True;False
83.250000;71.187000;1430.0;1418.000000;64.000000;True;12485.0;True;12445.0;True;1490.0;True;12453.0;True;12453.0;True;False
83.375000;71.312000;1490.0;1430.000000;60.251046;True;12485.0;True;12453.0;True;1450.0;True;12485.0;True;12485.0;True;False
83.500000;71.437000;1450.0;1450.000000;68.619247;True;12494.0;True;12485.0;True;1490.0;True;12494.0;True;12494.0;True;False
83.610000;71.547000;1490.0;1470.000000;77.473684;True;12507.0;True;12494.0;True;1511.0;True;12494.0;True;12494.0;True;False
83.735000;71.672000;1511.0;1490.000000;85.894737;True;12526.0;True;12494.0;True;1501.0;True;12507.0;True;12507.0;True;False
83.844000;71.781000;1501.0;1490.000000;77.575244;True;12526.0;True;12507.0;True;1430.0;True;12526.0;True;12507.0;True;False
83.953000;71.890000;1470.0;1490.000000;61.426117;True;12536.0;True;12526.0;True;1470.0;True;12536.0;True;12526.0;True;False
84.078000;72.015000;1521.0;1490.000000;61.426117;True;12549.0;True;12536.0;True;1450.0;True;12536.0;True;12536.0;True;False
84.188000;72.125000;1521.0;1490.000000;52.745352;True;12549.0;True;12536.0;True;1511.0;True;12536.0;True;12536.0;True;False
84.313000;72.250000;1450.0;1490.000000;52.745352;True;12574.0;True;12536.0;True;1541.0;True;12549.0;True;12549.0;True;False
84.438000;72.375000;1541.0;1501.000000;57.501081;True;12574.0;True;12549.0;True;1430.0;True;12574.0;True;12574.0;True;False
84.563000;72.500000;1430.0;1501.000000;57.130584;True;12601.0;True;12574.0;True;1490.0;True;12574.0;True;12574.0;True;False
84.688000;72.625000;1490.0;1501.000000;57.501081;True;12601.0;True;12574.0;True;1480.0;True;12601.0;True;12601.0;True;False
84.813000;72.750000;1480.0;1490.000000;52.745352;True;12614.0;True;12601.0;True;1541.0;True;12614.0;True;12614.0;True;False
84.922000;72.859000;1541.0;1490.000000;52.768166;True;12628.0;True;12614.0;True;1632.0;True;12614.0;True;12614.0;True;False
85.032000;72.969000;1632.0;1521.000000;66.608620;True;12628.0;True;12614.0;True;1531.0;True;12628.0;True;12614.0;True;False
85.141000;73.078000;1673.0;1521.000000;49.539676;True;12641.0;True;12628.0;True;1673.0;True;12641.0;True;12628.0;True;False
85.250000;73.187000;1683.0;1541.000000;54.304636;True;12642.0;True;12641.0;True;1683.0;True;12642.0;True;12641.0;True;False
85.375000;73.312000;1683.0;1541.000000;54.666667;True;12642.0;True;12641.0;True;1725.0;True;12642.0;True;12642.0;True;False
85.500000;73.437000;1643.0;1632.000000;95.111111;True;12642.0;True;12642.0;True;1643.0;True;12642.0;True;12642.0;True;False
85.625000;73.562000;1643.0;1643.000000;94.666667;True;12646.0;True;12642.0;True;1653.0;True;12642.0;True;12642.0;True;False
85.735000;73.672000;1653.0;1643.000000;86.353468;True;12646.0;True;12642.0;True;1612.0;True;12646.0;True;12646.0;True;False
85.844000;73.781000;1612.0;1643.000000;77.439570;True;12649.0;True;12646.0;True;1622.0;True;12646.0;True;12646.0;True;False
85.953000;73.890000;1643.0;1643.000000;68.981064;True;12657.0;True;12646.0;True;1643.0;True;12657.0;True;12646.0;True;False
86.078000;74.015000;1673.0;1653.000000;72.963295;True;12666.0;True;12657.0;True;1673.0;True;12657.0;True;12657.0;True;False
86.203000;74.140000;1632.0;1643.000000;68.000000;True;12666.0;True;12657.0;True;1745.0;True;12666.0;True;12666.0;True;False
86.313000;74.250000;1745.0;1643.000000;68.456376;True;12673.0;True;12666.0;True;1725.0;True;12673.0;True;12673.0;True;False
86.422000;74.359000;1725.0;1643.000000;68.487019;True;12672.0;True;12673.0;True;1683.0;True;12673.0;True;12673.0;True;False
86.532000;74.469000;1683.0;1653.000000;73.456512;True;12672.0;True;12673.0;True;1735.0;True;12672.0;True;12673.0;True;False
86.641000;74.578000;1602.0;1653.000000;68.996823;True;12678.0;True;12672.0;True;1602.0;True;12678.0;True;12672.0;True;False
86.766000;74.703000;1602.0;1643.000000;64.457558;True;12678.0;True;12672.0;True;1602.0;True;12678.0;True;12678.0;True;False
86.875000;74.812000;1602.0;1643.000000;64.929127;True;12690.0;True;12678.0;True;1602.0;True;12678.0;True;12678.0;True;False
86.985000;74.922000;1602.0;1632.000000;65.377532;True;12690.0;True;12678.0;True;1693.0;True;12690.0;True;12690.0;True;False
87.110000;75.047000;1693.0;1632.000000;64.899452;True;12690.0;True;12690.0;True;1602.0;True;12690.0;True;12690.0;True;False
87.219000;75.156000;1602.0;1602.000000;37.037037;True;12695.0;True;12690.0;True;1735.0;True;12690.0;True;12690.0;True;False
87.344000;75.281000;1735.0;1602.000000;36.768044;True;12711.0;True;12690.0;True;1725.0;True;12695.0;True;12695.0;True;False
87.469000;75.406000;1725.0;1602.000000;27.489860;True;12711.0;True;12695.0;True;1663.0;True;12711.0;True;12711.0;True;False
87.578000;75.515000;1693.0;1602.000000;27.689514;True;12722.0;True;12711.0;True;1693.0;True;12715.0;True;12715.0;True;False
87.703000;75.640000;1693.0;1693.000000;27.689514;True;12722.0;True;12715.0;True;1551.0;True;12722.0;True;12722.0;True;False
87.828000;75.765000;1643.0;1693.000000;22.696323;True;12722.0;True;12722.0;True;1643.0;True;12722.0;True;12722.0;True;False
87.938000;75.875000;1602.0;1693.000000;22.696323;True;12722.0;True;12722.0;True;1602.0;True;12722.0;True;12722.0;True;False
88.047000;75.984000;1602.0;1693.000000;22.696323;True;12733.0;True;12722.0;True;1561.0;True;12722.0;True;12722.0;True;False
88.172000;76.109000;1561.0;1643.000000;0.000000;True;12767.0;True;12722.0;True;1612.0;True;12733.0;True;12733.0;True;False
88.297000;76.234000;1602.0;1643.000000;0.000000;True;12783.0;True;12733.0;True;1551.0;True;12767.0;True;12767.0;True;False
88.407000;76.344000;1551.0;1602.000000;0.000000;True;12803.0;True;12767.0;True;1531.0;True;12783.0;True;12783.0;True;False
88.532000;76.469000;1531.0;1602.000000;0.000000;True;12803.0;True;12783.0;True;1653.0;True;12803.0;True;12803.0;True;False
88.657000;76.594000;1653.0;1602.000000;0.000000;True;12837.0;True;12803.0;True;1511.0;True;12803.0;True;12803.0;True;False
88.782000;76.719000;1511.0;1602.000000;0.000000;True;12837.0;True;12803.0;True;1612.0;True;12837.0;True;12837.0;True;False
88.922000;76.859000;1612.0;1602.000000;0.000000;True;12878.0;True;12837.0;True;1511.0;True;12861.0;True;12861.0;True;False
89.032000;76.969000;1511.0;1561.000000;0.000000;True;12878.0;True;12861.0;True;1511.0;True;12878.0;True;12878.0;True;False
89.157000;77.094000;1511.0;1551.000000;0.000000;True;12902.0;True;12878.0;True;1561.0;True;12878.0;True;12878.0;True;False
89.282000;77.219000;1561.0;1551.000000;0.000000;True;12923.0;True;12878.0;True;1511.0;True;12902.0;True;12902.0;True;False
89.407000;77.344000;1511.0;1531.000000;0.000000;True;12923.0;True;12902.0;True;1561.0;True;12923.0;True;12923.0;True;False
89.532000;77.469000;1561.0;1531.000000;0.000000;True;12948.0;True;12923.0;True;1531.0;True;12923.0;True;12923.0;True;False
89.672000;77.609000;1531.0;1531.000000;0.000000;True;12969.0;True;12923.0;True;1501.0;True;12948.0;True;12948.0;True;False
89.797000;77.734000;1501.0;1511.000000;0.000000;True;13018.0;True;12948.0;True;1572.0;True;12969.0;True;12969.0;True;False
89.922000;77.859000;1572.0;1531.000000;0.000000;True;13018.0;True;12969.0;True;1521.0;True;13018.0;True;13018.0;True;False
90.047000;77.984000;1521.0;1521.000000;0.000000;True;13039.0;True;13018.0;True;1582.0;True;13018.0;True;13018.0;True;False
90.172000;78.109000;1582.0;1531.000000;0.000000;True;13084.0;True;13018.0;True;1521.0;True;13039.0;True;13039.0;True;False
90.297000;78.234000;1521.0;1531.000000;0.000000;True;13109.0;True;13039.0;True;1592.0;True;13084.0;True;13084.0;True;False
90.422000;78.359000;1592.0;1531.000000;0.000000;True;13109.0;True;13084.0;True;1612.0;True;13109.0;True;13109.0;True;False
90.563000;78.500000;1612.0;1561.000000;0.000000;True;13129.0;True;13109.0;True;1521.0;True;13109.0;True;13109.0;True;False
90.688000;78.625000;1521.0;1531.000000;0.000000;True;13172.0;True;13109.0;True;1612.0;True;13129.0;True;13129.0;True;False
90.813000;78.750000;1612.0;1572.000000;0.000000;True;13172.0;True;13129.0;True;1572.0;True;13172.0;True;13172.0;True;False
90.922000;78.859000;1572.0;1572.000000;0.000000;True;13172.0;True;13172.0;True;1572.0;True;13172.0;True;13172.0;True;False
91.032000;78.969000;1572.0;1572.000000;0.000000;True;13213.0;True;13172.0;True;1643.0;True;13213.0;True;13172.0;True;False
91.157000;79.094000;1592.0;1582.000000;0.000000;True;13213.0;True;13213.0;True;1592.0;True;13213.0;True;13213.0;True;False
91.250000;79.187000;1582.0;1582.000000;0.000000;True;13234.0;True;13213.0;True;1582.0;True;13213.0;True;13213.0;True;False
91.375000;79.312000;1582.0;1582.000000;8.962868;True;13234.0;True;13213.0;True;1653.0;True;13213.0;True;13213.0;True;False
91.500000;79.437000;1602.0;1582.000000;13.230901;True;13271.0;True;13234.0;True;1663.0;True;13271.0;True;13234.0;True;False
91.610000;79.547000;1602.0;1582.000000;13.316151;True;13292.0;True;13234.0;True;1683.0;True;13271.0;True;13271.0;True;False
91.719000;79.656000;1683.0;1592.000000;26.384083;True;13292.0;True;13271.0;True;1653.0;True;13292.0;True;13292.0;True;False
91.828000;79.765000;1653.0;1592.000000;26.567944;True;13306.0;True;13292.0;True;1663.0;True;13306.0;True;13292.0;True;False
91.953000;79.890000;1612.0;1602.000000;31.126699;True;13343.0;True;13306.0;True;1612.0;True;13306.0;True;13306.0;True;False
92.063000;80.000000;1632.0;1602.000000;40.158870;True;13343.0;True;13306.0;True;1632.0;True;13343.0;True;13306.0;True;False
92.172000;80.109000;1632.0;1612.000000;36.000000;True;13343.0;True;13306.0;True;1693.0;True;13343.0;True;13343.0;True;False
92.266000;80.203000;1693.0;1632.000000;50.022533;True;13377.0;True;13343.0;True;1602.0;True;13343.0;True;13343.0;True;False
92.391000;80.328000;1602.0;1632.000000;45.515998;True;13377.0;True;13343.0;True;1663.0;True;13377.0;True;13377.0;True;False
92.500000;80.437000;1663.0;1632.000000;45.846573;True;13399.0;True;13377.0;True;1683.0;True;13399.0;True;13399.0;True;False
92.610000;80.547000;1683.0;1653.000000;55.758684;True;13416.0;True;13399.0;True;1602.0;True;13399.0;True;13399.0;True;False
92.735000;80.672000;1602.0;1632.000000;32.688766;True;13416.0;True;13399.0;True;1653.0;True;13416.0;True;13416.0;True;False
92.844000;80.781000;1653.0;1632.000000;46.846011;True;13474.0;True;13416.0;True;1705.0;True;13455.0;True;13416.0;True;False
92.969000;80.906000;1632.0;1632.000000;27.829314;True;13474.0;True;13455.0;True;1632.0;True;13474.0;True;13455.0;True;False
93.078000;81.015000;1632.0;1632.000000;27.829314;True;13474.0;True;13474.0;True;1725.0;True;13474.0;True;13474.0;True;False
93.188000;81.125000;1632.0;1632.000000;27.829314;True;13495.0;True;13474.0;True;1643.0;True;13474.0;True;13474.0;True;False
93.313000;81.250000;1643.0;1632.000000;23.191095;True;13495.0;True;13474.0;True;1673.0;True;13495.0;True;13495.0;True;False
93.422000;81.359000;1673.0;1643.000000;28.084715;True;13515.0;True;13495.0;True;1705.0;True;13495.0;True;13495.0;True;False
93.563000;81.500000;1705.0;1643.000000;27.879342;True;13533.0;True;13495.0;True;1673.0;True;13515.0;True;13515.0;True;False
93.688000;81.625000;1673.0;1643.000000;27.879342;True;13548.0;True;13515.0;True;1755.0;True;13548.0;True;13548.0;True;False
93.813000;81.750000;1755.0;1653.000000;32.228779;True;13567.0;True;13548.0;True;1612.0;True;13548.0;True;13548.0;True;False
93.938000;81.875000;1612.0;1643.000000;22.983326;True;13603.0;True;13548.0;True;1622.0;True;13567.0;True;13567.0;True;False
94.063000;82.000000;1622.0;1643.000000;22.818792;True;13603.0;True;13567.0;True;1572.0;True;13603.0;True;13603.0;True;False
94.188000;82.125000;1572.0;1643.000000;18.344519;True;13654.0;True;13603.0;True;1572.0;True;13626.0;True;13626.0;True;False
94.313000;82.250000;1572.0;1643.000000;18.222222;True;13654.0;True;13626.0;True;1511.0;True;13654.0;True;13626.0;True;False
94.422000;82.359000;1612.0;1622.000000;4.444444;True;13654.0;True;13654.0;True;1612.0;True;13654.0;True;13654.0;True;False
94.532000;82.469000;1612.0;1612.000000;0.000000;True;13654.0;True;13654.0;True;1511.0;True;13654.0;True;13654.0;True;False
94.657000;82.594000;1511.0;1612.000000;0.000000;True;13678.0;True;13654.0;True;1653.0;True;13678.0;True;13678.0;True;False
94.782000;82.719000;1653.0;1612.000000;0.000000;True;13732.0;True;13678.0;True;1592.0;True;13678.0;True;13678.0;True;False
94.891000;82.828000;1592.0;1612.000000;0.000000;True;13732.0;True;13678.0;True;1705.0;True;13732.0;True;13732.0;True;False
95.000000;82.937000;1705.0;1612.000000;0.000000;True;13732.0;True;13732.0;True;1572.0;True;13732.0;True;13732.0;True;False
95.125000;83.062000;1602.0;1602.000000;0.000000;True;13775.0;True;13732.0;True;1602.0;True;13775.0;True;13732.0;True;False
95.235000;83.172000;1693.0;1612.000000;0.000000;True;13801.0;True;13775.0;True;1693.0;True;13801.0;True;13775.0;True;False
95.344000;83.281000;1693.0;1612.000000;0.000000;True;13801.0;True;13775.0;True;1582.0;True;13801.0;True;13801.0;True;False
95.469000;83.406000;1582.0;1612.000000;0.000000;True;13820.0;True;13801.0;True;1602.0;True;13801.0;True;13801.0;True;False
95.594000;83.531000;1602.0;1602.000000;0.000000;True;13873.0;True;13801.0;True;1632.0;True;13820.0;True;13820.0;True;False
95.719000;83.656000;1632.0;1632.000000;0.000000;True;13873.0;True;13820.0;True;1602.0;True;13873.0;True;13873.0;True;False
95.844000;83.781000;1602.0;1602.000000;0.000000;True;13897.0;True;13873.0;True;1663.0;True;13897.0;True;13897.0;True;False
95.953000;83.890000;1602.0;1602.000000;0.000000;True;13924.0;True;13897.0;True;1602.0;True;13924.0;True;13897.0;True;False
96.063000;84.000000;1663.0;1602.000000;0.000000;True;13924.0;True;13924.0;True;1663.0;True;13924.0;True;13924.0;True;False
96.172000;84.109000;1663.0;1632.000000;0.000000;True;13945.0;True;13924.0;True;1683.0;True;13945.0;True;13924.0;True;False
96.297000;84.234000;1806.0;1632.000000;0.000000;True;13945.0;True;13924.0;True;1755.0;True;13945.0;True;13945.0;True;False
96.422000;84.359000;1755.0;1632.000000;0.000000;True;13956.0;True;13945.0;True;1816.0;True;13956.0;True;13956.0;True;False
96.532000;84.469000;1816.0;1663.000000;9.013069;True;13970.0;True;13956.0;True;1735.0;True;13956.0;True;13956.0;True;False
96.641000;84.578000;1836.0;1663.000000;18.476791;True;13981.0;True;13956.0;True;1836.0;True;13970.0;True;13956.0;True;False
96.766000;84.703000;1745.0;1745.000000;59.534467;True;13990.0;True;13970.0;True;1745.0;True;13990.0;True;13990.0;True;False
96.875000;84.812000;1745.0;1745.000000;59.963931;True;13990.0;True;13970.0;True;1663.0;True;13990.0;True;13990.0;True;False
97.000000;84.937000;1725.0;1745.000000;59.963931;True;14025.0;True;13990.0;True;1725.0;True;13990.0;True;13990.0;True;False
97.125000;85.062000;1725.0;1745.000000;59.534467;True;14025.0;True;13990.0;True;1725.0;True;14025.0;True;14025.0;True;False
97.250000;85.187000;1725.0;1745.000000;59.111111;True;14025.0;True;14025.0;True;1663.0;True;14025.0;True;14025.0;True;False
97.375000;85.312000;1663.0;1745.000000;63.555556;True;14025.0;True;14025.0;True;1755.0;True;14025.0;True;14025.0;True;False
97.500000;85.437000;1755.0;1745.000000;58.719647;True;14066.0;True;14025.0;True;1663.0;True;14049.0;True;14049.0;True;False
97.625000;85.562000;1663.0;1725.000000;49.539676;True;14066.0;True;14049.0;True;1836.0;True;14066.0;True;14066.0;True;False
97.766000;85.703000;1745.0;1725.000000;49.194602;True;14100.0;True;14066.0;True;1745.0;True;14100.0;True;14066.0;True;False
97.875000;85.812000;1745.0;1725.000000;53.923718;True;14100.0;True;14066.0;True;1816.0;True;14100.0;True;14100.0;True;False
98.000000;85.937000;1806.0;1725.000000;40.771591;True;14132.0;True;14100.0;True;1745.0;True;14100.0;True;14100.0;True;False
98.125000;86.062000;1745.0;1745.000000;62.691802;True;14132.0;True;14100.0;True;1806.0;True;14132.0;True;14132.0;True;False
98.250000;86.187000;1806.0;1745.000000;62.255115;True;14165.0;True;14132.0;True;1705.0;True;14132.0;True;14132.0;True;False
98.360000;86.297000;1705.0;1745.000000;62.255115;True;14165.0;True;14132.0;True;1745.0;True;14165.0;True;14165.0;True;False
98.485000;86.422000;1745.0;1745.000000;48.854302;True;14207.0;True;14165.0;True;1847.0;True;14165.0;True;14165.0;True;False
98.610000;86.547000;1847.0;1745.000000;48.854302;True;14207.0;True;14165.0;True;1847.0;True;14207.0;True;14207.0;True;False
98.735000;86.672000;1847.0;1745.000000;48.854302;True;14219.0;True;14207.0;True;1735.0;True;14219.0;True;14219.0;True;False
98.860000;86.797000;1735.0;1745.000000;35.223368;True;14219.0;True;14219.0;True;1908.0;True;14219.0;True;14219.0;True;False
98.985000;86.922000;1908.0;1806.000000;61.006826;True;14247.0;True;14219.0;True;1806.0;True;14219.0;True;14219.0;True;False
99.125000;87.062000;1806.0;1806.000000;25.858415;True;14247.0;True;14219.0;True;1958.0;True;14247.0;True;14247.0;True;False
99.219000;87.156000;1958.0;1806.000000;26.023891;True;14263.0;True;14247.0;True;1968.0;True;14247.0;True;14247.0;True;False
99.328000;87.265000;1968.0;1847.000000;43.814433;True;14267.0;True;14247.0;True;1968.0;True;14267.0;True;14247.0;True;False
99.438000;87.375000;1968.0;1847.000000;44.098573;True;14270.0;True;14247.0;True;2010.0;True;14267.0;True;14267.0;True;False
99.547000;87.484000;2010.0;1908.000000;70.962125;True;14270.0;True;14267.0;True;1990.0;True;14270.0;True;14270.0;True;False
99.672000;87.609000;1990.0;1958.000000;92.729647;True;14271.0;True;14270.0;True;2061.0;True;14271.0;True;14271.0;True;False
99.797000;87.734000;2061.0;1968.000000;97.083152;True;14272.0;True;14271.0;True;2020.0;True;14271.0;True;14271.0;True;False
99.938000;87.875000;2020.0;1968.000000;105.058366;True;14272.0;True;14271.0;True;2071.0;True;14272.0;True;14272.0;True;False
100.063000;88.000000;2071.0;1990.000000;115.367871;True;14274.0;True;14272.0;True;2101.0;True;14272.0;True;14272.0;True;False
100.188000;88.125000;2101.0;2010.000000;123.216602;True;14273.0;True;14272.0;True;2061.0;True;14273.0;True;14273.0;True;False
100.313000;88.250000;2061.0;2020.000000;127.539991;True;14270.0;True;14273.0;True;2081.0;True;14273.0;True;14273.0;True;False
100.453000;88.390000;2081.0;2061.000000;135.738832;True;14270.0;True;14273.0;True;2020.0;True;14270.0;True;14270.0;True;False
100.578000;88.515000;2020.0;2061.000000;135.738832;True;14269.0;True;14270.0;True;2091.0;True;14270.0;True;14270.0;True;False
100.688000;88.625000;2030.0;2061.000000;135.738832;True;14278.0;True;14270.0;True;2122.0;True;14274.0;True;14274.0;True;False
100.797000;88.734000;2122.0;2061.000000;136.678201;True;14278.0;True;14274.0;True;2051.0;True;14278.0;True;14278.0;True;False
100.922000;88.859000;2051.0;2061.000000;136.678201;True;14276.0;True;14278.0;True;2061.0;True;14278.0;True;14278.0;True;False
101.047000;88.984000;2061.0;2061.000000;136.678201;True;14280.0;True;14278.0;True;2132.0;True;14280.0;True;14278.0;True;False
101.188000;89.125000;2132.0;2061.000000;135.738832;True;14283.0;True;14280.0;True;2122.0;True;14280.0;True;14280.0;True;False
101.313000;89.250000;2071.0;2061.000000;109.536082;True;14287.0;True;14280.0;True;2152.0;True;14283.0;True;14283.0;True;False
101.438000;89.375000;2152.0;2071.000000;114.569823;True;14287.0;True;14283.0;True;2051.0;True;14287.0;True;14287.0;True;False
101.547000;89.484000;2051.0;2061.000000;109.536082;True;14285.0;True;14287.0;True;2101.0;True;14287.0;True;14287.0;True;False
101.672000;89.609000;2101.0;2071.000000;95.563140;True;14295.0;True;14287.0;True;2040.0;True;14285.0;True;14285.0;True;False
101.782000;89.719000;2040.0;2071.000000;95.563140;True;14295.0;True;14285.0;True;2162.0;True;14295.0;True;14295.0;True;False
101.907000;89.844000;2162.0;2071.000000;69.067797;True;14295.0;True;14295.0;True;2162.0;True;14295.0;True;14295.0;True;False
102.016000;89.953000;2162.0;2101.000000;61.006826;True;14303.0;True;14295.0;True;2152.0;True;14303.0;True;14303.0;True;False
102.125000;90.062000;2193.0;2132.000000;70.446735;True;14303.0;True;14303.0;True;2193.0;True;14303.0;True;14303.0;True;False
102.235000;90.172000;2193.0;2152.000000;80.104484;True;14301.0;True;14303.0;True;2203.0;True;14303.0;True;14303.0;True;False
102.360000;90.297000;2203.0;2162.000000;74.880279;True;14301.0;True;14303.0;True;2162.0;True;14301.0;True;14301.0;True;False
102.485000;90.422000;2162.0;2162.000000;66.173269;True;14300.0;True;14301.0;True;2203.0;True;14301.0;True;14301.0;True;False
102.625000;90.562000;2203.0;2162.000000;61.418685;True;14300.0;True;14301.0;True;2183.0;True;14300.0;True;14300.0;True;False
102.750000;90.687000;2183.0;2183.000000;53.112756;True;14298.0;True;14300.0;True;2172.0;True;14300.0;True;14300.0;True;False
102.875000;90.812000;2172.0;2183.000000;53.112756;True;14299.0;True;14300.0;True;2223.0;True;14299.0;True;14299.0;True;False
103.000000;90.937000;2223.0;2193.000000;57.093426;True;14300.0;True;14299.0;True;2142.0;True;14299.0;True;14299.0;True;False
103.125000;91.062000;2142.0;2193.000000;56.701031;True;14300.0;True;14299.0;True;2255.0;True;14300.0;True;14300.0;True;False
103.250000;91.187000;2255.0;2193.000000;56.701031;True;14300.0;True;14300.0;True;2265.0;True;14300.0;True;14300.0;True;False
103.375000;91.312000;2265.0;2203.000000;60.996564;True;14300.0;True;14300.0;True;2275.0;True;14306.0;True;14306.0;True;False
103.500000;91.437000;2275.0;2203.000000;61.418685;True;14297.0;True;14306.0;True;2356.0;True;14300.0;True;14300.0;True;False
103.625000;91.562000;2356.0;2223.000000;70.069204;True;14297.0;True;14300.0;True;2285.0;True;14297.0;True;14297.0;True;False
103.750000;91.687000;2285.0;2255.000000;79.584775;True;14288.0;True;14297.0;True;2437.0;True;14288.0;True;14288.0;True;False
103.875000;91.812000;2437.0;2265.000000;87.628866;True;14272.0;True;14288.0;True;2366.0;True;14288.0;True;14288.0;True;False
104.000000;91.937000;2366.0;2275.000000;87.628866;True;14272.0;True;14288.0;True;2518.0;True;14272.0;True;14272.0;True;False
104.110000;92.047000;2518.0;2285.000000;91.924399;True;14272.0;True;14272.0;True;2447.0;True;14272.0;True;14272.0;True;False
104.219000;92.156000;2447.0;2356.000000;123.269896;True;14245.0;True;14272.0;True;2458.0;True;14245.0;True;14245.0;True;False
104.328000;92.265000;2458.0;2366.000000;114.619377;True;14233.0;True;14245.0;True;2407.0;True;14245.0;True;14245.0;True;False
104.438000;92.375000;2458.0;2437.000000;131.863381;True;14221.0;True;14245.0;True;2458.0;True;14221.0;True;14245.0;True;False
104.547000;92.484000;2458.0;2447.000000;127.595156;True;14221.0;True;14245.0;True;2468.0;True;14221.0;True;14221.0;True;False
104.657000;92.594000;2468.0;2458.000000;128.863735;True;14221.0;True;14221.0;True;2437.0;True;14221.0;True;14221.0;True;False
104.797000;92.734000;2437.0;2458.000000;128.027682;True;14200.0;True;14221.0;True;2560.0;True;14221.0;True;14221.0;True;False
104.922000;92.859000;2560.0;2458.000000;128.863735;True;14200.0;True;14221.0;True;2437.0;True;14200.0;True;14200.0;True;False
105.047000;92.984000;2437.0;2458.000000;119.721376;True;14182.0;True;14200.0;True;2580.0;True;14200.0;True;14200.0;True;False
105.172000;93.109000;2580.0;2458.000000;119.721376;True;14157.0;True;14200.0;True;2550.0;True;14182.0;True;14182.0;True;False
105.297000;93.234000;2550.0;2458.000000;115.367871;True;14157.0;True;14182.0;True;2591.0;True;14157.0;True;14157.0;True;False
105.407000;93.344000;2591.0;2468.000000;120.508326;True;14142.0;True;14157.0;True;2478.0;True;14142.0;True;14142.0;True;False
105.532000;93.469000;2478.0;2478.000000;124.890447;True;14125.0;True;14142.0;True;2518.0;True;14142.0;True;14142.0;True;False
105.641000;93.578000;2518.0;2518.000000;139.011474;True;14118.0;True;14142.0;True;2488.0;True;14125.0;True;14142.0;True;False
105.750000;93.687000;2530.0;2530.000000;145.333333;True;14108.0;True;14125.0;True;2530.0;True;14108.0;True;14125.0;True;False
105.860000;93.797000;2621.0;2550.000000;146.308725;True;14099.0;True;14108.0;True;2621.0;True;14099.0;True;14108.0;True;False
105.969000;93.906000;2518.0;2530.000000;123.929698;True;14099.0;True;14099.0;True;2662.0;True;14099.0;True;14099.0;True;False
106.078000;94.015000;2518.0;2530.000000;120.290513;True;14082.0;True;14099.0;True;2672.0;True;14099.0;True;14099.0;True;False
106.219000;94.156000;2651.0;2530.000000;114.916629;True;14057.0;True;14082.0;True;2651.0;True;14057.0;True;14082.0;True;False
106.328000;94.265000;2651.0;2530.000000;110.459874;True;14057.0;True;14082.0;True;2712.0;True;14057.0;True;14057.0;True;False
106.453000;94.390000;2712.0;2530.000000;77.887198;True;14041.0;True;14057.0;True;2753.0;True;14041.0;True;14041.0;True;False
106.578000;94.515000;2753.0;2621.000000;113.333333;True;13998.0;True;14041.0;True;2743.0;True;14041.0;True;14041.0;True;False
106.703000;94.640000;2743.0;2651.000000;94.481236;True;13978.0;True;14041.0;True;2722.0;True;13998.0;True;13998.0;True;False
106.828000;94.765000;2722.0;2651.000000;89.434459;True;13978.0;True;13998.0;True;2662.0;True;13978.0;True;13978.0;True;False
106.969000;94.906000;2662.0;2662.000000;88.235294;True;13960.0;True;13978.0;True;2672.0;True;13960.0;True;13960.0;True;False
107.094000;95.031000;2672.0;2672.000000;93.164998;True;13935.0;True;13960.0;True;2795.0;True;13960.0;True;13960.0;True;False
107.203000;95.140000;2795.0;2712.000000;111.354669;True;13914.0;True;13960.0;True;2662.0;True;13935.0;True;13935.0;True;False
107.313000;95.250000;2662.0;2712.000000;112.091792;True;13914.0;True;13935.0;True;2763.0;True;13914.0;True;13914.0;True;False
107.422000;95.359000;2763.0;2722.000000;117.333333;True;13905.0;True;13914.0;True;2805.0;True;13905.0;True;13914.0;True;False
107.532000;95.469000;2672.0;2722.000000;118.120805;True;13888.0;True;13905.0;True;2672.0;True;13905.0;True;13905.0;True;False
107.672000;95.609000;2692.0;2692.000000;98.896247;True;13879.0;True;13905.0;True;2692.0;True;13879.0;True;13879.0;True;False
107.782000;95.719000;2815.0;2692.000000;95.111111;True;13879.0;True;13879.0;True;2795.0;True;13879.0;True;13879.0;True;False
107.891000;95.828000;2815.0;2692.000000;77.333333;True;13851.0;True;13879.0;True;2743.0;True;13879.0;True;13879.0;True;False
108.000000;95.937000;2743.0;2743.000000;94.666667;True;13851.0;True;13879.0;True;2733.0;True;13851.0;True;13851.0;True;False
108.141000;96.078000;2733.0;2743.000000;84.612012;True;13839.0;True;13851.0;True;2783.0;True;13839.0;True;13839.0;True;False
108.266000;96.203000;2783.0;2743.000000;92.729647;True;13815.0;True;13839.0;True;2743.0;True;13839.0;True;13839.0;True;False
108.391000;96.328000;2743.0;2743.000000;92.088197;True;13806.0;True;13839.0;True;2825.0;True;13815.0;True;13815.0;True;False
108.516000;96.453000;2763.0;2743.000000;92.729647;True;13806.0;True;13815.0;True;2783.0;True;13806.0;True;13806.0;True;False
108.641000;96.578000;2783.0;2763.000000;100.734976;True;13795.0;True;13806.0;True;2783.0;True;13806.0;True;13806.0;True;False
108.750000;96.687000;2783.0;2783.000000;110.143666;True;13784.0;True;13806.0;True;2866.0;True;13795.0;True;13806.0;True;False
108.860000;96.797000;2866.0;2783.000000;70.990359;True;13767.0;True;13795.0;True;2876.0;True;13784.0;True;13795.0;True;False
108.985000;96.922000;2825.0;2783.000000;57.843996;True;13767.0;True;13784.0;True;2825.0;True;13767.0;True;13767.0;True;False
109.110000;97.047000;2825.0;2783.000000;57.843996;True;13754.0;True;13767.0;True;2916.0;True;13767.0;True;13767.0;True;False
109.235000;97.172000;2916.0;2783.000000;53.398058;True;13754.0;True;13767.0;True;2876.0;True;13754.0;True;13754.0;True;False
109.360000;97.297000;2876.0;2825.000000;67.519859;True;13720.0;True;13754.0;True;2835.0;True;13754.0;True;13754.0;True;False
109.485000;97.422000;2835.0;2825.000000;49.517967;True;13720.0;True;13754.0;True;2845.0;True;13720.0;True;13720.0;True;False
109.625000;97.562000;2845.0;2835.000000;53.200692;True;13709.0;True;13720.0;True;2845.0;True;13709.0;True;13709.0;True;False
109.750000;97.687000;2845.0;2845.000000;52.835052;True;13698.0;True;13709.0;True;2906.0;True;13709.0;True;13709.0;True;False
109.875000;97.812000;2906.0;2845.000000;52.496799;True;13698.0;True;13709.0;True;2845.0;True;13698.0;True;13698.0;True;False
110.000000;97.937000;2896.0;2845.000000;65.721649;True;13670.0;True;13698.0;True;2926.0;True;13698.0;True;13698.0;True;False
110.125000;98.062000;2926.0;2876.000000;78.531797;True;13670.0;True;13698.0;True;2866.0;True;13670.0;True;13670.0;True;False
110.250000;98.187000;2866.0;2876.000000;77.999152;True;13655.0;True;13670.0;True;2855.0;True;13655.0;True;13655.0;True;False
110.375000;98.312000;2855.0;2866.000000;51.789474;True;13638.0;True;13655.0;True;2855.0;True;13645.0;True;13655.0;True;False
110.485000;98.422000;2866.0;2866.000000;52.474403;True;13638.0;True;13645.0;True;2866.0;True;13638.0;True;13638.0;True;False
110.594000;98.531000;2866.0;2866.000000;52.835052;True;13638.0;True;13638.0;True;2876.0;True;13638.0;True;13638.0;True;False
110.703000;98.640000;2876.0;2866.000000;53.200692;True;13630.0;True;13638.0;True;2937.0;True;13630.0;True;13630.0;True;False
110.813000;98.750000;2937.0;2876.000000;57.901611;True;13622.0;True;13630.0;True;2886.0;True;13622.0;True;13630.0;True;False
110.922000;98.859000;2937.0;2876.000000;49.539676;True;13622.0;True;13630.0;True;2886.0;True;13622.0;True;13622.0;True;False
111.063000;99.000000;2886.0;2876.000000;40.207523;True;13610.0;True;13622.0;True;2977.0;True;13610.0;True;13610.0;True;False
111.172000;99.109000;2977.0;2876.000000;40.224913;True;13589.0;True;13610.0;True;2977.0;True;13610.0;True;13610.0;True;False
111.297000;99.234000;2957.0;2886.000000;44.550173;True;13577.0;True;13610.0;True;2987.0;True;13589.0;True;13589.0;True;False
111.422000;99.359000;2987.0;2937.000000;66.608997;True;13577.0;True;13589.0;True;2967.0;True;13577.0;True;13577.0;True;False
111.547000;99.484000;2967.0;2937.000000;66.608997;True;13565.0;True;13577.0;True;2957.0;True;13577.0;True;13577.0;True;False
111.672000;99.609000;2957.0;2957.000000;57.093426;True;13545.0;True;13577.0;True;2997.0;True;13565.0;True;13565.0;True;False
111.797000;99.734000;2997.0;2957.000000;57.093426;True;13545.0;True;13565.0;True;2896.0;True;13545.0;True;13545.0;True;False
111.922000;99.859000;2896.0;2957.000000;53.112756;True;13534.0;True;13545.0;True;2967.0;True;13534.0;True;13534.0;True;False
112.047000;99.984000;2967.0;2967.000000;53.112756;True;13531.0;True;13534.0;True;2977.0;True;13534.0;True;13534.0;True;False
112.157000;100.094000;2977.0;2967.000000;53.461876;True;13516.0;True;13534.0;True;2916.0;True;13531.0;True;13531.0;True;False
112.266000;100.203000;2916.0;2967.000000;53.839365;True;13516.0;True;13531.0;True;2957.0;True;13516.0;True;13516.0;True;False
112.375000;100.312000;2957.0;2967.000000;40.444444;True;13509.0;True;13516.0;True;3008.0;True;13516.0;True;13516.0;True;False
112.500000;100.437000;3008.0;2967.000000;40.444444;True;13509.0;True;13516.0;True;2977.0;True;13509.0;True;13509.0;True;False
112.625000;100.562000;2977.0;2967.000000;44.888889;True;13501.0;True;13509.0;True;2987.0;True;13501.0;True;13501.0;True;False
112.750000;100.687000;2987.0;2977.000000;49.006623;True;13496.0;True;13501.0;True;3038.0;True;13501.0;True;13501.0;True;False
112.875000;100.812000;3038.0;2977.000000;48.662867;True;13482.0;True;13501.0;True;3058.0;True;13496.0;True;13496.0;True;False
112.985000;100.922000;3058.0;2977.000000;48.641543;True;13482.0;True;13496.0;True;3120.0;True;13482.0;True;13482.0;True;False
113.094000;101.031000;3120.0;2987.000000;48.662867;True;13473.0;True;13482.0;True;3008.0;True;13473.0;True;13473.0;True;False
113.235000;101.172000;3008.0;3008.000000;57.068742;True;13455.0;True;13473.0;True;3018.0;True;13473.0;True;13473.0;True;False
113.328000;101.265000;3018.0;3008.000000;58.278146;True;13455.0;True;13473.0;True;2987.0;True;13455.0;True;13473.0;True;False
113.453000;101.390000;2967.0;3008.000000;57.869356;True;13451.0;True;13455.0;True;2967.0;True;13451.0;True;13455.0;True;False
113.563000;101.500000;2937.0;3008.000000;53.839365;True;13452.0;True;13451.0;True;2937.0;True;13451.0;True;13451.0;True;False
113.672000;101.609000;2967.0;3008.000000;31.555556;True;13452.0;True;13451.0;True;3070.0;True;13452.0;True;13451.0;True;False
113.797000;101.734000;2967.0;3008.000000;31.555556;True;13457.0;True;13451.0;True;2916.0;True;13452.0;True;13452.0;True;False
113.922000;101.859000;2916.0;2967.000000;4.444444;True;13457.0;True;13452.0;True;3070.0;True;13457.0;True;13457.0;True;False
114.047000;101.984000;3070.0;2967.000000;4.444444;True;13458.0;True;13457.0;True;3151.0;True;13457.0;True;13457.0;True;False
114.172000;102.109000;3151.0;2967.000000;4.444444;True;13458.0;True;13457.0;True;3028.0;True;13458.0;True;13458.0;True;False
114.282000;102.219000;3028.0;2967.000000;0.000000;True;13447.0;True;13458.0;True;3120.0;True;13447.0;True;13447.0;True;False
114.375000;102.312000;3120.0;2967.000000;0.000000;True;13446.0;True;13447.0;True;3008.0;True;13447.0;True;13447.0;True;False
114.485000;102.422000;3120.0;3028.000000;27.489860;True;13446.0;True;13447.0;True;3058.0;True;13447.0;True;13447.0;True;False
114.610000;102.547000;3058.0;3058.000000;40.715884;True;13437.0;True;13447.0;True;3048.0;True;13446.0;True;13446.0;True;False
114.719000;102.656000;3048.0;3058.000000;41.009464;True;13437.0;True;13446.0;True;3038.0;True;13437.0;True;13437.0;True;False
114.828000;102.765000;3038.0;3058.000000;41.307308;True;13436.0;True;13437.0;True;2947.0;True;13436.0;True;13437.0;True;False
114.938000;102.875000;3070.0;3070.000000;42.504570;True;13437.0;True;13436.0;True;3070.0;True;13437.0;True;13436.0;True;False
115.047000;102.984000;3090.0;3070.000000;42.817680;True;13436.0;True;13437.0;True;3090.0;True;13437.0;True;13437.0;True;False
115.157000;103.094000;3090.0;3070.000000;42.817680;True;13436.0;True;13437.0;True;2967.0;True;13437.0;True;13437.0;True;False
115.282000;103.219000;2967.0;3070.000000;37.934186;True;13442.0;True;13437.0;True;3151.0;True;13436.0;True;13436.0;True;False
115.407000;103.344000;3090.0;3070.000000;28.545120;True;13433.0;True;13442.0;True;3090.0;True;13442.0;True;13442.0;True;False
115.516000;103.453000;3090.0;3070.000000;28.336380;True;13432.0;True;13442.0;True;3252.0;True;13442.0;True;13442.0;True;False
115.641000;103.578000;3252.0;3090.000000;37.477148;True;13432.0;True;13442.0;True;3151.0;True;13432.0;True;13432.0;True;False
115.750000;103.687000;3130.0;3090.000000;37.494284;True;13417.0;True;13432.0;True;3130.0;True;13432.0;True;13432.0;True;False
115.860000;103.797000;3080.0;3090.000000;37.477148;True;13417.0;True;13432.0;True;3080.0;True;13417.0;True;13432.0;True;False
115.985000;103.922000;3151.0;3090.000000;37.477148;True;13417.0;True;13417.0;True;3120.0;True;13417.0;True;13417.0;True;False
116.094000;104.031000;3151.0;3090.000000;56.629834;True;13417.0;True;13417.0;True;3058.0;True;13417.0;True;13417.0;True;False
116.219000;104.156000;3058.0;3090.000000;56.629834;True;13417.0;True;13417.0;True;3161.0;True;13417.0;True;13417.0;True;False
116.344000;104.281000;3161.0;3130.000000;75.046041;True;13422.0;True;13417.0;True;3100.0;True;13422.0;True;13422.0;True;False
116.469000;104.406000;3100.0;3130.000000;74.531321;True;13420.0;True;13422.0;True;3252.0;True;13422.0;True;13422.0;True;False
116.594000;104.531000;3252.0;3151.000000;82.920234;True;13414.0;True;13422.0;True;3120.0;True;13420.0;True;13420.0;True;False
116.719000;104.656000;3120.0;3130.000000;45.658013;True;13414.0;True;13420.0;True;3242.0;True;13414.0;True;13414.0;True;False
116.844000;104.781000;3242.0;3151.000000;41.629364;True;13417.0;True;13414.0;True;3262.0;True;13417.0;True;13417.0;True;False
116.953000;104.890000;3262.0;3151.000000;41.629364;True;13402.0;True;13417.0;True;3181.0;True;13417.0;True;13417.0;True;False
117.063000;105.000000;3252.0;3161.000000;46.085011;True;13402.0;True;13417.0;True;3252.0;True;13402.0;True;13417.0;True;False
117.172000;105.109000;3232.0;3232.000000;72.515667;True;13402.0;True;13402.0;True;3191.0;True;13402.0;True;13402.0;True;False
117.297000;105.234000;3191.0;3232.000000;72.000000;True;13392.0;True;13402.0;True;3038.0;True;13392.0;True;13402.0;True;False
117.422000;105.359000;3191.0;3232.000000;71.523179;True;13392.0;True;13402.0;True;3212.0;True;13392.0;True;13392.0;True;False
117.532000;105.469000;3212.0;3232.000000;72.000000;True;13392.0;True;13392.0;True;3151.0;True;13392.0;True;13392.0;True;False
117.657000;105.594000;3151.0;3212.000000;63.111111;True;13391.0;True;13392.0;True;3273.0;True;13392.0;True;13392.0;True;False
117.766000;105.703000;3273.0;3232.000000;72.000000;True;13391.0;True;13392.0;True;3273.0;True;13391.0;True;13391.0;True;False
117.891000;105.828000;3273.0;3232.000000;63.111111;True;13391.0;True;13391.0;True;3242.0;True;13391.0;True;13391.0;True;False
118.016000;105.953000;3242.0;3232.000000;62.665490;True;13391.0;True;13391.0;True;3252.0;True;13391.0;True;13391.0;True;False
118.172000;106.109000;3141.0;3212.000000;52.768166;True;13389.0;True;13391.0;True;3141.0;True;13389.0;True;13389.0;True;False
118.282000;106.219000;3141.0;3191.000000;43.970396;True;13395.0;True;13391.0;True;3262.0;True;13389.0;True;13389.0;True;False
118.407000;106.344000;3262.0;3212.000000;52.745352;True;13395.0;True;13389.0;True;3232.0;True;13395.0;True;13395.0;True;False
118.532000;106.469000;3232.0;3232.000000;61.392131;True;13393.0;True;13395.0;True;3303.0;True;13395.0;True;13395.0;True;False
118.657000;106.594000;3303.0;3242.000000;48.421963;True;13394.0;True;13395.0;True;3273.0;True;13394.0;True;13394.0;True;False
118.797000;106.734000;3273.0;3262.000000;56.701031;True;13389.0;True;13394.0;True;3323.0;True;13394.0;True;13394.0;True;False
118.907000;106.844000;3323.0;3262.000000;47.989624;True;13389.0;True;13394.0;True;3283.0;True;13389.0;True;13389.0;True;False
119.032000;106.969000;3283.0;3262.000000;57.068742;True;13389.0;True;13389.0;True;3303.0;True;13389.0;True;13389.0;True;False
119.157000;107.094000;3303.0;3273.000000;52.745352;True;13384.0;True;13389.0;True;3323.0;True;13385.0;True;13385.0;True;False
119.282000;107.219000;3323.0;3283.000000;56.676685;True;13380.0;True;13385.0;True;3303.0;True;13384.0;True;13384.0;True;False
119.407000;107.344000;3303.0;3303.000000;60.580205;True;13380.0;True;13384.0;True;3313.0;True;13380.0;True;13380.0;True;False
119.547000;107.484000;3313.0;3303.000000;29.894737;True;13380.0;True;13380.0;True;3232.0;True;13380.0;True;13380.0;True;False
119.657000;107.594000;3252.0;3303.000000;30.084746;True;13379.0;True;13380.0;True;3252.0;True;13379.0;True;13380.0;True;False
119.766000;107.703000;3355.0;3303.000000;30.290102;True;13384.0;True;13379.0;True;3355.0;True;13379.0;True;13379.0;True;False
119.875000;107.812000;3355.0;3313.000000;34.571063;True;13384.0;True;13379.0;True;3212.0;True;13384.0;True;13384.0;True;False
119.985000;107.922000;3355.0;3313.000000;43.384880;True;13381.0;True;13379.0;True;3323.0;True;13384.0;True;13384.0;True;False
120.110000;108.047000;3323.0;3323.000000;38.822526;True;13381.0;True;13384.0;True;3385.0;True;13381.0;True;13381.0;True;False
120.235000;108.172000;3385.0;3323.000000;38.822526;True;13377.0;True;13381.0;True;3252.0;True;13381.0;True;13381.0;True;False
120.360000;108.297000;3252.0;3323.000000;38.822526;True;13377.0;True;13381.0;True;3345.0;True;13377.0;True;13377.0;True;False
120.500000;108.437000;3345.0;3345.000000;57.130584;True;13384.0;True;13377.0;True;3283.0;True;13384.0;True;13384.0;True;False
120.625000;108.562000;3283.0;3345.000000;65.727700;True;13384.0;True;13384.0;True;3345.0;True;13384.0;True;13384.0;True;False
120.750000;108.687000;3345.0;3345.000000;56.764831;True;13390.0;True;13384.0;True;3283.0;True;13384.0;True;13384.0;True;False
120.891000;108.828000;3283.0;3345.000000;47.901653;True;13390.0;True;13384.0;True;3365.0;True;13390.0;True;13390.0;True;False
121.016000;108.953000;3365.0;3345.000000;43.662569;True;13397.0;True;13390.0;True;3303.0;True;13397.0;True;13397.0;True;False
121.141000;109.078000;3303.0;3323.000000;26.023891;True;13397.0;True;13397.0;True;3405.0;True;13397.0;True;13397.0;True;False
121.266000;109.203000;3405.0;3345.000000;35.184400;True;13401.0;True;13397.0;True;3405.0;True;13397.0;True;13397.0;True;False
121.391000;109.328000;3405.0;3345.000000;35.184400;True;13401.0;True;13397.0;True;3405.0;True;13401.0;True;13401.0;True;False
121.500000;109.437000;3405.0;3345.000000;30.729834;True;13401.0;True;13401.0;True;3375.0;True;13401.0;True;13401.0;True;False
121.625000;109.562000;3375.0;3365.000000;34.997866;True;13401.0;True;13401.0;True;3375.0;True;13401.0;True;13401.0;True;False
121.735000;109.672000;3375.0;3375.000000;30.927835;True;13402.0;True;13401.0;True;3293.0;True;13402.0;True;13401.0;True;False
121.844000;109.781000;3405.0;3375.000000;31.345233;True;13402.0;True;13402.0;True;3405.0;True;13402.0;True;13402.0;True;False
121.953000;109.890000;3405.0;3405.000000;44.425087;True;13401.0;True;13402.0;True;3436.0;True;13402.0;True;13402.0;True;False
122.078000;110.015000;3436.0;3405.000000;44.117647;True;13401.0;True;13402.0;True;3507.0;True;13401.0;True;13401.0;True;False
122.219000;110.156000;3507.0;3405.000000;39.249147;True;13391.0;True;13401.0;True;3456.0;True;13401.0;True;13401.0;True;False
122.328000;110.265000;3456.0;3405.000000;39.265898;True;13391.0;True;13401.0;True;3333.0;True;13391.0;True;13391.0;True;False
122.453000;110.390000;3333.0;3405.000000;34.997866;True;13395.0;True;13391.0;True;3487.0;True;13391.0;True;13391.0;True;False
122.563000;110.500000;3446.0;3405.000000;35.223368;True;13395.0;True;13391.0;True;3446.0;True;13395.0;True;13391.0;True;False
122.672000;110.609000;3517.0;3436.000000;48.875433;True;13395.0;True;13395.0;True;3548.0;True;13395.0;True;13395.0;True;False
122.782000;110.719000;3548.0;3446.000000;44.259422;True;13388.0;True;13395.0;True;3477.0;True;13394.0;True;13394.0;True;False
122.891000;110.828000;3548.0;3456.000000;48.984996;True;13388.0;True;13395.0;True;3548.0;True;13394.0;True;13394.0;True;False
123.000000;110.937000;3477.0;3477.000000;58.666667;True;13378.0;True;13394.0;True;3598.0;True;13388.0;True;13388.0;True;False
123.141000;111.078000;3598.0;3507.000000;72.000000;True;13378.0;True;13388.0;True;3436.0;True;13378.0;True;13378.0;True;False
123.266000;111.203000;3436.0;3477.000000;58.666667;True;13367.0;True;13378.0;True;3630.0;True;13378.0;True;13378.0;True;False
123.391000;111.328000;3630.0;3517.000000;86.222222;True;13357.0;True;13378.0;True;3608.0;True;13367.0;True;13367.0;True;False
123.516000;111.453000;3558.0;3548.000000;90.222222;True;13352.0;True;13367.0;True;3660.0;True;13357.0;True;13357.0;True;False
123.641000;111.578000;3660.0;3548.000000;90.222222;True;13352.0;True;13357.0;True;3558.0;True;13352.0;True;13352.0;True;False
123.766000;111.703000;3558.0;3558.000000;93.998235;True;13352.0;True;13352.0;True;3650.0;True;13352.0;True;13352.0;True;False
123.891000;111.828000;3650.0;3558.000000;85.172109;True;13323.0;True;13352.0;True;3517.0;True;13334.0;True;13334.0;True;False
124.016000;111.953000;3517.0;3558.000000;80.227970;True;13323.0;True;13334.0;True;3497.0;True;13323.0;True;13323.0;True;False
124.141000;112.078000;3497.0;3558.000000;79.669134;True;13324.0;True;13323.0;True;3537.0;True;13323.0;True;13323.0;True;False
124.266000;112.203000;3608.0;3558.000000;66.147860;True;13326.0;True;13324.0;True;3608.0;True;13326.0;True;13326.0;True;False
124.391000;112.328000;3608.0;3608.000000;87.764808;True;13321.0;True;13324.0;True;3548.0;True;13326.0;True;13326.0;True;False
124.516000;112.453000;3446.0;3558.000000;66.608620;True;13329.0;True;13326.0;True;3640.0;True;13321.0;True;13321.0;True;False
124.641000;112.578000;3640.0;3608.000000;87.764808;True;13329.0;True;13321.0;True;3548.0;True;13329.0;True;13329.0;True;False
124.766000;112.703000;3548.0;3558.000000;66.147860;True;13322.0;True;13329.0;True;3731.0;True;13329.0;True;13329.0;True;False
124.891000;112.828000;3691.0;3608.000000;87.199313;True;13314.0;True;13329.0;True;3640.0;True;13322.0;True;13322.0;True;False
125.016000;112.953000;3640.0;3608.000000;73.378840;True;13314.0;True;13322.0;True;3752.0;True;13314.0;True;13314.0;True;False
125.157000;113.094000;3752.0;3608.000000;68.210526;True;13309.0;True;13314.0;True;3548.0;True;13314.0;True;13314.0;True;False
125.282000;113.219000;3548.0;3608.000000;63.571727;True;13296.0;True;13314.0;True;3608.0;True;13296.0;True;13296.0;True;False
125.391000;113.328000;3608.0;3608.000000;54.788791;True;13299.0;True;13296.0;True;3507.0;True;13296.0;True;13296.0;True;False
125.516000;113.453000;3507.0;3608.000000;42.526316;True;13299.0;True;13296.0;True;3477.0;True;13299.0;True;13299.0;True;False
125.641000;113.578000;3477.0;3608.000000;55.157895;True;13307.0;True;13299.0;True;3578.0;True;13307.0;True;13307.0;True;False
125.766000;113.703000;3578.0;3578.000000;25.684211;True;13318.0;True;13307.0;True;3456.0;True;13307.0;True;13307.0;True;False
125.907000;113.844000;3456.0;3578.000000;12.547051;True;13322.0;True;13307.0;True;3660.0;True;13318.0;True;13318.0;True;False
126.032000;113.969000;3660.0;3578.000000;12.547051;True;13335.0;True;13318.0;True;3670.0;True;13322.0;True;13322.0;True;False
126.157000;114.094000;3670.0;3578.000000;8.364701;True;13332.0;True;13322.0;True;3507.0;True;13332.0;True;13332.0;True;False
126.282000;114.219000;3507.0;3548.000000;0.000000;True;13340.0;True;13332.0;True;3507.0;True;13332.0;True;13332.0;True;False
126.407000;114.344000;3507.0;3507.000000;0.000000;True;13340.0;True;13332.0;True;3568.0;True;13340.0;True;13340.0;True;False
126.532000;114.469000;3568.0;3507.000000;0.000000;True;13340.0;True;13340.0;True;3752.0;True;13340.0;True;13340.0;True;False
126.672000;114.609000;3588.0;3568.000000;4.156276;True;13338.0;True;13340.0;True;3588.0;True;13346.0;True;13340.0;True;False
126.782000;114.719000;3588.0;3578.000000;0.000000;True;13338.0;True;13340.0;True;3650.0;True;13346.0;True;13346.0;True;False
126.907000;114.844000;3650.0;3588.000000;12.547051;True;13345.0;True;13346.0;True;3598.0;True;13338.0;True;13338.0;True;False
127.032000;114.969000;3598.0;3588.000000;0.000000;True;13345.0;True;13338.0;True;3558.0;True;13345.0;True;13345.0;True;False
127.157000;115.094000;3558.0;3588.000000;12.547051;True;13351.0;True;13345.0;True;3620.0;True;13345.0;True;13345.0;True;False
127.297000;115.234000;3620.0;3588.000000;0.000000;True;13361.0;True;13345.0;True;3507.0;True;13361.0;True;13361.0;True;False
127.407000;115.344000;3507.0;3588.000000;0.000000;True;13366.0;True;13361.0;True;3578.0;True;13361.0;True;13361.0;True;False
127.532000;115.469000;3578.0;3588.000000;0.000000;True;13380.0;True;13361.0;True;3537.0;True;13366.0;True;13366.0;True;False
127.641000;115.578000;3537.0;3588.000000;0.000000;True;13389.0;True;13366.0;True;3537.0;True;13389.0;True;13389.0;True;False
127.750000;115.687000;3620.0;3588.000000;0.000000;True;13408.0;True;13389.0;True;3620.0;True;13389.0;True;13389.0;True;False
127.860000;115.797000;3608.0;3598.000000;0.000000;True;13408.0;True;13389.0;True;3608.0;True;13408.0;True;13408.0;True;False
127.985000;115.922000;3558.0;3578.000000;0.000000;True;13408.0;True;13408.0;True;3588.0;True;13408.0;True;13408.0;True;False
128.094000;116.031000;3588.0;3578.000000;0.000000;True;13427.0;True;13408.0;True;3620.0;True;13427.0;True;13408.0;True;False
128.203000;116.140000;3588.0;3588.000000;4.355401;True;13427.0;True;13408.0;True;3558.0;True;13427.0;True;13427.0;True;False
128.328000;116.265000;3558.0;3578.000000;0.000000;True;13437.0;True;13427.0;True;3620.0;True;13437.0;True;13437.0;True;False
128.438000;116.375000;3620.0;3588.000000;4.384042;True;13450.0;True;13437.0;True;3588.0;True;13437.0;True;13437.0;True;False
128.563000;116.500000;3588.0;3588.000000;17.536168;True;13468.0;True;13437.0;True;3588.0;True;13450.0;True;13450.0;True;False
128.703000;116.640000;3598.0;3588.000000;35.278746;True;13468.0;True;13450.0;True;3598.0;True;13468.0;True;13468.0;True;False
128.828000;116.765000;3598.0;3588.000000;35.278746;True;13479.0;True;13468.0;True;3588.0;True;13479.0;True;13479.0;True;False
128.938000;116.875000;3588.0;3588.000000;8.826125;True;13479.0;True;13479.0;True;3660.0;True;13479.0;True;13479.0;True;False
129.047000;116.984000;3660.0;3588.000000;4.415011;True;13496.0;True;13479.0;True;3620.0;True;13479.0;True;13479.0;True;False
129.157000;117.094000;3578.0;3588.000000;0.000000;True;13496.0;True;13479.0;True;3578.0;True;13496.0;True;13479.0;True;False
129.266000;117.203000;3660.0;3598.000000;4.476276;True;13496.0;True;13496.0;True;3660.0;True;13496.0;True;13496.0;True;False
129.391000;117.328000;3660.0;3598.000000;4.476276;True;13516.0;True;13496.0;True;3588.0;True;13496.0;True;13496.0;True;False
129.516000;117.453000;3588.0;3598.000000;4.506534;True;13516.0;True;13496.0;True;3630.0;True;13516.0;True;13516.0;True;False
129.641000;117.578000;3630.0;3598.000000;4.476276;True;13529.0;True;13516.0;True;3588.0;True;13529.0;True;13529.0;True;False
129.766000;117.703000;3588.0;3598.000000;4.476276;True;13539.0;True;13529.0;True;3588.0;True;13529.0;True;13529.0;True;False
129.875000;117.812000;3588.0;3588.000000;0.000000;True;13552.0;True;13529.0;True;3630.0;True;13539.0;True;13539.0;True;False
130.000000;117.937000;3630.0;3630.000000;18.666667;True;13552.0;True;13539.0;True;3650.0;True;13552.0;True;13552.0;True;False
130.110000;118.047000;3650.0;3630.000000;14.222222;True;13552.0;True;13552.0;True;3701.0;True;13552.0;True;13552.0;True;False
130.235000;118.172000;3701.0;3630.000000;23.111111;True;13572.0;True;13552.0;True;3680.0;True;13572.0;True;13572.0;True;False
130.344000;118.281000;3680.0;3630.000000;23.111111;True;13585.0;True;13572.0;True;3630.0;True;13572.0;True;13572.0;True;False
130.453000;118.390000;3691.0;3630.000000;18.666667;True;13585.0;True;13572.0;True;3691.0;True;13585.0;True;13572.0;True;False
130.563000;118.500000;3691.0;3650.000000;32.214765;True;13592.0;True;13585.0;True;3691.0;True;13592.0;True;13585.0;True;False
130.672000;118.609000;3670.0;3670.000000;36.705461;True;13592.0;True;13592.0;True;3721.0;True;13592.0;True;13592.0;True;False
130.813000;118.750000;3721.0;3680.000000;40.888889;True;13601.0;True;13592.0;True;3701.0;True;13592.0;True;13592.0;True;False
130.922000;118.859000;3701.0;3691.000000;46.417305;True;13606.0;True;13592.0;True;3701.0;True;13606.0;True;13592.0;True;False
131.032000;118.969000;3701.0;3691.000000;46.733212;True;13614.0;True;13592.0;True;3802.0;True;13606.0;True;13606.0;True;False
131.157000;119.094000;3802.0;3701.000000;50.923840;True;13613.0;True;13606.0;True;3731.0;True;13614.0;True;13614.0;True;False
131.282000;119.219000;3731.0;3701.000000;50.559284;True;13613.0;True;13614.0;True;3782.0;True;13613.0;True;13613.0;True;False
131.407000;119.344000;3782.0;3701.000000;50.222222;True;13622.0;True;13613.0;True;3680.0;True;13613.0;True;13613.0;True;False
131.547000;119.484000;3680.0;3701.000000;45.155633;True;13622.0;True;13613.0;True;3721.0;True;13622.0;True;13622.0;True;False
131.672000;119.609000;3721.0;3721.000000;53.923718;True;13640.0;True;13622.0;True;3701.0;True;13622.0;True;13622.0;True;False
131.797000;119.734000;3701.0;3721.000000;53.923718;True;13640.0;True;13622.0;True;3792.0;True;13640.0;True;13640.0;True;False
131.922000;119.859000;3792.0;3721.000000;53.923718;True;13650.0;True;13640.0;True;3752.0;True;13640.0;True;13640.0;True;False
132.047000;119.984000;3752.0;3731.000000;58.307760;True;13653.0;True;13640.0;True;3853.0;True;13650.0;True;13650.0;True;False
132.188000;120.125000;3853.0;3752.000000;70.903588;True;13659.0;True;13650.0;True;3812.0;True;13653.0;True;13653.0;True;False
132.313000;120.250000;3823.0;3752.000000;52.745352;True;13659.0;True;13653.0;True;3915.0;True;13659.0;True;13659.0;True;False
132.407000;120.344000;3915.0;3782.000000;66.173269;True;13661.0;True;13659.0;True;3823.0;True;13659.0;True;13659.0;True;False
132.532000;120.469000;3823.0;3792.000000;70.526774;True;13659.0;True;13659.0;True;3843.0;True;13661.0;True;13661.0;True;False
132.657000;120.594000;3843.0;3823.000000;83.441418;True;13659.0;True;13661.0;True;3945.0;True;13659.0;True;13659.0;True;False
132.782000;120.719000;3945.0;3823.000000;82.868184;True;13661.0;True;13659.0;True;3833.0;True;13659.0;True;13659.0;True;False
132.922000;120.859000;3833.0;3833.000000;77.575244;True;13655.0;True;13659.0;True;3802.0;True;13661.0;True;13661.0;True;False
133.032000;120.969000;3802.0;3833.000000;69.067797;True;13658.0;True;13661.0;True;3782.0;True;13655.0;True;13661.0;True;False
133.141000;121.078000;3782.0;3833.000000;65.721649;True;13665.0;True;13655.0;True;3792.0;True;13665.0;True;13655.0;True;False
133.250000;121.187000;3843.0;3833.000000;60.996564;True;13678.0;True;13665.0;True;3843.0;True;13674.0;True;13665.0;True;False
133.360000;121.297000;3762.0;3833.000000;60.996564;True;13678.0;True;13674.0;True;3762.0;True;13678.0;True;13674.0;True;False
133.469000;121.406000;3792.0;3823.000000;52.768166;True;13678.0;True;13678.0;True;3792.0;True;13678.0;True;13678.0;True;False
133.594000;121.531000;3966.0;3833.000000;57.093426;True;13698.0;True;13678.0;True;3762.0;True;13698.0;True;13698.0;True;False
133.703000;121.640000;3762.0;3802.000000;43.989547;True;13698.0;True;13698.0;True;3843.0;True;13698.0;True;13698.0;True;False
133.813000;121.750000;3843.0;3802.000000;44.571933;True;13706.0;True;13698.0;True;3966.0;True;13706.0;True;13698.0;True;False
133.922000;121.859000;3812.0;3802.000000;36.000000;True;13712.0;True;13706.0;True;3812.0;True;13712.0;True;13706.0;True;False
134.032000;121.969000;3812.0;3812.000000;40.715884;True;13721.0;True;13706.0;True;3873.0;True;13712.0;True;13712.0;True;False
134.172000;122.109000;3873.0;3812.000000;40.444444;True;13721.0;True;13712.0;True;3895.0;True;13721.0;True;13721.0;True;False
134.297000;122.234000;3895.0;3812.000000;36.000000;True;13729.0;True;13721.0;True;3823.0;True;13721.0;True;13721.0;True;False
134.407000;122.344000;3823.0;3823.000000;31.996395;True;13729.0;True;13721.0;True;3915.0;True;13729.0;True;13729.0;True;False
134.532000;122.469000;3915.0;3843.000000;41.009464;True;13738.0;True;13729.0;True;3833.0;True;13738.0;True;13738.0;True;False
134.657000;122.594000;3833.0;3833.000000;22.666667;True;13741.0;True;13738.0;True;3772.0;True;13738.0;True;13738.0;True;False
134.766000;122.703000;3772.0;3833.000000;18.352731;True;13765.0;True;13738.0;True;3883.0;True;13741.0;True;13741.0;True;False
134.875000;122.812000;3833.0;3833.000000;4.508566;True;13765.0;True;13741.0;True;3802.0;True;13765.0;True;13765.0;True;False
135.000000;122.937000;3802.0;3833.000000;4.508566;True;13775.0;True;13765.0;True;4027.0;True;13775.0;True;13775.0;True;False
135.125000;123.062000;4027.0;3833.000000;0.000000;True;13788.0;True;13775.0;True;3863.0;True;13775.0;True;13775.0;True;False
135.235000;123.172000;3863.0;3833.000000;0.000000;True;13788.0;True;13775.0;True;4027.0;True;13788.0;True;13775.0;True;False
135.344000;123.281000;4016.0;3833.000000;0.000000;True;13792.0;True;13788.0;True;4016.0;True;13792.0;True;13788.0;True;False
135.453000;123.390000;4016.0;3863.000000;13.617794;True;13792.0;True;13788.0;True;3956.0;True;13792.0;True;13792.0;True;False
135.578000;123.515000;3956.0;3863.000000;13.525699;True;13791.0;True;13792.0;True;3925.0;True;13792.0;True;13792.0;True;False
135.719000;123.656000;4016.0;3956.000000;59.111111;True;13791.0;True;13792.0;True;3976.0;True;13791.0;True;13791.0;True;False
135.828000;123.765000;3976.0;3976.000000;64.010743;True;13789.0;True;13791.0;True;3812.0;True;13791.0;True;13791.0;True;False
135.938000;123.875000;3812.0;3976.000000;77.852349;True;13791.0;True;13791.0;True;3915.0;True;13789.0;True;13791.0;True;False
136.063000;124.000000;4006.0;4006.000000;90.666667;True;13806.0;True;13789.0;True;4006.0;True;13806.0;True;13806.0;True;False
136.172000;124.109000;3833.0;3976.000000;77.333333;True;13806.0;True;13806.0;True;4037.0;True;13806.0;True;13806.0;True;False
136.313000;124.250000;4037.0;4006.000000;85.050416;True;13820.0;True;13806.0;True;3986.0;True;13820.0;True;13806.0;True;False
136.407000;124.344000;4037.0;4006.000000;86.800895;True;13820.0;True;13806.0;True;3843.0;True;13820.0;True;13820.0;True;False
136.532000;124.469000;3843.0;3976.000000;73.378076;True;13819.0;True;13820.0;True;4037.0;True;13819.0;True;13819.0;True;False
136.657000;124.594000;4037.0;4006.000000;81.333333;True;13833.0;True;13819.0;True;4016.0;True;13819.0;True;13819.0;True;False
136.782000;124.719000;4016.0;4006.000000;72.444444;True;13834.0;True;13819.0;True;4047.0;True;13833.0;True;13833.0;True;False
136.907000;124.844000;4047.0;4016.000000;81.333333;True;13834.0;True;13833.0;True;3956.0;True;13834.0;True;13834.0;True;False
137.047000;124.984000;3956.0;4016.000000;80.227970;True;13833.0;True;13834.0;True;4027.0;True;13833.0;True;13833.0;True;False
137.172000;125.109000;4027.0;4027.000000;84.457989;True;13842.0;True;13833.0;True;4047.0;True;13833.0;True;13833.0;True;False
137.297000;125.234000;4047.0;4037.000000;88.811493;True;13843.0;True;13833.0;True;4047.0;True;13842.0;True;13842.0;True;False
137.407000;125.344000;4047.0;4037.000000;89.395267;True;13843.0;True;13842.0;True;4047.0;True;13843.0;True;13843.0;True;False
137.516000;125.453000;4047.0;4037.000000;89.434459;True;13843.0;True;13843.0;True;4037.0;True;13843.0;True;13843.0;True;False
137.625000;125.562000;4037.0;4037.000000;89.434459;True;13843.0;True;13843.0;True;4057.0;True;13843.0;True;13843.0;True;False
137.750000;125.687000;4077.0;4047.000000;80.104484;True;13845.0;True;13843.0;True;4077.0;True;13845.0;True;13843.0;True;False
137.860000;125.797000;4027.0;4047.000000;80.631025;True;13845.0;True;13845.0;True;4027.0;True;13845.0;True;13845.0;True;False
137.969000;125.906000;4027.0;4037.000000;36.000000;True;13844.0;True;13845.0;True;4057.0;True;13845.0;True;13845.0;True;False
138.078000;126.015000;4057.0;4047.000000;31.555556;True;13850.0;True;13845.0;True;4098.0;True;13844.0;True;13844.0;True;False
138.203000;126.140000;4098.0;4047.000000;31.346578;True;13850.0;True;13844.0;True;4108.0;True;13850.0;True;13850.0;True;False
138.313000;126.250000;4108.0;4047.000000;18.222222;True;13850.0;True;13850.0;True;4160.0;True;13850.0;True;13850.0;True;False
138.422000;126.359000;4160.0;4057.000000;36.000000;True;13848.0;True;13850.0;True;4138.0;True;13848.0;True;13850.0;True;False
138.532000;126.469000;4128.0;4077.000000;31.996395;True;13848.0;True;13848.0;True;4128.0;True;13848.0;True;13848.0;True;False
138.641000;126.578000;4128.0;4098.000000;41.181737;True;13843.0;True;13848.0;True;4200.0;True;13848.0;True;13848.0;True;False
138.766000;126.703000;4200.0;4108.000000;59.086840;True;13834.0;True;13848.0;True;4138.0;True;13843.0;True;13843.0;True;False
138.875000;126.812000;4138.0;4128.000000;55.004509;True;13834.0;True;13843.0;True;4231.0;True;13834.0;True;13834.0;True;False
139.000000;126.937000;4231.0;4128.000000;55.004509;True;13833.0;True;13834.0;True;4108.0;True;13833.0;True;13833.0;True;False
139.141000;127.078000;4108.0;4128.000000;50.134288;True;13825.0;True;13833.0;True;4170.0;True;13833.0;True;13833.0;True;False
139.266000;127.203000;4170.0;4138.000000;54.979721;True;13825.0;True;13833.0;True;4210.0;True;13825.0;True;13825.0;True;False
139.391000;127.328000;4210.0;4160.000000;59.936909;True;13825.0;True;13825.0;True;4251.0;True;13825.0;True;13825.0;True;False
139.516000;127.453000;4251.0;4170.000000;59.936909;True;13813.0;True;13825.0;True;4251.0;True;13821.0;True;13821.0;True;False
139.641000;127.578000;4251.0;4200.000000;72.963295;True;13813.0;True;13821.0;True;4241.0;True;13813.0;True;13813.0;True;False
139.766000;127.703000;4261.0;4210.000000;76.888889;True;13813.0;True;13813.0;True;4261.0;True;13813.0;True;13813.0;True;False
139.891000;127.828000;4261.0;4231.000000;85.613416;True;13806.0;True;13813.0;True;4291.0;True;13806.0;True;13806.0;True;False
140.000000;127.937000;4291.0;4251.000000;90.666667;True;13806.0;True;13806.0;True;4210.0;True;13806.0;True;13806.0;True;False
140.110000;128.047000;4261.0;4251.000000;90.666667;True;13806.0;True;13806.0;True;4261.0;True;13806.0;True;13806.0;True;False
140.219000;128.156000;4291.0;4261.000000;99.555556;True;13790.0;True;13806.0;True;4291.0;True;13790.0;True;13806.0;True;False
140.328000;128.265000;4291.0;4261.000000;95.111111;True;13790.0;True;13806.0;True;4271.0;True;13790.0;True;13790.0;True;False
140.453000;128.390000;4271.0;4261.000000;95.111111;True;13782.0;True;13790.0;True;4261.0;True;13790.0;True;13790.0;True;False
140.578000;128.515000;4261.0;4261.000000;94.481236;True;13776.0;True;13790.0;True;4322.0;True;13776.0;True;13776.0;True;False
140.703000;128.640000;4322.0;4271.000000;93.818501;True;13763.0;True;13776.0;True;4373.0;True;13776.0;True;13776.0;True;False
140.828000;128.765000;4373.0;4291.000000;93.205575;True;13763.0;True;13776.0;True;4403.0;True;13763.0;True;13763.0;True;False
140.953000;128.890000;4403.0;4291.000000;83.477509;True;13751.0;True;13763.0;True;4373.0;True;13763.0;True;13763.0;True;False
141.078000;129.015000;4373.0;4291.000000;79.152249;True;13738.0;True;13763.0;True;4546.0;True;13738.0;True;13738.0;True;False
141.188000;129.125000;4546.0;4322.000000;83.873757;True;13704.0;True;13738.0;True;4393.0;True;13738.0;True;13738.0;True;False
141.328000;129.265000;4393.0;4373.000000;105.240550;True;13704.0;True;13738.0;True;4281.0;True;13704.0;True;13704.0;True;False
141.422000;129.359000;4281.0;4373.000000;107.409031;True;13693.0;True;13704.0;True;4536.0;True;13693.0;True;13693.0;True;False
141.547000;129.484000;4536.0;4373.000000;103.024989;True;13672.0;True;13693.0;True;4403.0;True;13693.0;True;13693.0;True;False
141.657000;129.594000;4281.0;4373.000000;93.998235;True;13672.0;True;13693.0;True;4281.0;True;13672.0;True;13693.0;True;False
141.766000;129.703000;4393.0;4393.000000;99.111111;True;13672.0;True;13672.0;True;4393.0;True;13672.0;True;13672.0;True;False
141.891000;129.828000;4373.0;4393.000000;85.777778;True;13665.0;True;13672.0;True;4373.0;True;13665.0;True;13672.0;True;False
142.016000;129.953000;4393.0;4393.000000;81.333333;True;13660.0;True;13665.0;True;4393.0;True;13660.0;True;13665.0;True;False
142.125000;130.062000;4393.0;4393.000000;72.515667;True;13660.0;True;13665.0;True;4373.0;True;13660.0;True;13660.0;True;False
142.250000;130.187000;4373.0;4393.000000;63.111111;True;13653.0;True;13660.0;True;4413.0;True;13660.0;True;13660.0;True;False
142.360000;130.297000;4413.0;4393.000000;63.111111;True;13642.0;True;13660.0;True;4445.0;True;13653.0;True;13653.0;True;False
142.485000;130.422000;4445.0;4393.000000;58.252427;True;13642.0;True;13653.0;True;4423.0;True;13642.0;True;13642.0;True;False
142.594000;130.531000;4423.0;4393.000000;58.252427;True;13633.0;True;13642.0;True;4506.0;True;13633.0;True;13633.0;True;False
142.719000;130.656000;4506.0;4393.000000;58.252427;True;13627.0;True;13633.0;True;4413.0;True;13633.0;True;13633.0;True;False
142.828000;130.765000;4566.0;4413.000000;67.555556;True;13615.0;True;13633.0;True;4566.0;True;13615.0;True;13633.0;True;False
142.938000;130.875000;4495.0;4423.000000;68.008949;True;13598.0;True;13615.0;True;4495.0;True;13598.0;True;13615.0;True;False
143.047000;130.984000;4495.0;4445.000000;69.400631;True;13588.0;True;13615.0;True;4587.0;True;13598.0;True;13598.0;True;False
143.172000;131.109000;4587.0;4495.000000;91.933303;True;13588.0;True;13598.0;True;4435.0;True;13588.0;True;13588.0;True;False
143.297000;131.234000;4435.0;4495.000000;91.933303;True;13568.0;True;13588.0;True;4587.0;True;13588.0;True;13588.0;True;False
143.438000;131.375000;4587.0;4495.000000;76.888889;True;13568.0;True;13588.0;True;4435.0;True;13568.0;True;13568.0;True;False
143.563000;131.500000;4435.0;4495.000000;54.586130;True;13551.0;True;13568.0;True;4475.0;True;13568.0;True;13568.0;True;False
143.688000;131.625000;4475.0;4495.000000;53.839365;True;13551.0;True;13568.0;True;4455.0;True;13551.0;True;13551.0;True;False
143.813000;131.750000;4455.0;4495.000000;53.839365;True;13543.0;True;13551.0;True;4506.0;True;13551.0;True;13551.0;True;False
143.938000;131.875000;4506.0;4495.000000;53.485313;True;13543.0;True;13551.0;True;4536.0;True;13543.0;True;13543.0;True;False
144.078000;132.015000;4536.0;4495.000000;44.117647;True;13529.0;True;13543.0;True;4506.0;True;13543.0;True;13543.0;True;False
144.203000;132.140000;4617.0;4506.000000;48.875433;True;13529.0;True;13543.0;True;4658.0;True;13529.0;True;13529.0;True;False
144.328000;132.265000;4658.0;4506.000000;48.875433;True;13515.0;True;13529.0;True;4638.0;True;13529.0;True;13529.0;True;False
144.438000;132.375000;4638.0;4536.000000;61.824470;True;13485.0;True;13529.0;True;4566.0;True;13515.0;True;13515.0;True;False
144.547000;132.484000;4566.0;4536.000000;62.255115;True;13485.0;True;13515.0;True;4638.0;True;13485.0;True;13515.0;True;False
144.657000;132.594000;4617.0;4566.000000;75.315629;True;13478.0;True;13485.0;True;4617.0;True;13478.0;True;13485.0;True;False
144.782000;132.719000;4536.0;4566.000000;75.315629;True;13467.0;True;13478.0;True;4638.0;True;13478.0;True;13478.0;True;False
144.891000;132.828000;4638.0;4617.000000;97.518502;True;13467.0;True;13478.0;True;4475.0;True;13467.0;True;13467.0;True;False
145.000000;132.937000;4475.0;4617.000000;98.202543;True;13452.0;True;13467.0;True;4546.0;True;13452.0;True;13452.0;True;False
145.125000;133.062000;4546.0;4617.000000;88.811493;True;13455.0;True;13452.0;True;4556.0;True;13452.0;True;13452.0;True;False
145.235000;133.172000;4485.0;4566.000000;62.255115;True;13452.0;True;13452.0;True;4485.0;True;13452.0;True;13452.0;True;False
145.344000;133.281000;4506.0;4546.000000;43.970396;True;13455.0;True;13452.0;True;4506.0;True;13455.0;True;13452.0;True;False
145.453000;133.390000;4506.0;4536.000000;17.974573;True;13455.0;True;13452.0;True;4526.0;True;13455.0;True;13455.0;True;False
145.563000;133.500000;4526.0;4526.000000;13.680494;True;13457.0;True;13455.0;True;4475.0;True;13457.0;True;13457.0;True;False
145.688000;133.625000;4475.0;4506.000000;4.888889;True;13462.0;True;13457.0;True;4495.0;True;13457.0;True;13457.0;True;False
145.813000;133.750000;4495.0;4506.000000;4.888889;True;13466.0;True;13457.0;True;4495.0;True;13462.0;True;13462.0;True;False
145.938000;133.875000;4495.0;4495.000000;0.000000;True;13466.0;True;13462.0;True;4587.0;True;13466.0;True;13466.0;True;False
146.063000;134.000000;4587.0;4506.000000;4.888889;True;13466.0;True;13466.0;True;4475.0;True;13466.0;True;13466.0;True;False
146.203000;134.140000;4475.0;4495.000000;0.000000;True;13463.0;True;13466.0;True;4536.0;True;13463.0;True;13463.0;True;False
146.328000;134.265000;4536.0;4506.000000;4.888889;True;13469.0;True;13463.0;True;4526.0;True;13463.0;True;13463.0;True;False
146.453000;134.390000;4526.0;4506.000000;0.000000;True;13474.0;True;13463.0;True;4485.0;True;13469.0;True;13469.0;True;False
146.578000;134.515000;4485.0;4495.000000;0.000000;True;13474.0;True;13469.0;True;4546.0;True;13474.0;True;13474.0;True;False
146.703000;134.640000;4546.0;4495.000000;0.000000;True;13483.0;True;13474.0;True;4506.0;True;13474.0;True;13474.0;True;False
146.828000;134.765000;4506.0;4506.000000;0.000000;True;13483.0;True;13474.0;True;4546.0;True;13483.0;True;13483.0;True;False
146.969000;134.906000;4546.0;4526.000000;0.000000;True;13493.0;True;13483.0;True;4597.0;True;13483.0;True;13483.0;True;False
147.078000;135.015000;4597.0;4536.000000;0.000000;True;13493.0;True;13483.0;True;4526.0;True;13493.0;True;13493.0;True;False
147.188000;135.125000;4526.0;4526.000000;0.000000;True;13492.0;True;13493.0;True;4546.0;True;13492.0;True;13492.0;True;False
147.297000;135.234000;4546.0;4536.000000;0.000000;True;13498.0;True;13492.0;True;4566.0;True;13492.0;True;13492.0;True;False
147.407000;135.344000;4566.0;4546.000000;0.000000;True;13498.0;True;13492.0;True;4617.0;True;13498.0;True;13492.0;True;False
147.516000;135.453000;4556.0;4546.000000;0.000000;True;13506.0;True;13498.0;True;4556.0;True;13506.0;True;13498.0;True;False
147.641000;135.578000;4536.0;4546.000000;0.000000;True;13510.0;True;13506.0;True;4536.0;True;13510.0;True;13506.0;True;False
147.750000;135.687000;4536.0;4546.000000;4.353505;True;13510.0;True;13506.0;True;4617.0;True;13510.0;True;13510.0;True;False
147.860000;135.797000;4617.0;4546.000000;8.707009;True;13517.0;True;13510.0;True;4536.0;True;13510.0;True;13510.0;True;False
147.985000;135.922000;4536.0;4546.000000;17.414018;True;13524.0;True;13510.0;True;4526.0;True;13517.0;True;13517.0;True;False
148.094000;136.031000;4526.0;4536.000000;13.152126;True;13533.0;True;13517.0;True;4556.0;True;13524.0;True;13524.0;True;False
148.203000;136.140000;4556.0;4546.000000;22.516556;True;13533.0;True;13524.0;True;4577.0;True;13533.0;True;13533.0;True;False
148.328000;136.265000;4577.0;4556.000000;22.075055;True;13539.0;True;13533.0;True;4607.0;True;13533.0;True;13533.0;True;False
148.453000;136.390000;4607.0;4556.000000;27.111111;True;13545.0;True;13533.0;True;4597.0;True;13545.0;True;13533.0;True;False
148.563000;136.500000;4566.0;4556.000000;22.371365;True;13555.0;True;13545.0;True;4566.0;True;13548.0;True;13545.0;True;False
148.672000;136.609000;4638.0;4566.000000;27.039207;True;13555.0;True;13548.0;True;4607.0;True;13555.0;True;13555.0;True;False
148.782000;136.719000;4607.0;4577.000000;37.205082;True;13555.0;True;13555.0;True;4577.0;True;13555.0;True;13555.0;True;False
148.891000;136.828000;4577.0;4577.000000;37.477148;True;13561.0;True;13555.0;True;4627.0;True;13561.0;True;13555.0;True;False
149.000000;136.937000;4577.0;4577.000000;32.688766;True;13568.0;True;13555.0;True;4658.0;True;13561.0;True;13561.0;True;False
149.141000;137.078000;4658.0;4577.000000;23.480663;True;13568.0;True;13561.0;True;4597.0;True;13568.0;True;13568.0;True;False
149.250000;137.187000;4597.0;4597.000000;28.084715;True;13569.0;True;13568.0;True;4678.0;True;13569.0;True;13568.0;True;False
149.375000;137.312000;4678.0;4607.000000;37.037037;True;13576.0;True;13569.0;True;4648.0;True;13569.0;True;13569.0;True;False
149.469000;137.406000;4648.0;4607.000000;32.688766;True;13576.0;True;13569.0;True;4688.0;True;13576.0;True;13576.0;True;False
149.578000;137.515000;4648.0;4638.000000;42.376785;True;13576.0;True;13569.0;True;4648.0;True;13576.0;True;13576.0;True;False
149.719000;137.656000;4688.0;4648.000000;46.300499;True;13579.0;True;13576.0;True;4607.0;True;13576.0;True;13576.0;True;False
149.844000;137.781000;4607.0;4648.000000;46.300499;True;13587.0;True;13576.0;True;4750.0;True;13579.0;True;13579.0;True;False
149.953000;137.890000;4750.0;4648.000000;46.300499;True;13587.0;True;13579.0;True;4577.0;True;13587.0;True;13587.0;True;False
150.063000;138.000000;4577.0;4648.000000;46.300499;True;13594.0;True;13587.0;True;4607.0;True;13587.0;True;13587.0;True;False
150.188000;138.125000;4607.0;4648.000000;46.300499;True;13602.0;True;13587.0;True;4556.0;True;13594.0;True;13594.0;True;False
150.313000;138.250000;4556.0;4648.000000;50.473186;True;13602.0;True;13594.0;True;4627.0;True;13602.0;True;13602.0;True;False
150.422000;138.359000;4627.0;4627.000000;36.502929;True;13615.0;True;13602.0;True;4617.0;True;13615.0;True;13615.0;True;False
150.563000;138.500000;4617.0;4617.000000;27.293065;True;13632.0;True;13615.0;True;4648.0;True;13615.0;True;13615.0;True;False
150.688000;138.625000;4607.0;4607.000000;22.818792;True;13632.0;True;13615.0;True;4730.0;True;13632.0;True;13632.0;True;False
150.797000;138.734000;4730.0;4607.000000;22.829006;True;13632.0;True;13632.0;True;4638.0;True;13632.0;True;13632.0;True;False
150.907000;138.844000;4638.0;4617.000000;22.818792;True;13642.0;True;13632.0;True;4617.0;True;13642.0;True;13632.0;True;False
151.016000;138.953000;4638.0;4617.000000;17.905103;True;13650.0;True;13632.0;True;4688.0;True;13642.0;True;13642.0;True;False
151.141000;139.078000;4688.0;4627.000000;22.222222;True;13650.0;True;13642.0;True;4638.0;True;13650.0;True;13650.0;True;False
151.282000;139.219000;4638.0;4638.000000;26.730938;True;13654.0;True;13650.0;True;4688.0;True;13654.0;True;13654.0;True;False
151.407000;139.344000;4688.0;4638.000000;26.919682;True;13668.0;True;13654.0;True;4556.0;True;13654.0;True;13654.0;True;False
151.532000;139.469000;4556.0;4638.000000;17.966696;True;13668.0;True;13654.0;True;4587.0;True;13668.0;True;13668.0;True;False
151.641000;139.578000;4587.0;4638.000000;13.680494;True;13668.0;True;13668.0;True;4617.0;True;13668.0;True;13668.0;True;False
151.750000;139.687000;4587.0;4638.000000;13.590530;True;13698.0;True;13668.0;True;4587.0;True;13698.0;True;13668.0;True;False
151.875000;139.812000;4516.0;4638.000000;0.000000;True;13698.0;True;13698.0;True;4516.0;True;13698.0;True;13698.0;True;False
151.985000;139.922000;4516.0;4587.000000;0.000000;True;13718.0;True;13698.0;True;4770.0;True;13698.0;True;13698.0;True;False
152.110000;140.047000;4648.0;4587.000000;0.000000;True;13718.0;True;13698.0;True;4516.0;True;13718.0;True;13718.0;True;False
152.235000;140.172000;4516.0;4587.000000;0.000000;True;13727.0;True;13718.0;True;4658.0;True;13718.0;True;13718.0;True;False
152.344000;140.281000;4658.0;4587.000000;0.000000;True;13756.0;True;13718.0;True;4740.0;True;13727.0;True;13727.0;True;False
152.469000;140.406000;4740.0;4587.000000;0.000000;True;13756.0;True;13727.0;True;4698.0;True;13756.0;True;13756.0;True;False
152.578000;140.515000;4698.0;4587.000000;0.000000;True;13759.0;True;13756.0;True;4710.0;True;13759.0;True;13759.0;True;False
152.703000;140.640000;4710.0;4648.000000;9.206488;True;13765.0;True;13759.0;True;4678.0;True;13759.0;True;13759.0;True;False
152.813000;140.750000;4678.0;4658.000000;18.222222;True;13771.0;True;13759.0;True;4698.0;True;13765.0;True;13759.0;True;False
152.922000;140.859000;4678.0;4678.000000;31.781558;True;13780.0;True;13759.0;True;4710.0;True;13765.0;True;13765.0;True;False
153.047000;140.984000;4710.0;4678.000000;31.555556;True;13780.0;True;13765.0;True;4678.0;True;13780.0;True;13780.0;True;False
153.172000;141.109000;4678.0;4678.000000;26.931567;True;13796.0;True;13780.0;True;4781.0;True;13780.0;True;13780.0;True;False
153.313000;141.250000;4638.0;4678.000000;26.556378;True;13796.0;True;13780.0;True;4710.0;True;13796.0;True;13796.0;True;False
153.438000;141.375000;4710.0;4698.000000;30.909882;True;13809.0;True;13796.0;True;4638.0;True;13809.0;True;13809.0;True;False
153.563000;141.500000;4638.0;4678.000000;17.536168;True;13816.0;True;13809.0;True;4872.0;True;13809.0;True;13809.0;True;False
153.688000;141.625000;4872.0;4678.000000;17.536168;True;13825.0;True;13809.0;True;4892.0;True;13816.0;True;13816.0;True;False
153.797000;141.734000;4892.0;4678.000000;17.660044;True;13825.0;True;13816.0;True;4902.0;True;13825.0;True;13825.0;True;False
153.907000;141.844000;4902.0;4710.000000;31.774051;True;13819.0;True;13825.0;True;4770.0;True;13819.0;True;13819.0;True;False
154.016000;141.953000;4923.0;4710.000000;31.774051;True;13813.0;True;13819.0;True;4923.0;True;13813.0;True;13819.0;True;False
154.141000;142.078000;4831.0;4831.000000;85.172109;True;13813.0;True;13813.0;True;4831.0;True;13813.0;True;13813.0;True;False
154.250000;142.187000;4831.0;4831.000000;107.726269;True;13805.0;True;13813.0;True;4831.0;True;13813.0;True;13813.0;True;False
154.375000;142.312000;4831.0;4831.000000;107.726269;True;13806.0;True;13813.0;True;4831.0;True;13805.0;True;13805.0;True;False
154.500000;142.437000;4831.0;4831.000000;107.726269;True;13806.0;True;13805.0;True;4862.0;True;13806.0;True;13806.0;True;False
154.625000;142.562000;4862.0;4862.000000;120.561157;True;13806.0;True;13806.0;True;4730.0;True;13806.0;True;13806.0;True;False
154.766000;142.703000;4730.0;4831.000000;106.225512;True;13815.0;True;13806.0;True;4791.0;True;13806.0;True;13806.0;True;False
154.891000;142.828000;4791.0;4831.000000;105.490705;True;13815.0;True;13806.0;True;4760.0;True;13815.0;True;13815.0;True;False
155.016000;142.953000;4760.0;4831.000000;79.118029;True;13828.0;True;13815.0;True;4963.0;True;13815.0;True;13815.0;True;False
155.141000;143.078000;4963.0;4831.000000;74.312715;True;13828.0;True;13815.0;True;4943.0;True;13828.0;True;13828.0;True;False
155.266000;143.203000;4943.0;4831.000000;65.273038;True;13815.0;True;13828.0;True;4973.0;True;13828.0;True;13828.0;True;False
155.391000;143.328000;4973.0;4831.000000;65.273038;True;13815.0;True;13828.0;True;4872.0;True;13815.0;True;13815.0;True;False
155.500000;143.437000;4872.0;4862.000000;79.037801;True;13807.0;True;13815.0;True;4953.0;True;13807.0;True;13807.0;True;False
155.610000;143.547000;4953.0;4872.000000;84.457989;True;13808.0;True;13807.0;True;4995.0;True;13807.0;True;13807.0;True;False
155.735000;143.672000;4995.0;4943.000000;106.660862;True;13808.0;True;13807.0;True;4913.0;True;13808.0;True;13807.0;True;False
155.844000;143.781000;4995.0;4953.000000;120.561157;True;13796.0;True;13808.0;True;4995.0;True;13796.0;True;13808.0;True;False
155.953000;143.890000;5015.0;4963.000000;125.827815;True;13796.0;True;13796.0;True;5015.0;True;13796.0;True;13796.0;True;False
156.063000;144.000000;5015.0;4973.000000;130.185349;True;13796.0;True;13796.0;True;5005.0;True;13796.0;True;13796.0;True;False
156.172000;144.109000;5005.0;4995.000000;125.827815;True;13788.0;True;13796.0;True;5005.0;True;13796.0;True;13796.0;True;False
156.297000;144.234000;5005.0;4995.000000;124.945199;True;13781.0;True;13796.0;True;5015.0;True;13788.0;True;13788.0;True;False
156.422000;144.359000;5015.0;5005.000000;76.282332;True;13781.0;True;13788.0;True;4923.0;True;13781.0;True;13781.0;True;False
156.547000;144.484000;4923.0;5005.000000;75.750980;True;13774.0;True;13781.0;True;5015.0;True;13781.0;True;13781.0;True;False
156.657000;144.594000;5015.0;5005.000000;76.248904;True;13774.0;True;13781.0;True;4953.0;True;13774.0;True;13781.0;True;False
156.782000;144.719000;4913.0;5005.000000;76.248904;True;13768.0;True;13774.0;True;5046.0;True;13768.0;True;13768.0;True;False
156.891000;144.828000;5046.0;5015.000000;67.519859;True;13771.0;True;13768.0;True;5015.0;True;13768.0;True;13768.0;True;False
157.000000;144.937000;5046.0;5015.000000;82.363474;True;13771.0;True;13768.0;True;5015.0;True;13768.0;True;13768.0;True;False
157.141000;145.078000;5015.0;5015.000000;81.777778;True;13763.0;True;13768.0;True;5106.0;True;13771.0;True;13771.0;True;False
157.250000;145.187000;5106.0;5015.000000;82.363474;True;13748.0;True;13771.0;True;5056.0;True;13763.0;True;13763.0;True;False
157.360000;145.297000;5086.0;5015.000000;82.920234;True;13748.0;True;13763.0;True;5086.0;True;13748.0;True;13763.0;True;False
157.469000;145.406000;5106.0;5046.000000;97.594190;True;13739.0;True;13748.0;True;5015.0;True;13739.0;True;13739.0;True;False
157.578000;145.515000;5015.0;5046.000000;98.308185;True;13729.0;True;13739.0;True;5096.0;True;13729.0;True;13729.0;True;False
157.688000;145.625000;5015.0;5046.000000;84.095064;True;13729.0;True;13739.0;True;5076.0;True;13729.0;True;13729.0;True;False
157.828000;145.765000;5076.0;5046.000000;78.449053;True;13721.0;True;13729.0;True;5025.0;True;13727.0;True;13727.0;True;False
157.953000;145.890000;5025.0;5046.000000;46.438233;True;13721.0;True;13727.0;True;5147.0;True;13721.0;True;13721.0;True;False
158.078000;146.015000;5147.0;5076.000000;55.058192;True;13708.0;True;13721.0;True;5025.0;True;13721.0;True;13721.0;True;False
158.203000;146.140000;5025.0;5076.000000;50.222222;True;13708.0;True;13721.0;True;5137.0;True;13708.0;True;13708.0;True;False
158.328000;146.265000;5137.0;5076.000000;45.474614;True;13708.0;True;13708.0;True;5117.0;True;13708.0;True;13708.0;True;False
158.438000;146.375000;5117.0;5076.000000;35.745808;True;13699.0;True;13708.0;True;5137.0;True;13699.0;True;13708.0;True;False
158.547000;146.484000;5096.0;5076.000000;36.000000;True;13688.0;True;13699.0;True;5096.0;True;13699.0;True;13699.0;True;False
158.672000;146.609000;5117.0;5096.000000;40.444444;True;13688.0;True;13699.0;True;5117.0;True;13688.0;True;13688.0;True;False
158.782000;146.719000;5086.0;5096.000000;40.715884;True;13688.0;True;13688.0;True;5177.0;True;13688.0;True;13688.0;True;False
158.891000;146.828000;5177.0;5117.000000;50.134288;True;13681.0;True;13688.0;True;5076.0;True;13681.0;True;13688.0;True;False
159.000000;146.937000;5177.0;5117.000000;50.495942;True;13681.0;True;13688.0;True;5147.0;True;13681.0;True;13681.0;True;False
159.125000;147.062000;5147.0;5117.000000;45.658013;True;13672.0;True;13681.0;True;5208.0;True;13681.0;True;13681.0;True;False
159.266000;147.203000;5208.0;5137.000000;53.839365;True;13655.0;True;13681.0;True;5106.0;True;13672.0;True;13672.0;True;False
159.375000;147.312000;5106.0;5117.000000;45.658013;True;13655.0;True;13672.0;True;5218.0;True;13655.0;True;13655.0;True;False
159.500000;147.437000;5218.0;5147.000000;58.666667;True;13644.0;True;13655.0;True;5157.0;True;13655.0;True;13655.0;True;False
159.625000;147.562000;5157.0;5157.000000;62.693157;True;13644.0;True;13655.0;True;5238.0;True;13644.0;True;13644.0;True;False
159.750000;147.687000;5238.0;5177.000000;57.430951;True;13629.0;True;13644.0;True;5248.0;True;13644.0;True;13644.0;True;False
159.875000;147.812000;5248.0;5177.000000;57.030910;True;13629.0;True;13644.0;True;5260.0;True;13629.0;True;13629.0;True;False
160.016000;147.953000;5260.0;5208.000000;69.587629;True;13608.0;True;13629.0;True;5248.0;True;13629.0;True;13629.0;True;False
160.141000;148.078000;5248.0;5218.000000;74.362300;True;13608.0;True;13629.0;True;5208.0;True;13608.0;True;13608.0;True;False
160.250000;148.187000;5208.0;5218.000000;74.880279;True;13594.0;True;13608.0;True;5351.0;True;13608.0;True;13608.0;True;False
160.360000;148.297000;5351.0;5238.000000;70.990359;True;13594.0;True;13608.0;True;5270.0;True;13594.0;True;13608.0;True;False
160.469000;148.406000;5147.0;5238.000000;71.491615;True;13579.0;True;13594.0;True;5361.0;True;13594.0;True;13594.0;True;False
160.594000;148.531000;5361.0;5248.000000;75.904678;True;13579.0;True;13594.0;True;5260.0;True;13579.0;True;13579.0;True;False
160.719000;148.656000;5260.0;5248.000000;75.405524;True;13579.0;True;13579.0;True;5157.0;True;13579.0;True;13579.0;True;False
160.828000;148.765000;5260.0;5260.000000;80.666374;True;13556.0;True;13579.0;True;5270.0;True;13579.0;True;13579.0;True;False
160.938000;148.875000;5270.0;5260.000000;72.374228;True;13556.0;True;13579.0;True;5270.0;True;13556.0;True;13556.0;True;False
161.047000;148.984000;5270.0;5260.000000;72.406181;True;13556.0;True;13556.0;True;5208.0;True;13556.0;True;13556.0;True;False
161.172000;149.109000;5218.0;5260.000000;62.691802;True;13549.0;True;13556.0;True;5218.0;True;13549.0;True;13549.0;True;False
161.282000;149.219000;5218.0;5260.000000;62.664330;True;13547.0;True;13549.0;True;5106.0;True;13547.0;True;13547.0;True;False
161.407000;149.344000;5106.0;5260.000000;62.664330;True;13547.0;True;13547.0;True;5188.0;True;13547.0;True;13547.0;True;False
161.516000;149.453000;5260.0;5260.000000;54.666667;True;13554.0;True;13547.0;True;5260.0;True;13547.0;True;13547.0;True;False
161.625000;149.562000;5260.0;5260.000000;63.555556;True;13549.0;True;13547.0;True;5167.0;True;13547.0;True;13547.0;True;False
161.750000;149.687000;5167.0;5260.000000;50.222222;True;13549.0;True;13547.0;True;5341.0;True;13549.0;True;13549.0;True;False
161.860000;149.797000;5341.0;5260.000000;46.085011;True;13543.0;True;13549.0;True;5341.0;True;13549.0;True;13549.0;True;False
161.985000;149.922000;5341.0;5260.000000;37.136465;True;13543.0;True;13549.0;True;5381.0;True;13543.0;True;13543.0;True;False
162.110000;150.047000;5381.0;5260.000000;37.136465;True;13543.0;True;13543.0;True;5157.0;True;13543.0;True;13543.0;True;False
162.235000;150.172000;5157.0;5260.000000;23.433979;True;13530.0;True;13543.0;True;5270.0;True;13543.0;True;13543.0;True;False
162.360000;150.297000;5270.0;5260.000000;18.927445;True;13533.0;True;13543.0;True;5218.0;True;13530.0;True;13543.0;True;False
162.485000;150.422000;5238.0;5260.000000;18.791946;True;13533.0;True;13530.0;True;5361.0;True;13533.0;True;13533.0;True;False
162.594000;150.531000;5361.0;5270.000000;14.324082;True;13533.0;True;13533.0;True;5248.0;True;13533.0;True;13533.0;True;False
162.719000;150.656000;5248.0;5270.000000;14.222222;True;13524.0;True;13533.0;True;5452.0;True;13524.0;True;13524.0;True;False
162.828000;150.765000;5452.0;5341.000000;41.629364;True;13525.0;True;13524.0;True;5422.0;True;13524.0;True;13524.0;True;False
162.953000;150.890000;5300.0;5300.000000;23.276634;True;13509.0;True;13524.0;True;5300.0;True;13509.0;True;13524.0;True;False
163.063000;151.000000;5452.0;5300.000000;17.897092;True;13507.0;True;13509.0;True;5452.0;True;13507.0;True;13509.0;True;False
163.172000;151.109000;5432.0;5300.000000;17.905103;True;13493.0;True;13507.0;True;5280.0;True;13507.0;True;13507.0;True;False
163.282000;151.219000;5432.0;5361.000000;45.190157;True;13493.0;True;13507.0;True;5422.0;True;13507.0;True;13507.0;True;False
163.407000;151.344000;5422.0;5422.000000;72.483221;True;13471.0;True;13507.0;True;5321.0;True;13493.0;True;13493.0;True;False
163.547000;151.484000;5321.0;5422.000000;71.523179;True;13471.0;True;13493.0;True;5300.0;True;13471.0;True;13471.0;True;False
163.672000;151.609000;5300.0;5422.000000;71.523179;True;13471.0;True;13471.0;True;5310.0;True;13471.0;True;13471.0;True;False
163.782000;151.719000;5310.0;5422.000000;71.491615;True;13471.0;True;13471.0;True;5248.0;True;13471.0;True;13471.0;True;False
163.907000;151.844000;5248.0;5321.000000;26.730938;True;13471.0;True;13471.0;True;5280.0;True;13471.0;True;13471.0;True;False
164.047000;151.984000;5280.0;5321.000000;26.556378;True;13480.0;True;13471.0;True;5493.0;True;13471.0;True;13471.0;True;False
164.157000;152.094000;5493.0;5321.000000;26.556378;True;13480.0;True;13471.0;True;5270.0;True;13480.0;True;13480.0;True;False
164.282000;152.219000;5270.0;5310.000000;21.767523;True;13473.0;True;13480.0;True;5483.0;True;13480.0;True;13480.0;True;False
164.407000;152.344000;5483.0;5310.000000;21.767523;True;13462.0;True;13480.0;True;5331.0;True;13473.0;True;13473.0;True;False
164.532000;152.469000;5331.0;5310.000000;21.767523;True;13462.0;True;13473.0;True;5321.0;True;13462.0;True;13462.0;True;False
164.641000;152.578000;5321.0;5310.000000;21.920210;True;13463.0;True;13462.0;True;5483.0;True;13463.0;True;13463.0;True;False
164.766000;152.703000;5331.0;5321.000000;26.742657;True;13469.0;True;13463.0;True;5331.0;True;13463.0;True;13463.0;True;False
164.891000;152.828000;5341.0;5331.000000;26.556378;True;13469.0;True;13463.0;True;5381.0;True;13469.0;True;13469.0;True;False
165.016000;152.953000;5381.0;5331.000000;26.556378;True;13471.0;True;13469.0;True;5351.0;True;13471.0;True;13471.0;True;False
165.125000;153.062000;5351.0;5341.000000;0.000000;True;13471.0;True;13471.0;True;5300.0;True;13471.0;True;13471.0;True;False
165.235000;153.172000;5300.0;5331.000000;13.584575;True;13473.0;True;13471.0;True;5381.0;True;13471.0;True;13471.0;True;False
165.375000;153.312000;5290.0;5331.000000;13.408304;True;13480.0;True;13471.0;True;5290.0;True;13480.0;True;13480.0;True;False
165.485000;153.422000;5280.0;5331.000000;13.402508;True;13487.0;True;13480.0;True;5381.0;True;13487.0;True;13487.0;True;False
165.594000;153.531000;5381.0;5331.000000;0.000000;True;13496.0;True;13487.0;True;5300.0;True;13487.0;True;13487.0;True;False
165.703000;153.640000;5300.0;5331.000000;0.000000;True;13496.0;True;13487.0;True;5331.0;True;13496.0;True;13487.0;True;False
165.813000;153.750000;5422.0;5341.000000;0.000000;True;13506.0;True;13496.0;True;5422.0;True;13506.0;True;13496.0;True;False
165.922000;153.859000;5422.0;5351.000000;0.000000;True;13505.0;True;13496.0;True;5392.0;True;13506.0;True;13506.0;True;False
166.032000;153.969000;5392.0;5351.000000;0.000000;True;13505.0;True;13506.0;True;5321.0;True;13505.0;True;13505.0;True;False
166.172000;154.109000;5321.0;5321.000000;0.000000;True;13506.0;True;13505.0;True;5351.0;True;13505.0;True;13505.0;True;False
166.297000;154.234000;5351.0;5351.000000;13.333333;True;13519.0;True;13505.0;True;5290.0;True;13506.0;True;13506.0;True;False
166.422000;154.359000;5290.0;5351.000000;13.245033;True;13519.0;True;13506.0;True;5331.0;True;13519.0;True;13519.0;True;False
166.547000;154.484000;5331.0;5351.000000;18.101545;True;13530.0;True;13519.0;True;5371.0;True;13530.0;True;13530.0;True;False
166.672000;154.609000;5371.0;5351.000000;18.101545;True;13538.0;True;13530.0;True;5361.0;True;13530.0;True;13530.0;True;False
166.797000;154.734000;5361.0;5361.000000;22.516556;True;13549.0;True;13530.0;True;5381.0;True;13538.0;True;13538.0;True;False
166.907000;154.844000;5381.0;5361.000000;22.506620;True;13549.0;True;13538.0;True;5341.0;True;13549.0;True;13549.0;True;False
167.047000;154.984000;5341.0;5351.000000;13.152126;True;13554.0;True;13549.0;True;5463.0;True;13554.0;True;13554.0;True;False
167.172000;155.109000;5463.0;5351.000000;8.768084;True;13561.0;True;13554.0;True;5402.0;True;13554.0;True;13554.0;True;False
167.297000;155.234000;5442.0;5361.000000;13.152126;True;13562.0;True;13554.0;True;5452.0;True;13561.0;True;13561.0;True;False
167.422000;155.359000;5452.0;5371.000000;13.060514;True;13562.0;True;13561.0;True;5442.0;True;13562.0;True;13562.0;True;False
167.547000;155.484000;5442.0;5381.000000;21.626298;True;13563.0;True;13562.0;True;5402.0;True;13563.0;True;13563.0;True;False
167.672000;155.609000;5402.0;5402.000000;30.909882;True;13571.0;True;13563.0;True;5493.0;True;13563.0;True;13563.0;True;False
167.813000;155.750000;5513.0;5442.000000;47.680412;True;13568.0;True;13563.0;True;5483.0;True;13571.0;True;13571.0;True;False
167.938000;155.875000;5483.0;5442.000000;47.354949;True;13568.0;True;13571.0;True;5513.0;True;13568.0;True;13568.0;True;False
168.063000;156.000000;5513.0;5452.000000;51.271186;True;13568.0;True;13568.0;True;5575.0;True;13568.0;True;13568.0;True;False
168.172000;156.109000;5575.0;5463.000000;51.716829;True;13559.0;True;13568.0;True;5493.0;True;13568.0;True;13568.0;True;False
168.313000;156.250000;5493.0;5483.000000;55.207026;True;13560.0;True;13568.0;True;5555.0;True;13559.0;True;13559.0;True;False
168.438000;156.375000;5555.0;5493.000000;59.019119;True;13560.0;True;13559.0;True;5606.0;True;13560.0;True;13560.0;True;False
168.563000;156.500000;5606.0;5513.000000;80.301129;True;13556.0;True;13560.0;True;5513.0;True;13556.0;True;13556.0;True;False
168.688000;156.625000;5513.0;5513.000000;67.754078;True;13550.0;True;13556.0;True;5545.0;True;13556.0;True;13556.0;True;False
168.813000;156.750000;5545.0;5513.000000;67.754078;True;13548.0;True;13556.0;True;5473.0;True;13550.0;True;13550.0;True;False
168.938000;156.875000;5473.0;5513.000000;67.754078;True;13548.0;True;13550.0;True;5503.0;True;13548.0;True;13548.0;True;False
169.063000;157.000000;5503.0;5513.000000;67.754078;True;13553.0;True;13548.0;True;5535.0;True;13553.0;True;13548.0;True;False
169.188000;157.125000;5432.0;5513.000000;63.571727;True;13565.0;True;13553.0;True;5483.0;True;13553.0;True;13553.0;True;False
169.313000;157.250000;5483.0;5503.000000;59.019119;True;13570.0;True;13553.0;True;5402.0;True;13565.0;True;13565.0;True;False
169.438000;157.375000;5402.0;5503.000000;63.571727;True;13570.0;True;13565.0;True;5392.0;True;13570.0;True;13570.0;True;False
169.563000;157.500000;5392.0;5483.000000;55.207026;True;13582.0;True;13570.0;True;5402.0;True;13570.0;True;13570.0;True;False
169.703000;157.640000;5442.0;5473.000000;46.550291;True;13604.0;True;13570.0;True;5493.0;True;13582.0;True;13582.0;True;False
169.813000;157.750000;5493.0;5473.000000;42.659975;True;13609.0;True;13582.0;True;5452.0;True;13604.0;True;13604.0;True;False
169.938000;157.875000;5452.0;5452.000000;29.694688;True;13609.0;True;13604.0;True;5545.0;True;13609.0;True;13609.0;True;False
170.078000;158.015000;5545.0;5452.000000;20.781380;True;13618.0;True;13609.0;True;5442.0;True;13609.0;True;13609.0;True;False
170.203000;158.140000;5473.0;5452.000000;4.184100;True;13628.0;True;13609.0;True;5535.0;True;13618.0;True;13618.0;True;False
170.328000;158.265000;5535.0;5473.000000;12.970711;True;13628.0;True;13618.0;True;5493.0;True;13628.0;True;13628.0;True;False
170.453000;158.390000;5493.0;5473.000000;8.786611;True;13632.0;True;13628.0;True;5503.0;True;13628.0;True;13628.0;True;False
170.578000;158.515000;5503.0;5493.000000;12.468828;True;13639.0;True;13628.0;True;5493.0;True;13632.0;True;13632.0;True;False
170.703000;158.640000;5667.0;5493.000000;4.184100;True;13639.0;True;13632.0;True;5555.0;True;13639.0;True;13639.0;True;False
170.828000;158.765000;5555.0;5503.000000;4.184100;True;13639.0;True;13639.0;True;5513.0;True;13639.0;True;13639.0;True;False
170.953000;158.890000;5513.0;5513.000000;0.000000;True;13643.0;True;13639.0;True;5525.0;True;13639.0;True;13639.0;True;False
171.078000;159.015000;5525.0;5525.000000;5.020921;True;13650.0;True;13639.0;True;5525.0;True;13650.0;True;13650.0;True;False
171.203000;159.140000;5525.0;5525.000000;5.020921;True;13656.0;True;13650.0;True;5442.0;True;13650.0;True;13650.0;True;False
171.328000;159.265000;5442.0;5525.000000;5.020921;True;13656.0;True;13650.0;True;5565.0;True;13656.0;True;13656.0;True;False
171.469000;159.406000;5565.0;5525.000000;4.987531;True;13673.0;True;13656.0;True;5585.0;True;13656.0;True;13656.0;True;False
171.594000;159.531000;5585.0;5525.000000;4.987531;True;13673.0;True;13656.0;True;5555.0;True;13673.0;True;13673.0;True;False
171.719000;159.656000;5555.0;5555.000000;21.612635;True;13681.0;True;13673.0;True;5585.0;True;13673.0;True;13673.0;True;False
171.844000;159.781000;5585.0;5555.000000;21.612635;True;13681.0;True;13673.0;True;5535.0;True;13681.0;True;13681.0;True;False
171.969000;159.906000;5535.0;5535.000000;21.612635;True;13692.0;True;13681.0;True;5677.0;True;13681.0;True;13681.0;True;False
172.094000;160.031000;5575.0;5555.000000;34.295274;True;13692.0;True;13681.0;True;5555.0;True;13692.0;True;13692.0;True;False
172.219000;160.156000;5555.0;5555.000000;34.081463;True;13704.0;True;13692.0;True;5525.0;True;13692.0;True;13692.0;True;False
172.344000;160.281000;5525.0;5555.000000;42.809643;True;13704.0;True;13692.0;True;5565.0;True;13704.0;True;13704.0;True;False
172.469000;160.406000;5565.0;5565.000000;47.260560;True;13720.0;True;13704.0;True;5555.0;True;13704.0;True;13704.0;True;False
172.578000;160.515000;5555.0;5555.000000;43.368421;True;13720.0;True;13704.0;True;5636.0;True;13720.0;True;13720.0;True;False
172.703000;160.640000;5636.0;5555.000000;34.526316;True;13729.0;True;13720.0;True;5575.0;True;13720.0;True;13720.0;True;False
172.828000;160.765000;5575.0;5565.000000;38.736842;True;13729.0;True;13720.0;True;5555.0;True;13729.0;True;13729.0;True;False
172.953000;160.890000;5555.0;5555.000000;26.105263;True;13745.0;True;13729.0;True;5738.0;True;13729.0;True;13729.0;True;False
173.078000;161.015000;5738.0;5565.000000;30.315789;True;13745.0;True;13729.0;True;5758.0;True;13745.0;True;13745.0;True;False
173.203000;161.140000;5758.0;5565.000000;26.105263;True;13733.0;True;13745.0;True;5748.0;True;13745.0;True;13745.0;True;False
173.328000;161.265000;5748.0;5575.000000;26.105263;True;13733.0;True;13745.0;True;5738.0;True;13733.0;True;13733.0;True;False
173.469000;161.406000;5738.0;5636.000000;46.424090;True;13724.0;True;13733.0;True;5778.0;True;13733.0;True;13733.0;True;False
173.594000;161.531000;5778.0;5738.000000;89.084065;True;13724.0;True;13733.0;True;5768.0;True;13724.0;True;13724.0;True;False
173.719000;161.656000;5585.0;5738.000000;89.084065;True;13712.0;True;13724.0;True;5585.0;True;13712.0;True;13724.0;True;False
173.828000;161.765000;5728.0;5738.000000;90.292497;True;13722.0;True;13712.0;True;5728.0;True;13722.0;True;13712.0;True;False
173.953000;161.890000;5728.0;5738.000000;90.292497;True;13722.0;True;13712.0;True;5717.0;True;13722.0;True;13722.0;True;False
174.063000;162.000000;5717.0;5738.000000;78.071672;True;13721.0;True;13722.0;True;5596.0;True;13722.0;True;13722.0;True;False
174.188000;162.125000;5596.0;5728.000000;73.805461;True;13731.0;True;13722.0;True;5738.0;True;13721.0;True;13721.0;True;False
174.313000;162.250000;5820.0;5728.000000;82.337884;True;13731.0;True;13721.0;True;5810.0;True;13731.0;True;13731.0;True;False
174.438000;162.375000;5810.0;5728.000000;73.805461;True;13724.0;True;13731.0;True;5810.0;True;13731.0;True;13731.0;True;False
174.563000;162.500000;5810.0;5728.000000;73.805461;True;13718.0;True;13731.0;True;5748.0;True;13724.0;True;13724.0;True;False
174.688000;162.625000;5748.0;5728.000000;73.805461;True;13717.0;True;13724.0;True;5820.0;True;13718.0;True;13718.0;True;False
174.813000;162.750000;5820.0;5748.000000;78.071672;True;13717.0;True;13718.0;True;5758.0;True;13717.0;True;13717.0;True;False
174.938000;162.875000;5758.0;5758.000000;86.016949;True;13712.0;True;13717.0;True;5800.0;True;13717.0;True;13717.0;True;False
175.063000;163.000000;5800.0;5800.000000;103.813559;True;13711.0;True;13717.0;True;5788.0;True;13712.0;True;13712.0;True;False
175.188000;163.125000;5788.0;5800.000000;99.576271;True;13707.0;True;13712.0;True;5840.0;True;13711.0;True;13711.0;True;False
175.313000;163.250000;5840.0;5810.000000;108.050847;True;13701.0;True;13711.0;True;5820.0;True;13707.0;True;13707.0;True;False
175.438000;163.375000;5820.0;5810.000000;103.813559;True;13701.0;True;13707.0;True;5840.0;True;13701.0;True;13701.0;True;False
175.563000;163.500000;5840.0;5810.000000;103.813559;True;13698.0;True;13701.0;True;5860.0;True;13698.0;True;13698.0;True;False
175.672000;163.609000;5860.0;5820.000000;104.522184;True;13688.0;True;13698.0;True;5850.0;True;13694.0;True;13694.0;True;False
175.797000;163.734000;5850.0;5820.000000;79.037801;True;13688.0;True;13694.0;True;5871.0;True;13688.0;True;13688.0;True;False
175.922000;163.859000;5871.0;5840.000000;43.814433;True;13684.0;True;13688.0;True;5810.0;True;13688.0;True;13688.0;True;False
176.047000;163.984000;5810.0;5840.000000;43.814433;True;13679.0;True;13688.0;True;5778.0;True;13679.0;True;13688.0;True;False
176.188000;164.125000;5860.0;5840.000000;43.220339;True;13676.0;True;13679.0;True;5871.0;True;13679.0;True;13679.0;True;False
176.313000;164.250000;5871.0;5850.000000;47.457627;True;13673.0;True;13679.0;True;5768.0;True;13676.0;True;13676.0;True;False
176.422000;164.359000;5768.0;5850.000000;47.477745;True;13673.0;True;13676.0;True;5891.0;True;13673.0;True;13673.0;True;False
176.547000;164.484000;5891.0;5860.000000;55.955914;True;13678.0;True;13673.0;True;5891.0;True;13673.0;True;13673.0;True;False
176.672000;164.609000;5891.0;5860.000000;55.955914;True;13673.0;True;13673.0;True;5901.0;True;13678.0;True;13678.0;True;False
176.797000;164.734000;5901.0;5871.000000;60.618906;True;13669.0;True;13678.0;True;5901.0;True;13673.0;True;13673.0;True;False
176.922000;164.859000;5901.0;5871.000000;60.618906;True;13669.0;True;13673.0;True;5871.0;True;13669.0;True;13669.0;True;False
177.047000;164.984000;5871.0;5871.000000;60.618906;True;13669.0;True;13669.0;True;5901.0;True;13669.0;True;13669.0;True;False
177.172000;165.109000;5901.0;5891.000000;60.618906;True;13667.0;True;13669.0;True;5830.0;True;13667.0;True;13667.0;True;False
177.297000;165.234000;5871.0;5891.000000;56.379822;True;13663.0;True;13667.0;True;5921.0;True;13667.0;True;13667.0;True;False
177.422000;165.359000;5921.0;5891.000000;38.575668;True;13663.0;True;13667.0;True;5860.0;True;13663.0;True;13663.0;True;False
177.547000;165.484000;5860.0;5891.000000;38.575668;True;13659.0;True;13663.0;True;5921.0;True;13663.0;True;13663.0;True;False
177.672000;165.609000;5921.0;5901.000000;38.575668;True;13659.0;True;13663.0;True;5921.0;True;13659.0;True;13659.0;True;False
177.797000;165.734000;5921.0;5901.000000;38.575668;True;13656.0;True;13659.0;True;5911.0;True;13659.0;True;13659.0;True;False
177.922000;165.859000;5911.0;5901.000000;38.575668;True;13656.0;True;13659.0;True;5911.0;True;13656.0;True;13656.0;True;False
178.047000;165.984000;5911.0;5911.000000;38.315789;True;13654.0;True;13656.0;True;5860.0;True;13656.0;True;13656.0;True;False
178.157000;166.094000;5860.0;5911.000000;38.559322;True;13654.0;True;13656.0;True;5830.0;True;13654.0;True;13654.0;True;False
178.282000;166.219000;5830.0;5911.000000;30.084746;True;13657.0;True;13654.0;True;5921.0;True;13657.0;True;13657.0;True;False
178.422000;166.359000;5871.0;5911.000000;29.894737;True;13660.0;True;13657.0;True;5871.0;True;13660.0;True;13657.0;True;False
178.532000;166.469000;5871.0;5871.000000;13.225256;True;13663.0;True;13657.0;True;5952.0;True;13660.0;True;13660.0;True;False
178.641000;166.578000;5952.0;5911.000000;26.202749;True;13663.0;True;13660.0;True;5982.0;True;13663.0;True;13663.0;True;False
178.766000;166.703000;5982.0;5911.000000;26.023891;True;13660.0;True;13663.0;True;5901.0;True;13663.0;True;13663.0;True;False
178.891000;166.828000;6023.0;5911.000000;21.757679;True;13657.0;True;13660.0;True;6033.0;True;13657.0;True;13660.0;True;False
179.016000;166.953000;6023.0;5911.000000;21.757679;True;13657.0;True;13657.0;True;6023.0;True;13657.0;True;13657.0;True;False
179.125000;167.062000;6023.0;5952.000000;34.793814;True;13650.0;True;13657.0;True;6043.0;True;13657.0;True;13657.0;True;False
179.250000;167.187000;6043.0;5982.000000;47.680412;True;13650.0;True;13657.0;True;6043.0;True;13650.0;True;13650.0;True;False
179.360000;167.297000;6043.0;6023.000000;65.715521;True;13641.0;True;13650.0;True;6033.0;True;13650.0;True;13650.0;True;False
179.485000;167.422000;6033.0;6023.000000;57.068742;True;13634.0;True;13650.0;True;6075.0;True;13641.0;True;13641.0;True;False
179.610000;167.547000;6075.0;6023.000000;57.068742;True;13634.0;True;13641.0;True;6166.0;True;13634.0;True;13634.0;True;False
179.735000;167.672000;6166.0;6033.000000;61.392131;True;13624.0;True;13634.0;True;6156.0;True;13624.0;True;13624.0;True;False
179.860000;167.797000;6156.0;6043.000000;65.715521;True;13608.0;True;13624.0;True;6085.0;True;13624.0;True;13624.0;True;False
179.985000;167.922000;6085.0;6043.000000;61.392131;True;13584.0;True;13624.0;True;6115.0;True;13608.0;True;13608.0;True;False
180.110000;168.047000;6115.0;6075.000000;75.226978;True;13584.0;True;13608.0;True;6125.0;True;13584.0;True;13584.0;True;False
180.219000;168.156000;6125.0;6085.000000;80.104484;True;13584.0;True;13584.0;True;6085.0;True;13584.0;True;13584.0;True;False
180.360000;168.297000;6085.0;6085.000000;75.226978;True;13564.0;True;13584.0;True;6166.0;True;13574.0;True;13574.0;True;False
180.485000;168.422000;6166.0;6115.000000;87.628866;True;13544.0;True;13574.0;True;6125.0;True;13564.0;True;13564.0;True;False
180.610000;168.547000;6125.0;6125.000000;91.924399;True;13544.0;True;13564.0;True;6166.0;True;13544.0;True;13544.0;True;False
180.735000;168.672000;6166.0;6125.000000;92.520536;True;13536.0;True;13544.0;True;6227.0;True;13536.0;True;13536.0;True;False
180.860000;168.797000;6227.0;6125.000000;109.106529;True;13509.0;True;13536.0;True;6125.0;True;13536.0;True;13536.0;True;False
180.969000;168.906000;6267.0;6125.000000;91.924399;True;13509.0;True;13536.0;True;6267.0;True;13509.0;True;13536.0;True;False
181.078000;169.015000;6247.0;6166.000000;110.294118;True;13491.0;True;13509.0;True;6237.0;True;13491.0;True;13491.0;True;False
181.188000;169.125000;6237.0;6166.000000;111.014367;True;13476.0;True;13491.0;True;6267.0;True;13476.0;True;13476.0;True;False
181.313000;169.250000;6146.0;6166.000000;111.014367;True;13462.0;True;13476.0;True;6146.0;True;13476.0;True;13476.0;True;False
181.422000;169.359000;6146.0;6166.000000;93.164998;True;13456.0;True;13476.0;True;6247.0;True;13476.0;True;13476.0;True;False
181.547000;169.484000;6247.0;6227.000000;106.660862;True;13456.0;True;13476.0;True;6186.0;True;13456.0;True;13456.0;True;False
181.672000;169.609000;6186.0;6227.000000;88.235294;True;13434.0;True;13456.0;True;6125.0;True;13456.0;True;13456.0;True;False
181.797000;169.734000;6176.0;6227.000000;88.235294;True;13434.0;True;13456.0;True;6156.0;True;13434.0;True;13434.0;True;False
181.922000;169.859000;6156.0;6186.000000;70.501730;True;13428.0;True;13434.0;True;6227.0;True;13434.0;True;13434.0;True;False
182.047000;169.984000;6227.0;6186.000000;66.176471;True;13423.0;True;13434.0;True;6176.0;True;13428.0;True;13428.0;True;False
182.172000;170.109000;6176.0;6176.000000;57.525952;True;13409.0;True;13428.0;True;6105.0;True;13423.0;True;13423.0;True;False
182.313000;170.250000;6105.0;6176.000000;57.130584;True;13409.0;True;13423.0;True;6247.0;True;13409.0;True;13409.0;True;False
182.438000;170.375000;6247.0;6176.000000;43.384880;True;13410.0;True;13409.0;True;6247.0;True;13409.0;True;13409.0;True;False
182.563000;170.500000;6247.0;6186.000000;43.088737;True;13401.0;True;13409.0;True;6156.0;True;13410.0;True;13410.0;True;False
182.672000;170.609000;6156.0;6176.000000;39.359862;True;13399.0;True;13410.0;True;6085.0;True;13401.0;True;13401.0;True;False
182.797000;170.734000;6085.0;6176.000000;26.384083;True;13399.0;True;13401.0;True;6176.0;True;13399.0;True;13399.0;True;False
182.938000;170.875000;6176.0;6176.000000;21.907216;True;13404.0;True;13399.0;True;6227.0;True;13404.0;True;13404.0;True;False
183.063000;171.000000;6227.0;6176.000000;21.907216;True;13401.0;True;13404.0;True;6095.0;True;13404.0;True;13404.0;True;False
183.188000;171.125000;6095.0;6176.000000;21.907216;True;13400.0;True;13404.0;True;6125.0;True;13401.0;True;13401.0;True;False
183.313000;171.250000;6217.0;6176.000000;21.757679;True;13400.0;True;13401.0;True;6135.0;True;13400.0;True;13400.0;True;False
183.438000;171.375000;6135.0;6176.000000;4.237288;True;13396.0;True;13400.0;True;6186.0;True;13396.0;True;13396.0;True;False
183.563000;171.500000;6186.0;6176.000000;4.210526;True;13399.0;True;13396.0;True;6125.0;True;13396.0;True;13396.0;True;False
183.688000;171.625000;6115.0;6156.000000;0.000000;True;13403.0;True;13396.0;True;6156.0;True;13399.0;True;13399.0;True;False
183.813000;171.750000;6156.0;6156.000000;0.000000;True;13403.0;True;13399.0;True;6105.0;True;13403.0;True;13403.0;True;False
183.938000;171.875000;6105.0;6156.000000;0.000000;True;13405.0;True;13403.0;True;6166.0;True;13403.0;True;13403.0;True;False
184.063000;172.000000;6166.0;6156.000000;0.000000;True;13414.0;True;13403.0;True;6115.0;True;13405.0;True;13405.0;True;False
184.188000;172.125000;6115.0;6135.000000;0.000000;True;13420.0;True;13405.0;True;6186.0;True;13414.0;True;13414.0;True;False
184.313000;172.250000;6186.0;6156.000000;0.000000;True;13420.0;True;13414.0;True;6125.0;True;13420.0;True;13420.0;True;False
184.453000;172.390000;6125.0;6135.000000;0.000000;True;13421.0;True;13420.0;True;6176.0;True;13420.0;True;13420.0;True;False
184.563000;172.500000;6176.0;6156.000000;0.000000;True;13430.0;True;13420.0;True;6176.0;True;13421.0;True;13421.0;True;False
184.688000;172.625000;6176.0;6156.000000;0.000000;True;13430.0;True;13421.0;True;6166.0;True;13430.0;True;13430.0;True;False
184.813000;172.750000;6166.0;6166.000000;0.000000;True;13430.0;True;13430.0;True;6207.0;True;13430.0;True;13430.0;True;False
184.938000;172.875000;6207.0;6166.000000;0.000000;True;13434.0;True;13430.0;True;6115.0;True;13434.0;True;13434.0;True;False
185.078000;173.015000;6115.0;6166.000000;0.000000;True;13435.0;True;13434.0;True;6146.0;True;13434.0;True;13434.0;True;False
185.203000;173.140000;6176.0;6176.000000;0.000000;True;13448.0;True;13434.0;True;6135.0;True;13435.0;True;13435.0;True;False
185.328000;173.265000;6135.0;6176.000000;0.000000;True;13448.0;True;13435.0;True;6125.0;True;13448.0;True;13448.0;True;False
185.453000;173.390000;6125.0;6166.000000;0.000000;True;13456.0;True;13448.0;True;6176.0;True;13456.0;True;13456.0;True;False
185.578000;173.515000;6176.0;6176.000000;0.000000;True;13470.0;True;13456.0;True;6135.0;True;13456.0;True;13456.0;True;False
185.688000;173.625000;6146.0;6166.000000;0.000000;True;13477.0;True;13456.0;True;6196.0;True;13470.0;True;13470.0;True;False
185.797000;173.734000;6196.0;6166.000000;0.000000;True;13477.0;True;13470.0;True;6156.0;True;13477.0;True;13477.0;True;False
185.922000;173.859000;6156.0;6156.000000;0.000000;True;13481.0;True;13477.0;True;6176.0;True;13481.0;True;13481.0;True;False
186.047000;173.984000;6176.0;6156.000000;0.000000;True;13495.0;True;13481.0;True;6186.0;True;13481.0;True;13481.0;True;False
186.172000;174.109000;6135.0;6156.000000;0.000000;True;13495.0;True;13481.0;True;6156.0;True;13495.0;True;13495.0;True;False
186.282000;174.219000;6156.0;6156.000000;0.000000;True;13505.0;True;13495.0;True;6156.0;True;13505.0;True;13505.0;True;False
186.391000;174.328000;6156.0;6156.000000;0.000000;True;13513.0;True;13505.0;True;6146.0;True;13513.0;True;13505.0;True;False
186.500000;174.437000;6156.0;6156.000000;9.083045;True;13513.0;True;13505.0;True;6186.0;True;13513.0;True;13513.0;True;False
186.641000;174.578000;6186.0;6156.000000;0.000000;True;13513.0;True;13513.0;True;6146.0;True;13513.0;True;13513.0;True;False
186.750000;174.687000;6146.0;6156.000000;9.142360;True;13520.0;True;13513.0;True;6135.0;True;13513.0;True;13513.0;True;False
186.875000;174.812000;6135.0;6156.000000;0.000000;True;13540.0;True;13513.0;True;6186.0;True;13520.0;True;13520.0;True;False
187.000000;174.937000;6186.0;6156.000000;0.000000;True;13547.0;True;13520.0;True;6115.0;True;13540.0;True;13540.0;True;False
187.125000;175.062000;6115.0;6156.000000;0.000000;True;13547.0;True;13540.0;True;6166.0;True;13547.0;True;13547.0;True;False
187.266000;175.203000;6166.0;6156.000000;0.000000;True;13560.0;True;13547.0;True;6207.0;True;13547.0;True;13547.0;True;False
187.391000;175.328000;6207.0;6156.000000;0.000000;True;13575.0;True;13547.0;True;6146.0;True;13560.0;True;13560.0;True;False
187.516000;175.453000;6146.0;6156.000000;0.000000;True;13587.0;True;13560.0;True;6166.0;True;13575.0;True;13575.0;True;False
187.641000;175.578000;6166.0;6166.000000;0.000000;True;13587.0;True;13575.0;True;6156.0;True;13587.0;True;13587.0;True;False
187.766000;175.703000;6156.0;6156.000000;0.000000;True;13597.0;True;13587.0;True;6156.0;True;13587.0;True;13587.0;True;False
187.907000;175.844000;6156.0;6156.000000;0.000000;True;13607.0;True;13587.0;True;6135.0;True;13597.0;True;13597.0;True;False
188.032000;175.969000;6135.0;6156.000000;0.000000;True;13607.0;True;13597.0;True;6186.0;True;13607.0;True;13607.0;True;False
188.157000;176.094000;6186.0;6156.000000;0.000000;True;13629.0;True;13607.0;True;6156.0;True;13607.0;True;13607.0;True;False
188.282000;176.219000;6156.0;6156.000000;0.000000;True;13629.0;True;13607.0;True;6186.0;True;13629.0;True;13629.0;True;False
188.407000;176.344000;6186.0;6156.000000;0.000000;True;13650.0;True;13629.0;True;6095.0;True;13629.0;True;13629.0;True;False
188.532000;176.469000;6095.0;6156.000000;0.000000;True;13650.0;True;13629.0;True;6115.0;True;13650.0;True;13650.0;True;False
188.641000;176.578000;6115.0;6156.000000;0.000000;True;13667.0;True;13650.0;True;6125.0;True;13650.0;True;13650.0;True;False
188.750000;176.687000;6125.0;6156.000000;0.000000;True;13682.0;True;13650.0;True;6075.0;True;13682.0;True;13650.0;True;False
188.860000;176.797000;6156.0;6156.000000;0.000000;True;13697.0;True;13682.0;True;6156.0;True;13697.0;True;13682.0;True;False
188.969000;176.906000;6156.0;6156.000000;0.000000;True;13697.0;True;13697.0;True;6125.0;True;13697.0;True;13697.0;True;False
189.078000;177.015000;6125.0;6156.000000;0.000000;True;13709.0;True;13697.0;True;6217.0;True;13697.0;True;13697.0;True;False
189.188000;177.125000;6217.0;6156.000000;0.000000;True;13732.0;True;13697.0;True;6196.0;True;13709.0;True;13709.0;True;False
189.297000;177.234000;6196.0;6156.000000;0.000000;True;13732.0;True;13709.0;True;6318.0;True;13732.0;True;13732.0;True;False
189.422000;177.359000;6318.0;6156.000000;0.000000;True;13732.0;True;13732.0;True;6166.0;True;13732.0;True;13732.0;True;False
189.532000;177.469000;6207.0;6156.000000;0.000000;True;13752.0;True;13732.0;True;6207.0;True;13742.0;True;13732.0;True;False
189.641000;177.578000;6207.0;6196.000000;17.777778;True;13752.0;True;13732.0;True;6360.0;True;13742.0;True;13742.0;True;False
189.750000;177.687000;6360.0;6207.000000;22.829006;True;13752.0;True;13742.0;True;6186.0;True;13752.0;True;13752.0;True;False
189.875000;177.812000;6186.0;6207.000000;18.352731;True;13761.0;True;13752.0;True;6227.0;True;13752.0;True;13752.0;True;False
190.016000;177.953000;6237.0;6207.000000;22.666667;True;13769.0;True;13752.0;True;6227.0;True;13761.0;True;13761.0;True;False
190.141000;178.078000;6227.0;6217.000000;27.305282;True;13769.0;True;13761.0;True;6247.0;True;13769.0;True;13769.0;True;False
190.266000;178.203000;6247.0;6227.000000;31.781558;True;13778.0;True;13769.0;True;6237.0;True;13769.0;True;13769.0;True;False
190.391000;178.328000;6237.0;6237.000000;36.257833;True;13795.0;True;13769.0;True;6257.0;True;13778.0;True;13778.0;True;False
190.516000;178.453000;6257.0;6237.000000;36.257833;True;13802.0;True;13778.0;True;6308.0;True;13795.0;True;13795.0;True;False
190.657000;178.594000;6308.0;6237.000000;36.000000;True;13802.0;True;13795.0;True;6166.0;True;13802.0;True;13802.0;True;False
190.782000;178.719000;6166.0;6237.000000;36.000000;True;13806.0;True;13802.0;True;6350.0;True;13802.0;True;13802.0;True;False
190.907000;178.844000;6350.0;6237.000000;35.745808;True;13822.0;True;13802.0;True;6227.0;True;13806.0;True;13806.0;True;False
191.032000;178.969000;6227.0;6237.000000;35.495180;True;13822.0;True;13806.0;True;6370.0;True;13822.0;True;13822.0;True;False
191.157000;179.094000;6370.0;6247.000000;39.616892;True;13833.0;True;13822.0;True;6227.0;True;13822.0;True;13822.0;True;False
191.282000;179.219000;6227.0;6247.000000;39.342845;True;13833.0;True;13822.0;True;6227.0;True;13833.0;True;13833.0;True;False
191.407000;179.344000;6227.0;6237.000000;34.778875;True;13845.0;True;13833.0;True;6257.0;True;13833.0;True;13833.0;True;False
191.547000;179.484000;6257.0;6257.000000;42.814752;True;13845.0;True;13833.0;True;6166.0;True;13845.0;True;13845.0;True;False
191.672000;179.609000;6166.0;6227.000000;29.894737;True;13871.0;True;13845.0;True;6257.0;True;13845.0;True;13845.0;True;False
191.797000;179.734000;6318.0;6227.000000;29.894737;True;13871.0;True;13845.0;True;6227.0;True;13871.0;True;13871.0;True;False
191.922000;179.859000;6227.0;6227.000000;29.707113;True;13876.0;True;13871.0;True;6267.0;True;13876.0;True;13876.0;True;False
192.032000;179.969000;6267.0;6227.000000;12.965286;True;13889.0;True;13876.0;True;6441.0;True;13876.0;True;13876.0;True;False
